{
  "groups_joined_v2": [
    {
      "type_INTERNAL": "",
      "timestamp": 1308391251,
      "data": [
        {
          "name": "Digital Nomads"
        }
      ],
      "title": "You became a member of Digital Nomads."
    },
    {
      "type_INTERNAL": "",
      "timestamp": 1309176884,
      "data": [
        {
          "name": "AI Enthusiasts"
        }
      ],
      "title": "You became a member of AI Enthusiasts."
    },
    {
      "type_INTERNAL": "",
      "timestamp": 1309511128,
      "data": [
        {
          "name": "Classic Literature"
        }
      ],
      "title": "You became a member of Classic Literature."
    },
    {
      "type_INTERNAL": "",
      "timestamp": 1312083919,
      "data": [
        {
          "name": "Outdoor Adventures"
        }
      ],
      "title": "You became a member of Outdoor Adventures."
    },
    {
      "type_INTERNAL": "",
      "timestamp": 1312452993,
      "data": [
        {
          "name": "Home Chefs"
        }
      ],
      "title": "You became a member of Home Chefs."
    },
    {
      "type_INTERNAL": "",
      "timestamp": 1313058583,
      "data": [
        {
          "name": "Cycling Enthusiasts"
        }
      ],
      "title": "You became a member of Cycling Enthusiasts."
    },
    {
      "type_INTERNAL": "",
      "timestamp": 1315585970,
      "data": [
        {
          "name": "Sci-Fi Readers"
        }
      ],
      "title": "You became a member of Sci-Fi Readers."
    },
    {
      "type_INTERNAL": "",
      "timestamp": 1317187022,
      "data": [
        {
          "name": "Music Fans"
        }
      ],
      "title": "You became a member of Music Fans."
    },
    {
      "type_INTERNAL": "",
      "timestamp": 1319389539,
      "data": [
        {
          "name": "Fitness Freaks"
        }
      ],
      "title": "You became a member of Fitness Freaks."
    },
    {
      "type_INTERNAL": "",
      "timestamp": 1325763578,
      "data": [
        {
          "name": "World Travellers"
        }
      ],
      "title": "You became a member of World Travellers."
    },
    {
      "type_INTERNAL": "",
      "timestamp": 1346431112,
      "data": [
        {
          "name": "Cultural Exchange"
        }
      ],
      "title": "You became a member of Cultural Exchange."
    },
    {
      "type_INTERNAL": "",
      "timestamp": 1351498424,
      "data": [
        {
          "name": "Photography Club"
        }
      ],
      "title": "You became a member of Photography Club."
    },
    {
      "type_INTERNAL": "",
      "timestamp": 1354811602,
      "data": [
        {
          "name": "Startup Founders"
        }
      ],
      "title": "You became a member of Startup Founders."
    },
    {
      "type_INTERNAL": "",
      "timestamp": 1387733137,
      "data": [
        {
          "name": "Movie Buffs"
        }
      ],
      "title": "You became a member of Movie Buffs."
    },
    {
      "type_INTERNAL": "",
      "timestamp": 1393266555,
      "data": [
        {
          "name": "Vegetarian Society"
        }
      ],
      "title": "You became a member of Vegetarian Society."
    },
    {
      "type_INTERNAL": "",
      "timestamp": 1406725023,
      "data": [
        {
          "name": "Yoga Practitioners"
        }
      ],
      "title": "You became a member of Yoga Practitioners."
    },
    {
      "type_INTERNAL": "",
      "timestamp": 1428060167,
      "data": [
        {
          "name": "Public Speaking"
        }
      ],
      "title": "You became a member of Public Speaking."
    },
    {
      "type_INTERNAL": "",
      "timestamp": 1456759054,
      "data": [
        {
          "name": "Book Swap Club"
        }
      ],
      "title": "You became a member of Book Swap Club."
    },
    {
      "type_INTERNAL": "",
      "timestamp": 1461519067,
      "data": [
        {
          "name": "Game Night"
        }
      ],
      "title": "You became a member of Game Night."
    },
    {
      "type_INTERNAL": "",
      "timestamp": 1487125524,
      "data": [
        {
          "name": "Garden Lovers"
        }
      ],
      "title": "You became a member of Garden Lovers."
    },
    {
      "type_INTERNAL": "",
      "timestamp": 1508302591,
      "data": [
        {
          "name": "Art Enthusiasts"
        }
      ],
      "title": "You became a member of Art Enthusiasts."
    },
    {
      "type_INTERNAL": "",
      "timestamp": 1521964597,
      "data": [
        {
          "name": "Hiking Adventures"
        }
      ],
      "title": "You became a member of Hiking Adventures."
    },
    {
      "type_INTERNAL": "",
      "timestamp": 1629316215,
      "data": [
        {
          "name": "Tea Tasting Club"
        }
      ],
      "title": "You became a member of Tea Tasting Club."
    },
    {
      "type_INTERNAL": "",
      "timestamp": 1629815118,
      "data": [
        {
          "name": "Homemade Bread Bakers"
        }
      ],
      "title": "You became a member of Homemade Bread Bakers."
    },
    {
      "type_INTERNAL": "",
      "timestamp": 1643878229,
      "data": [
        {
          "name": "Wine Appreciation"
        }
      ],
      "title": "You became a member of Wine Appreciation."
    }
  ]
}