{
  "checkout_saved_recently_viewed_products": [
    {
      "string_map_data": {
        "Product Name": {
          "value": "Tulip Toss Iphone 14 Pro Max Case, Black"
        },
        "Merchant Name": {
          "value": "katespadeny"
        }
      }
    },
    {
      "string_map_data": {
        "Product Name": {
          "value": "Evelyn Quilted Small Shoulder Crossbody, Ivory"
        },
        "Merchant Name": {
          "value": "katespadeny"
        }
      }
    },
    {
      "string_map_data": {
        "Product Name": {
          "value": "T-shirt"
        },
        "Merchant Name": {
          "value": "nike"
        }
      }
    },
    {
      "string_map_data": {
        "Product Name": {
          "value": "Samba Shoes"
        },
        "Merchant Name": {
          "value": "puma"
        }
      }
    },
    {
      "string_map_data": {
        "Product Name": {
          "value": "Rose"
        },
        "Merchant Name": {
          "value": "Adidas"
        }
      }
    },
    {
      "string_map_data": {
        "Product Name": {
          "value": "Head"
        },
        "Merchant Name": {
          "value": "Sézane"
        }
      }
    },
    {
      "string_map_data": {
        "Product Name": {
          "value": "Cashmere"
        },
        "Merchant Name": {
          "value": "Uniqlo"
        }
      }
    },
    {
      "string_map_data": {
        "Product Name": {
          "value": "Crossbody, Lila"
        },
        "Merchant Name": {
          "value": "coach"
        }
      }
    },
    {
      "string_map_data": {
        "Product Name": {
          "value": "La Dolce Vita : Juttis"
        },
        "Merchant Name": {
          "value": "fizzygoblet"
        }
      }
    }
  ]
}