{
  "checkout_saved_products": [
    {
      "string_map_data": {
        "Product Name": {
          "value": "Susan Cropped Sequin Jacket"
        },
        "Merchant Name": {
          "value": "shopmorninglavender"
        }
      }
    },
    {
      "string_map_data": {
        "Product Name": {
          "value": "Gelato on My Mind | Nail Lacquer"
        },
        "Merchant Name": {
          "value": "opi"
        }
      }
    },
    {
      "string_map_data": {
        "Product Name": {
          "value": "Do You Take Lei Away | Nail Lacquer"
        },
        "Merchant Name": {
          "value": "opi"
        }
      }
    },
    {
      "string_map_data": {
        "Product Name": {
          "value": "Shirt"
        },
        "Merchant Name": {
          "value": "sézane"
        }
      }
    },
    {
      "string_map_data": {
        "Product Name": {
          "value": "T-shirt"
        },
        "Merchant Name": {
          "value": "puma"
        }
      }
    },
    {
      "string_map_data": {
        "Product Name": {
          "value": "Nike air"
        },
        "Merchant Name": {
          "value": "nike"
        }
      }
    },
    {
      "string_map_data": {
        "Product Name": {
          "value": "Cropped top"
        },
        "Merchant Name": {
          "value": "h&m"
        }
      }
    },
    {
      "string_map_data": {
        "Product Name": {
          "value": "Gelato Lila"
        },
        "Merchant Name": {
          "value": "gel"
        }
      }
    },
    {
      "string_map_data": {
        "Product Name": {
          "value": "Nail Lacquer"
        },
        "Merchant Name": {
          "value": "mac"
        }
      }
    },
    {
      "string_map_data": {
        "Product Name": {
          "value": "Tank top"
        },
        "Merchant Name": {
          "value": "c&a"
        }
      }
    },
    {
      "string_map_data": {
        "Product Name": {
          "value": "Jeans"
        },
        "Merchant Name": {
          "value": "levis"
        }
      }
    },
    {
      "string_map_data": {
        "Product Name": {
          "value": "Lacquer"
        },
        "Merchant Name": {
          "value": "opi"
        }
      }
    }
  ]
}