{
  "installed_apps_v2": [
    {
      "name": "redacted",
      "added_timestamp": 0,
      "user_app_scoped_id": "1111111111111111",
      "category": "removed",
      "removed_timestamp": 0
    },
    {
      "name": "redacted",
      "added_timestamp": 0,
      "user_app_scoped_id": "1111111111111111",
      "category": "removed",
      "removed_timestamp": 0
    },
    {
      "name": "redacted",
      "added_timestamp": 0,
      "user_app_scoped_id": "1111111111111111",
      "category": "removed",
      "removed_timestamp": 1454323485
    },
    {
      "name": "redacted",
      "added_timestamp": 0,
      "user_app_scoped_id": "1111111111111111",
      "category": "removed",
      "removed_timestamp": 1513702558
    },
    {
      "name": "redacted",
      "added_timestamp": 0,
      "user_app_scoped_id": "1111111111111111",
      "category": "removed",
      "removed_timestamp": 1513702561
    },
    {
      "name": "redacted",
      "added_timestamp": 0,
      "user_app_scoped_id": "1111111111111111",
      "category": "removed",
      "removed_timestamp": 1513702564
    },
    {
      "name": "redacted",
      "added_timestamp": 0,
      "user_app_scoped_id": "1111111111111111",
      "category": "removed",
      "removed_timestamp": 1513702567
    },
    {
      "name": "redacted",
      "added_timestamp": 1379660838,
      "user_app_scoped_id": "1111111111111111",
      "category": "inactive",
      "removed_timestamp": 0
    },
    {
      "name": "redacted",
      "added_timestamp": 1381556068,
      "user_app_scoped_id": "1111111111111111",
      "category": "inactive",
      "removed_timestamp": 0
    },
    {
      "name": "",
      "added_timestamp": 1381994524,
      "user_app_scoped_id": "1111111111111111",
      "category": "inactive",
      "removed_timestamp": 0
    },
    {
      "name": "redacted",
      "added_timestamp": 1383041962,
      "user_app_scoped_id": "1111111111111111",
      "category": "inactive",
      "removed_timestamp": 0
    },
    {
      "name": "redacted",
      "added_timestamp": 1383325831,
      "user_app_scoped_id": "1111111111111111",
      "category": "inactive",
      "removed_timestamp": 0
    },
    {
      "name": "redacted",
      "added_timestamp": 1383333463,
      "user_app_scoped_id": "1111111111111111",
      "category": "inactive",
      "removed_timestamp": 0
    },
    {
      "name": "redacted",
      "added_timestamp": 1391134147,
      "user_app_scoped_id": "1111111111111111",
      "category": "inactive",
      "removed_timestamp": 0
    },
    {
      "name": "redacted",
      "added_timestamp": 1509893877,
      "user_app_scoped_id": "1111111111111111",
      "category": "active",
      "removed_timestamp": 0
    },
    {
      "name": "redacted",
      "added_timestamp": 1524301935,
      "user_app_scoped_id": "1111111111111111",
      "category": "active",
      "removed_timestamp": 0
    },
    {
      "name": "redacted",
      "added_timestamp": 1539185335,
      "user_app_scoped_id": "1111111111111111",
      "category": "inactive",
      "removed_timestamp": 0
    },
    {
      "name": "redacted",
      "added_timestamp": 1549821290,
      "user_app_scoped_id": "1111111111111111",
      "category": "inactive",
      "removed_timestamp": 0
    },
    {
      "name": "redacted",
      "added_timestamp": 1549822241,
      "user_app_scoped_id": "1111111111111111",
      "category": "inactive",
      "removed_timestamp": 0
    },
    {
      "name": "redacted",
      "added_timestamp": 1578431281,
      "user_app_scoped_id": "1111111111111111",
      "category": "inactive",
      "removed_timestamp": 0
    },
    {
      "name": "redacted",
      "added_timestamp": 1579193724,
      "user_app_scoped_id": "1111111111111111",
      "category": "inactive",
      "removed_timestamp": 0
    },
    {
      "name": "redacted",
      "added_timestamp": 1583609300,
      "user_app_scoped_id": "1111111111111111",
      "category": "inactive",
      "removed_timestamp": 0
    },
    {
      "name": "redacted",
      "added_timestamp": 1585256514,
      "user_app_scoped_id": "1111111111111111",
      "category": "active",
      "removed_timestamp": 0
    },
    {
      "name": "redacted",
      "added_timestamp": 1586010477,
      "user_app_scoped_id": "1111111111111111",
      "category": "inactive",
      "removed_timestamp": 0
    },
    {
      "name": "redacted",
      "added_timestamp": 1587787547,
      "user_app_scoped_id": "1111111111111111",
      "category": "inactive",
      "removed_timestamp": 0
    },
    {
      "name": "redacted",
      "added_timestamp": 1589119775,
      "user_app_scoped_id": "1111111111111111",
      "category": "inactive",
      "removed_timestamp": 0
    },
    {
      "name": "redacted",
      "added_timestamp": 1658341762,
      "user_app_scoped_id": "1111111111111111",
      "category": "inactive",
      "removed_timestamp": 0
    }
  ]
}
