{
  "off_facebook_activity_v2": [
    {
      "name": "redacted",
      "events": [
        {
          "id": 111111111111111,
          "type": "PURCHASE",
          "timestamp": 1698272460
        },
        {
          "id": 111111111111111,
          "type": "PURCHASE",
          "timestamp": 1695404160
        },
        {
          "id": 111111111111111,
          "type": "PURCHASE",
          "timestamp": 1668011640
        },
        {
          "id": 111111111111111,
          "type": "PURCHASE",
          "timestamp": 1667838720
        },
        {
          "id": 111111111111111,
          "type": "PURCHASE",
          "timestamp": 1667058000
        },
        {
          "id": 111111111111111,
          "type": "PURCHASE",
          "timestamp": 1666885500
        },
        {
          "id": 111111111111111,
          "type": "PURCHASE",
          "timestamp": 1666626120
        },
        {
          "id": 111111111111111,
          "type": "PURCHASE",
          "timestamp": 1666280580
        },
        {
          "id": 111111111111111,
          "type": "PURCHASE",
          "timestamp": 1665849060
        },
        {
          "id": 111111111111111,
          "type": "PURCHASE",
          "timestamp": 1665588360
        },
        {
          "id": 111111111111111,
          "type": "PURCHASE",
          "timestamp": 1663176180
        },
        {
          "id": 111111111111111,
          "type": "PURCHASE",
          "timestamp": 1662220800
        },
        {
          "id": 111111111111111,
          "type": "PURCHASE",
          "timestamp": 1661701320
        },
        {
          "id": 111111111111111,
          "type": "PURCHASE",
          "timestamp": 1661441820
        },
        {
          "id": 111111111111111,
          "type": "PURCHASE",
          "timestamp": 1660664760
        },
        {
          "id": 111111111111111,
          "type": "PURCHASE",
          "timestamp": 1660492080
        },
        {
          "id": 111111111111111,
          "type": "PURCHASE",
          "timestamp": 1660232700
        },
        {
          "id": 111111111111111,
          "type": "PURCHASE",
          "timestamp": 1651506300
        },
        {
          "id": 111111111111111,
          "type": "PURCHASE",
          "timestamp": 1651246860
        }
      ]
    },
    {
      "name": "redacted",
      "events": [
        {
          "id": 111111111111111,
          "type": "PAGE_VIEW",
          "timestamp": 1683822120
        }
      ]
    },
    {
      "name": "redacted",
      "events": [
        {
          "id": 111111111111111,
          "type": "PAGE_VIEW",
          "timestamp": 1674663420
        },
        {
          "id": 111111111111111,
          "type": "PAGE_VIEW",
          "timestamp": 1674144060
        }
      ]
    },
    {
      "name": "redacted",
      "events": [
        {
          "id": 111111111111111,
          "type": "PURCHASE",
          "timestamp": 1654582020
        }
      ]
    },
    {
      "name": "redacted",
      "events": [
        {
          "id": 111111111111111,
          "type": "CUSTOM",
          "timestamp": 1651742760
        }
      ]
    }
  ]
}
