{
  "events_hidden_v2": [
    {
      "timestamp": 1345928400,
      "data": [
        
      ],
      "title": "redacted"
    },
    {
      "timestamp": 1345852800,
      "data": [
        
      ],
      "title": "redacted"
    },
    {
      "timestamp": 1345825800,
      "data": [
        
      ],
      "title": "redacted"
    },
    {
      "timestamp": 1345708800,
      "data": [
        
      ],
      "title": "redacted"
    },
    {
      "timestamp": 1345680000,
      "data": [
        
      ],
      "title": "redacted"
    },
    {
      "timestamp": 1345489200,
      "data": [
        
      ],
      "title": "redacted"
    },
    {
      "timestamp": 1345384800,
      "data": [
        
      ],
      "title": "redacted"
    },
    {
      "timestamp": 1345323600,
      "data": [
        
      ],
      "title": "redacted"
    },
    {
      "timestamp": 1345305600,
      "data": [
        
      ],
      "title": "redacted"
    }
  ]
}