{
  "events_invited_v2": [
    {
      "name": "redacted",
      "start_timestamp": 1569070800,
      "end_timestamp": 0
    },
    {
      "name": "redacted",
      "start_timestamp": 1563030000,
      "end_timestamp": 0
    },
    {
      "name": "redacted",
      "start_timestamp": 1560974400,
      "end_timestamp": 1560999600
    },
    {
      "name": "redacted",
      "start_timestamp": 1560085200,
      "end_timestamp": 0
    },
    {
      "name": "redacted",
      "start_timestamp": 1556985600,
      "end_timestamp": 1557007200
    },
    {
      "name": "redacted",
      "start_timestamp": 1556312400,
      "end_timestamp": 1556334000
    },
    {
      "name": "redacted",
      "start_timestamp": 1537016400,
      "end_timestamp": 1537056000
    },
    {
      "name": "redacted",
      "start_timestamp": 1535716800,
      "end_timestamp": 1535848200
    },
    {
      "name": "redacted",
      "start_timestamp": 1518113400,
      "end_timestamp": 0
    },
    {
      "name": "redacted",
      "start_timestamp": 1513263600,
      "end_timestamp": 1513269000
    },
    {
      "name": "redacted",
      "start_timestamp": 1503914400,
      "end_timestamp": 1505080740
    },
    {
      "name": "redacted",
      "start_timestamp": 1497517200,
      "end_timestamp": 1497790800
    },
    {
      "name": "redacted",
      "start_timestamp": 1492268400,
      "end_timestamp": 1492282800
    },
    {
      "name": "redacted",
      "start_timestamp": 1485936000,
      "end_timestamp": 1486141200
    },
    {
      "name": "redacted",
      "start_timestamp": 1485025200,
      "end_timestamp": 0
    },
    {
      "name": "redacted",
      "start_timestamp": 1480870800,
      "end_timestamp": 1480876200
    },
    {
      "name": "redacted",
      "start_timestamp": 1479056400,
      "end_timestamp": 1479061800
    },
    {
      "name": "redacted",
      "start_timestamp": 1469890800,
      "end_timestamp": 0
    },
    {
      "name": "redacted",
      "start_timestamp": 1467097200,
      "end_timestamp": 1467129600
    },
    {
      "name": "redacted",
      "start_timestamp": 1465660800,
      "end_timestamp": 1465666200
    },
    {
      "name": "redacted",
      "start_timestamp": 1465552800,
      "end_timestamp": 0
    },
    {
      "name": "redacted",
      "start_timestamp": 1460818800,
      "end_timestamp": 0
    },
    {
      "name": "redacted",
      "start_timestamp": 1460304000,
      "end_timestamp": 1460311200
    },
    {
      "name": "redacted",
      "start_timestamp": 1459882800,
      "end_timestamp": 0
    },
    {
      "name": "redacted",
      "start_timestamp": 1457888400,
      "end_timestamp": 0
    },
    {
      "name": "redacted",
      "start_timestamp": 1456678800,
      "end_timestamp": 1456686000
    },
    {
      "name": "redacted",
      "start_timestamp": 1455469200,
      "end_timestamp": 1455476400
    },
    {
      "name": "redacted",
      "start_timestamp": 1453654800,
      "end_timestamp": 1453662000
    },
    {
      "name": "redacted",
      "start_timestamp": 1450630800,
      "end_timestamp": 1450638000
    },
    {
      "name": "redacted",
      "start_timestamp": 1448816400,
      "end_timestamp": 1448823600
    },
    {
      "name": "redacted",
      "start_timestamp": 1447002000,
      "end_timestamp": 1447009200
    },
    {
      "name": "redacted",
      "start_timestamp": 1443534300,
      "end_timestamp": 0
    },
    {
      "name": "redacted",
      "start_timestamp": 1443369600,
      "end_timestamp": 0
    },
    {
      "name": "redacted",
      "start_timestamp": 1442160000,
      "end_timestamp": 0
    },
    {
      "name": "redacted",
      "start_timestamp": 1440972000,
      "end_timestamp": 0
    },
    {
      "name": "redacted",
      "start_timestamp": 1435651200,
      "end_timestamp": 1435683600
    },
    {
      "name": "redacted",
      "start_timestamp": 1430582400,
      "end_timestamp": 1430589600
    },
    {
      "name": "redacted",
      "start_timestamp": 1429459200,
      "end_timestamp": 1429466400
    },
    {
      "name": "redacted",
      "start_timestamp": 1425229200,
      "end_timestamp": 1425236400
    },
    {
      "name": "redacted",
      "start_timestamp": 1417359600,
      "end_timestamp": 0
    },
    {
      "name": "redacted",
      "start_timestamp": 1415552400,
      "end_timestamp": 1415559600
    },
    {
      "name": "redacted",
      "start_timestamp": 1415192400,
      "end_timestamp": 1415570400
    },
    {
      "name": "redacted",
      "start_timestamp": 1405666800,
      "end_timestamp": 0
    },
    {
      "name": "redacted",
      "start_timestamp": 1403906400,
      "end_timestamp": 0
    },
    {
      "name": "redacted",
      "start_timestamp": 1403373600,
      "end_timestamp": 1403406000
    },
    {
      "name": "redacted",
      "start_timestamp": 1403118000,
      "end_timestamp": 1403146800
    },
    {
      "name": "redacted",
      "start_timestamp": 1401562800,
      "end_timestamp": 1401591600
    },
    {
      "name": "redacted",
      "start_timestamp": 1396044000,
      "end_timestamp": 1396065600
    },
    {
      "name": "redacted",
      "start_timestamp": 1395525600,
      "end_timestamp": 1395547200
    },
    {
      "name": "redacted",
      "start_timestamp": 1394920800,
      "end_timestamp": 1394942400
    },
    {
      "name": "redacted",
      "start_timestamp": 1387580100,
      "end_timestamp": 1387602000
    },
    {
      "name": "redacted",
      "start_timestamp": 1386939600,
      "end_timestamp": 0
    },
    {
      "name": "redacted",
      "start_timestamp": 1385845200,
      "end_timestamp": 0
    },
    {
      "name": "redacted",
      "start_timestamp": 1385161200,
      "end_timestamp": 1385280000
    },
    {
      "name": "redacted",
      "start_timestamp": 1380465000,
      "end_timestamp": 0
    },
    {
      "name": "redacted",
      "start_timestamp": 1380369600,
      "end_timestamp": 0
    },
    {
      "name": "redacted",
      "start_timestamp": 1380290400,
      "end_timestamp": 1380376800
    },
    {
      "name": "redacted",
      "start_timestamp": 1375635600,
      "end_timestamp": 0
    },
    {
      "name": "redacted",
      "start_timestamp": 1374336000,
      "end_timestamp": 0
    },
    {
      "name": "redacted",
      "start_timestamp": 1370556000,
      "end_timestamp": 0
    },
    {
      "name": "redacted",
      "start_timestamp": 1368714600,
      "end_timestamp": 0
    },
    {
      "name": "redacted",
      "start_timestamp": 1367672400,
      "end_timestamp": 0
    },
    {
      "name": "redacted",
      "start_timestamp": 1367218800,
      "end_timestamp": 1367510400
    },
    {
      "name": "redacted",
      "start_timestamp": 1353783600,
      "end_timestamp": 0
    },
    {
      "name": "redacted",
      "start_timestamp": 1353772800,
      "end_timestamp": 1353796200
    },
    {
      "name": "redacted",
      "start_timestamp": 1351353600,
      "end_timestamp": 0
    },
    {
      "name": "redacted",
      "start_timestamp": 1349722800,
      "end_timestamp": 1349744400
    },
    {
      "name": "redacted",
      "start_timestamp": 1347037200,
      "end_timestamp": 0
    },
    {
      "name": "redacted",
      "start_timestamp": 1341597600,
      "end_timestamp": 1341604800
    },
    {
      "name": "redacted",
      "start_timestamp": 1338141600,
      "end_timestamp": 0
    },
    {
      "name": "redacted",
      "start_timestamp": 1330759800,
      "end_timestamp": 1330770600
    },
    {
      "name": "redacted",
      "start_timestamp": 1329559200,
      "end_timestamp": 1329562800
    },
    {
      "name": "redacted",
      "start_timestamp": 1318730400,
      "end_timestamp": 1318755600
    },
    {
      "name": "redacted",
      "start_timestamp": 1314381600,
      "end_timestamp": 1314405000
    },
    {
      "name": "redacted",
      "start_timestamp": 1303628400,
      "end_timestamp": 1303639200
    },
    {
      "name": "redacted",
      "start_timestamp": 1300590000,
      "end_timestamp": 1300600800
    },
    {
      "name": "redacted",
      "start_timestamp": 1295373600,
      "end_timestamp": 1295388000
    },
    {
      "name": "redacted",
      "start_timestamp": 1290268800,
      "end_timestamp": 1290290400
    },
    {
      "name": "redacted",
      "start_timestamp": 1289934000,
      "end_timestamp": 1289946600
    },
    {
      "name": "redacted",
      "start_timestamp": 1283011200,
      "end_timestamp": 1283027400
    },
    {
      "name": "redacted",
      "start_timestamp": 1278527400,
      "end_timestamp": 1278536400
    }
  ]
}