{
  "event_responses_v2": {
    "events_joined": [
      {
        "name": "redacted",
        "start_timestamp": 1658491200,
        "end_timestamp": 1658613600
      },
      {
        "name": "redacted",
        "start_timestamp": 1565445600,
        "end_timestamp": 1565470800
      },
      {
        "name": "redacted",
        "start_timestamp": 1559988000,
        "end_timestamp": 1560117540
      },
      {
        "name": "redacted",
        "start_timestamp": 1547935200,
        "end_timestamp": 1547937600
      },
      {
        "name": "redacted",
        "start_timestamp": 1547935200,
        "end_timestamp": 1547937600
      },
      {
        "name": "redacted",
        "start_timestamp": 1522605600,
        "end_timestamp": 1522630800
      },
      {
        "name": "redacted",
        "start_timestamp": 1522519200,
        "end_timestamp": 1522548000
      },
      {
        "name": "redacted",
        "start_timestamp": 1513788420,
        "end_timestamp": 0
      },
      {
        "name": "redacted",
        "start_timestamp": 1507921200,
        "end_timestamp": 0
      },
      {
        "name": "redacted",
        "start_timestamp": 1499094000,
        "end_timestamp": 0
      },
      {
        "name": "redacted",
        "start_timestamp": 1493400600,
        "end_timestamp": 0
      },
      {
        "name": "redacted",
        "start_timestamp": 1492887600,
        "end_timestamp": 0
      },
      {
        "name": "redacted",
        "start_timestamp": 1485630000,
        "end_timestamp": 0
      },
      {
        "name": "redacted",
        "start_timestamp": 1482163200,
        "end_timestamp": 0
      },
      {
        "name": "redacted",
        "start_timestamp": 1477083600,
        "end_timestamp": 1477101600
      },
      {
        "name": "redacted",
        "start_timestamp": 1472238000,
        "end_timestamp": 0
      },
      {
        "name": "redacted",
        "start_timestamp": 1466769600,
        "end_timestamp": 1466978340
      },
      {
        "name": "redacted",
        "start_timestamp": 1461951000,
        "end_timestamp": 0
      },
      {
        "name": "redacted",
        "start_timestamp": 1454785200,
        "end_timestamp": 0
      },
      {
        "name": "redacted",
        "start_timestamp": 1453577400,
        "end_timestamp": 0
      },
      {
        "name": "redacted",
        "start_timestamp": 1444762800,
        "end_timestamp": 0
      },
      {
        "name": "redacted",
        "start_timestamp": 1427396400,
        "end_timestamp": 0
      },
      {
        "name": "redacted",
        "start_timestamp": 1422039600,
        "end_timestamp": 0
      },
      {
        "name": "redacted",
        "start_timestamp": 1420048800,
        "end_timestamp": 0
      },
      {
        "name": "redacted",
        "start_timestamp": 1418238000,
        "end_timestamp": 0
      },
      {
        "name": "redacted",
        "start_timestamp": 1411844400,
        "end_timestamp": 0
      },
      {
        "name": "redacted",
        "start_timestamp": 1405796700,
        "end_timestamp": 1405810800
      },
      {
        "name": "redacted",
        "start_timestamp": 1401039000,
        "end_timestamp": 0
      },
      {
        "name": "redacted",
        "start_timestamp": 1400281200,
        "end_timestamp": 0
      },
      {
        "name": "redacted",
        "start_timestamp": 1399909500,
        "end_timestamp": 0
      },
      {
        "name": "redacted",
        "start_timestamp": 1388510100,
        "end_timestamp": 0
      },
      {
        "name": "redacted",
        "start_timestamp": 1387216800,
        "end_timestamp": 0
      },
      {
        "name": "redacted",
        "start_timestamp": 1386698400,
        "end_timestamp": 0
      },
      {
        "name": "redacted",
        "start_timestamp": 1386446400,
        "end_timestamp": 1386471600
      },
      {
        "name": "redacted",
        "start_timestamp": 1385161200,
        "end_timestamp": 0
      },
      {
        "name": "redacted",
        "start_timestamp": 1383260400,
        "end_timestamp": 0
      },
      {
        "name": "redacted",
        "start_timestamp": 1374953400,
        "end_timestamp": 0
      },
      {
        "name": "redacted",
        "start_timestamp": 1366322400,
        "end_timestamp": 0
      },
      {
        "name": "redacted",
        "start_timestamp": 1355936700,
        "end_timestamp": 0
      },
      {
        "name": "redacted",
        "start_timestamp": 1354305600,
        "end_timestamp": 1354352400
      },
      {
        "name": "redacted",
        "start_timestamp": 1348992000,
        "end_timestamp": 0
      },
      {
        "name": "redacted",
        "start_timestamp": 1348869600,
        "end_timestamp": 0
      },
      {
        "name": "redacted",
        "start_timestamp": 1348771500,
        "end_timestamp": 0
      },
      {
        "name": "redacted",
        "start_timestamp": 1341003600,
        "end_timestamp": 0
      },
      {
        "name": "redacted",
        "start_timestamp": 1338663600,
        "end_timestamp": 0
      },
      {
        "name": "redacted",
        "start_timestamp": 1337198400,
        "end_timestamp": 0
      },
      {
        "name": "redacted",
        "start_timestamp": 1335852000,
        "end_timestamp": 1335873600
      },
      {
        "name": "redacted",
        "start_timestamp": 1335285000,
        "end_timestamp": 0
      },
      {
        "name": "redacted",
        "start_timestamp": 1309640400,
        "end_timestamp": 1309654800
      },
      {
        "name": "redacted",
        "start_timestamp": 1302861600,
        "end_timestamp": 1302901200
      }
    ],
    "events_declined": [
      {
        "name": "redacted",
        "start_timestamp": 1506704400,
        "end_timestamp": 0
      },
      {
        "name": "redacted",
        "start_timestamp": 1490464800,
        "end_timestamp": 0
      },
      {
        "name": "redacted",
        "start_timestamp": 1476381600,
        "end_timestamp": 0
      },
      {
        "name": "redacted",
        "start_timestamp": 1475067600,
        "end_timestamp": 0
      },
      {
        "name": "redacted",
        "start_timestamp": 1474736400,
        "end_timestamp": 0
      },
      {
        "name": "redacted",
        "start_timestamp": 1451595000,
        "end_timestamp": 0
      },
      {
        "name": "redacted",
        "start_timestamp": 1450465200,
        "end_timestamp": 0
      },
      {
        "name": "redacted",
        "start_timestamp": 1448744400,
        "end_timestamp": 0
      },
      {
        "name": "redacted",
        "start_timestamp": 1419006600,
        "end_timestamp": 0
      },
      {
        "name": "redacted",
        "start_timestamp": 1382119200,
        "end_timestamp": 0
      },
      {
        "name": "redacted",
        "start_timestamp": 1343080800,
        "end_timestamp": 1351115700
      },
      {
        "name": "redacted",
        "start_timestamp": 1339848000,
        "end_timestamp": 0
      },
      {
        "name": "redacted",
        "start_timestamp": 1335790800,
        "end_timestamp": 1335826800
      },
      {
        "name": "redacted",
        "start_timestamp": 1328412600,
        "end_timestamp": 1328432400
      },
      {
        "name": "redacted",
        "start_timestamp": 1325241000,
        "end_timestamp": 1325251800
      },
      {
        "name": "redacted",
        "start_timestamp": 1322697600,
        "end_timestamp": 1322699400
      },
      {
        "name": "redacted",
        "start_timestamp": 1309543200,
        "end_timestamp": 1309570200
      },
      {
        "name": "redacted",
        "start_timestamp": 1302372000,
        "end_timestamp": 1302400800
      },
      {
        "name": "redacted",
        "start_timestamp": 1289516400,
        "end_timestamp": 1291156200
      }
    ],
    "events_interested": [
      {
        "name": "redacted",
        "start_timestamp": 1659790800,
        "end_timestamp": 1659819600
      },
      {
        "name": "redacted",
        "start_timestamp": 1596286800,
        "end_timestamp": 1596308400
      },
      {
        "name": "redacted",
        "start_timestamp": 1583528400,
        "end_timestamp": 1583560800
      },
      {
        "name": "redacted",
        "start_timestamp": 1555783200,
        "end_timestamp": 1555812000
      },
      {
        "name": "redacted",
        "start_timestamp": 1548525600,
        "end_timestamp": 1548554400
      },
      {
        "name": "redacted",
        "start_timestamp": 1547920800,
        "end_timestamp": 1547949600
      },
      {
        "name": "redacted",
        "start_timestamp": 1544907600,
        "end_timestamp": 1544932800
      },
      {
        "name": "redacted",
        "start_timestamp": 1538244000,
        "end_timestamp": 1538272800
      },
      {
        "name": "redacted",
        "start_timestamp": 1532793600,
        "end_timestamp": 1532818800
      },
      {
        "name": "redacted",
        "start_timestamp": 1530790200,
        "end_timestamp": 1530997200
      },
      {
        "name": "redacted",
        "start_timestamp": 1491577200,
        "end_timestamp": 1491757200
      },
      {
        "name": "redacted",
        "start_timestamp": 1449266400,
        "end_timestamp": 0
      },
      {
        "name": "redacted",
        "start_timestamp": 1446847200,
        "end_timestamp": 0
      },
      {
        "name": "redacted",
        "start_timestamp": 1445108400,
        "end_timestamp": 0
      },
      {
        "name": "redacted",
        "start_timestamp": 1421521500,
        "end_timestamp": 0
      },
      {
        "name": "redacted",
        "start_timestamp": 1335459600,
        "end_timestamp": 1335495600
      },
      {
        "name": "redacted",
        "start_timestamp": 1292086800,
        "end_timestamp": 1292097600
      },
      {
        "name": "redacted",
        "start_timestamp": 1275501600,
        "end_timestamp": 1275523200
      },
      {
        "name": "redacted",
        "start_timestamp": 1275501600,
        "end_timestamp": 1275530400
      }
    ]
  }
}