{
  "sent_requests_v2": [
    {
      "name": "Natalie Smith",
      "timestamp": 1646798970
    },
    {
      "name": "Abby Bennett",

      "timestamp": 1622307173
    },
    {
      "name": "Diana Stewart",
      "timestamp": 1609926076
    },
    {
      "name": "Paige Wallace",
      "timestamp": 1603271234
    },
    {
      "name": "Kristen Watson",
      "timestamp": 1595944833
    },
   
    {
      "name": "Mia Cooper",
      "timestamp": 1520664717
    },
    {
      "name": "Karen Ross",
      "timestamp": 1502560541
    },
    {
      "name": "Reese Taylor",
      "timestamp": 1493445590
    },
  
    {
      "name": "Sophia Powell",
      "timestamp": 1420047118
    },
    {
      "name": "Aria Dean",
      "timestamp": 1417885248
    },
    {
      "name": "Riley Thompson",
      "timestamp": 1417541411
    },
    {
      "name": "Rebecca Kennedy",
      "timestamp": 1416116257
    },
    {
      "name": "Samantha Mason",
      "timestamp": 1415543041
    },
    {
      "name": "Scarlett Reynolds",
      "timestamp": 1408203073
    },
    {
      "name": "Sadie Scott",
      "timestamp": 1324130109
    },
    {
      "name": "Anne Charles",
      "timestamp": 1300113605
    }
  ]
}