{
  "rejected_requests_v2": [
    {
      "name": "Emily Johnson",
      "timestamp": 1576237171
    },
    {
      "name": "Michael Smith",
      "timestamp": 1594459159
    },
    {
      "name": "Sophia Williams",
      "timestamp": 1552587687
    },
    {
      "name": "James Brown",
      "timestamp": 1520800995
    },
    {
      "name": "Olivia Davis",
      "timestamp": 1511157557
    },
    {
      "name": "William Garcia",
      "timestamp": 1483900767
    },
    {
      "name": "Isabella Miller",
      "timestamp": 1483902568
    },
    {
      "name": "Benjamin Wilson",
      "timestamp": 1482094611
    },
    {
      "name": "Charlotte Moore",
      "timestamp": 1479724218
    },
    {
      "name": "Ethan Taylor",
      "timestamp": 1302446937
    },
    {
      "name": "Ava Anderson",
      "timestamp": 1327683582
    },
    {
      "name": "Daniel Thomas",
      "timestamp": 1327862653
    },
    {
      "name": "Mia Jackson",
      "timestamp": 1330539153
    },
    {
      "name": "Lucas White",
      "timestamp": 1330607636
    },
    {
      "name": "Harper Harris",
      "timestamp": 1369898255
    },
    {
      "name": "Elijah Martin",
      "timestamp": 1331375355
    },
    {
      "name": "Grace Thompson",
      "timestamp": 1331218298
    },
    {
      "name": "Henry Rodriguez",
      "timestamp": 1362077352
    },
    {
      "name": "Chloe Walker",
      "timestamp": 1371307028
    },
    {
      "name": "Noah Hall",
      "timestamp": 1464540981
    },
    {
      "name": "Liam Wright",
      "timestamp": 1327668474
    }
  ]
}