Channel ID,Comment Create Timestamp,Price,Comment ID,Video ID,Comment Text
UCkhNctBzlZ_mEp5uL1tz5-w,2023-09-19T15:22:03.87304+00:00,0,UgzXw8J6CxpENPVOP314AaABAg,I9X5ieM6z2s,"{""text"":""amazing""}"
UCkhNctBzlZ_mEp5uL1tz5-w,2023-09-08T08:31:18.242397+00:00,0,Ugxi9LpomXHNZwsvPlV4AaABAg,CoNyx3PEGZ8,"{""text"":""Juicy and delicious""}"
UCkhNctBzlZ_mEp5uL1tz5-w,2023-09-04T09:36:41.181473+00:00,0,Ugw76xqAbrG4gudZHm54AaABAg,0IE4Xnb7L0Y,"{""text"":""Wao, after watching this I want to go back to kindergarten again.""}"
UCkhNctBzlZ_mEp5uL1tz5-w,2023-09-01T21:21:41.412644+00:00,0,UgwVA7a9CFEsvlZ7d9l4AaABAg,_X2sgqTB0A8,"{""text"":""Kya baat h madam, professional work""}"
UCkhNctBzlZ_mEp5uL1tz5-w,2023-08-25T19:34:31.292937+00:00,0,UgxBUvIMRT9K95rRUAN4AaABAg,ATVy2I5Va64,"{""text"":""kya kehny ❣""}"
UCkhNctBzlZ_mEp5uL1tz5-w,2023-08-24T22:46:09.510744+00:00,0,UgwTZKuU94---115XOx4AaABAg,tIaFlHSU4aQ,"{""text"":""Pta ni hmy ye khana kb nseeb hga 😂""}"
UCkhNctBzlZ_mEp5uL1tz5-w,2023-08-24T22:44:51.983384+00:00,0,Ugw57O8zGTn-BEsi3HZ4AaABAg,1A2jB3Xzh4U,"{""text"":""Haseen""}"
UCkhNctBzlZ_mEp5uL1tz5-w,2023-08-19T19:40:32.894024+00:00,0,UgyY0mYxJYlIsWhsMo94AaABAg,xOgtOLBjTtU,"{""text"":""Madam isko bnany ka treeka b bta dyn.""}"
UCkhNctBzlZ_mEp5uL1tz5-w,2023-08-18T18:43:57.130243+00:00,0,Ugx_HMZsbghGEwEQpax4AaABAg,Hh0xNePv4S8,"{""text"":""madam, where are u going?""}"
UCkhNctBzlZ_mEp5uL1tz5-w,2023-08-17T16:01:42.787351+00:00,0,UgyP_6GeqjbcJi86_5l4AaABAg,KYsZfaiMtVQ,"{""text"":""Kya baat h madam, i really liked how you explained your plant collection""}"
UCkhNctBzlZ_mEp5uL1tz5-w,2023-08-15T18:59:19.944578+00:00,0,Ugx3_2CGXT25qaOmo4p4AaABAg,LqvMjHKM-M4,"{""text"":""Wao, Thank you madam for your guidance.""}"
UCkhNctBzlZ_mEp5uL1tz5-w,2023-01-03T16:47:36.467145+00:00,0,UgxZVfnkoOCo6fgqLT94AaABAg,6ppWgJtk4tE,"{""text"":""Kya bt h""}"
UCkhNctBzlZ_mEp5uL1tz5-w,2022-09-17T10:45:41.780927+00:00,0,UgxBxSQxwEZNPPxtLZd4AaABAg,f24nUJ_mt-Q,"{""text"":""Cute""}"
UCkhNctBzlZ_mEp5uL1tz5-w,2020-03-27T20:25:28.530233+00:00,0,Ugwl9-j6ss79Rz3XLjV4AaABAg,dnR830wrNLM,"{""text"":""copy paste""}"





