{
  "account_history_logout_history": [
    {
      "title": "2022-10-27T12:03:48+00:00",
      "media_map_data": {
        
      },
      "string_map_data": {
        "Cookie name": {
          "href": "",
          "value": "*************************rwe",
          "timestamp": 0
        },
        "IP address": {
          "href": "",
          "value": "2001:4dd6:aa55:0:fd7f:a447:41a0:6979",
          "timestamp": 0
        },
        "Language code": {
          "href": "",
          "value": "en-gb",
          "timestamp": 0
        },
        "Time": {
          "href": "",
          "value": "",
          "timestamp": 1666872228
        },
        "User agent": {
          "href": "",
          "value": "Chrome/5.0 (Macintosh; Intel Mac OS X 10_15_7) AppleWebKit/537.36 (KHTML, like Gecko) Mozila/106.0.0.0 IE/537.36",
          "timestamp": 0
        }
      }
    },
    {
      "title": "2022-10-27T11:08:36+00:00",
      "media_map_data": {
        
      },
      "string_map_data": {
        "Cookie name": {
          "href": "",
          "value": "*************************ewr",
          "timestamp": 0
        },
        "IP address": {
          "href": "",
          "value": "2001:4dd6:aa55:0:9056:5132:a0ff:7ac",
          "timestamp": 0
        },
        "Language code": {
          "href": "",
          "value": "en",
          "timestamp": 0
        },
        "Time": {
          "href": "",
          "value": "",
          "timestamp": 1666868916
        },
        "User agent": {
          "href": "",
          "value": "Instagram 257.1.0.13.119 (iPhone14,5; iOS 16_0; en_IN; en-IN; scale=3.00; 1170x2532; 409247554) AppleWebKit/420+",
          "timestamp": 0
        }
      }
    },
    {
      "title": "2022-10-27T11:03:39+00:00",
      "media_map_data": {
        
      },
      "string_map_data": {
        "Cookie name": {
          "href": "",
          "value": "*************************ewr",
          "timestamp": 0
        },
        "IP address": {
          "href": "",
          "value": "2001:4dd6:aa55:0:9056:5132:a0ff:7ac",
          "timestamp": 0
        },
        "Language code": {
          "href": "",
          "value": "en",
          "timestamp": 0
        },
        "Time": {
          "href": "",
          "value": "",
          "timestamp": 1666868619
        },
        "User agent": {
          "href": "",
          "value": "Instagram 257.1.0.13.119 (iPhone14,5; iOS 16_0; en_IN; en-IN; scale=3.00; 1170x2532; 409247554) AppleWebKit/420+",
          "timestamp": 0
        }
      }
    },
    {
      "title": "2022-10-26T20:42:52+00:00",
      "media_map_data": {
        
      },
      "string_map_data": {
        "Cookie name": {
          "href": "",
          "value": "*************************dfs",
          "timestamp": 0
        },
        "IP address": {
          "href": "",
          "value": "2001:4dd6:aa55:0:877:f54:afb9:6db6",
          "timestamp": 0
        },
        "Language code": {
          "href": "",
          "value": "en",
          "timestamp": 0
        },
        "Time": {
          "href": "",
          "value": "",
          "timestamp": 1666816972
        },
        "User agent": {
          "href": "",
          "value": "Instagram 257.1.0.13.119 (iPhone14,5; iOS 16_0; en_IN; en-IN; scale=3.00; 1170x2532; 409247554) AppleWebKit/420+",
          "timestamp": 0
        }
      }
    },
    {
      "title": "2022-10-26T13:16:28+00:00",
      "media_map_data": {
        
      },
      "string_map_data": {
        "Cookie name": {
          "href": "",
          "value": "*************************dsf",
          "timestamp": 0
        },
        "IP address": {
          "href": "",
          "value": "2001:4dd6:aa55:0:6c64:d695:edc6:3ba0",
          "timestamp": 0
        },
        "Language code": {
          "href": "",
          "value": "en",
          "timestamp": 0
        },
        "Time": {
          "href": "",
          "value": "",
          "timestamp": 1666790188
        },
        "User agent": {
          "href": "",
          "value": "Instagram 257.1.0.13.119 (iPhone14,5; iOS 16_0; en_IN; en-IN; scale=3.00; 1170x2532; 409247554) AppleWebKit/420+",
          "timestamp": 0
        }
      }
    },
    {
      "title": "2022-10-22T08:30:30+00:00",
      "media_map_data": {
        
      },
      "string_map_data": {
        "Cookie name": {
          "href": "",
          "value": "*************************fgd",
          "timestamp": 0
        },
        "IP address": {
          "href": "",
          "value": "2001:4dd6:aa55:0:3989:c860:9a69:25e1",
          "timestamp": 0
        },
        "Language code": {
          "href": "",
          "value": "en",
          "timestamp": 0
        },
        "Time": {
          "href": "",
          "value": "",
          "timestamp": 1666427430
        },
        "User agent": {
          "href": "",
          "value": "Instagram 257.1.0.13.119 (iPhone14,5; iOS 16_0; en_IN; en-IN; scale=3.00; 1170x2532; 409247554) AppleWebKit/420+",
          "timestamp": 0
        }
      }
    },
    {
      "title": "2022-10-21T23:52:35+00:00",
      "media_map_data": {
        
      },
      "string_map_data": {
        "Cookie name": {
          "href": "",
          "value": "*************************dfg",
          "timestamp": 0
        },
        "IP address": {
          "href": "",
          "value": "2341:3df3:a23s:0:54c3:45sd:1231:67ww",
          "timestamp": 0
        },
        "Language code": {
          "href": "",
          "value": "en",
          "timestamp": 0
        },
        "Time": {
          "href": "",
          "value": "",
          "timestamp": 1666396355
        },
        "User agent": {
          "href": "",
          "value": "Instagram 257.1.0.13.119 (iPhone14,5; iOS 16_0; en_IN; en-IN; scale=3.00; 1170x2532; 409247554) AppleWebKit/420+",
          "timestamp": 0
        }
      }
    },
    {
      "title": "2022-10-21T23:27:19+00:00",
      "media_map_data": {
        
      },
      "string_map_data": {
        "Cookie name": {
          "href": "",
          "value": "*************************gfd",
          "timestamp": 0
        },
        "IP address": {
          "href": "",
          "value": "2341:3df3:a23s:0:54c3:45sd:1231:67ww",
          "timestamp": 0
        },
        "Language code": {
          "href": "",
          "value": "en",
          "timestamp": 0
        },
        "Time": {
          "href": "",
          "value": "",
          "timestamp": 1666394839
        },
        "User agent": {
          "href": "",
          "value": "Instagram 257.1.0.13.119 (iPhone14,5; iOS 16_0; en_IN; en-IN; scale=3.00; 1170x2532; 409247554) AppleWebKit/420+",
          "timestamp": 0
        }
      }
    },
    {
      "title": "2022-10-19T21:27:50+00:00",
      "media_map_data": {
        
      },
      "string_map_data": {
        "Cookie name": {
          "href": "",
          "value": "*************************gdf",
          "timestamp": 0
        },
        "IP address": {
          "href": "",
          "value": "2001:4dd1:f891:0:447d:548d:fc8b:df45",
          "timestamp": 0
        },
        "Language code": {
          "href": "",
          "value": "en",
          "timestamp": 0
        },
        "Time": {
          "href": "",
          "value": "",
          "timestamp": 1666214870
        },
        "User agent": {
          "href": "",
          "value": "Instagram 257.1.0.13.119 (iPhone14,5; iOS 16_0; en_IN; en-IN; scale=3.00; 1170x2532; 409247554) AppleWebKit/420+",
          "timestamp": 0
        }
      }
    },
    {
      "title": "2022-10-16T07:21:04+00:00",
      "media_map_data": {
        
      },
      "string_map_data": {
        "Cookie name": {
          "href": "",
          "value": "*************************fdg",
          "timestamp": 0
        },
        "IP address": {
          "href": "",
          "value": "2001:4dd1:f891:0:1821:25c:c4ec:790f",
          "timestamp": 0
        },
        "Language code": {
          "href": "",
          "value": "en",
          "timestamp": 0
        },
        "Time": {
          "href": "",
          "value": "",
          "timestamp": 1665904864
        },
        "User agent": {
          "href": "",
          "value": "Instagram 234.3.1.34.132 (iPhone12,4; iOS 15_0; en_IN; en-IN; scale=3.00; 1230x2234; 324242424) AppleWebKit/410+",
          "timestamp": 0
        }
      }
    },
    {
      "title": "2022-10-15T21:37:44+00:00",
      "media_map_data": {
        
      },
      "string_map_data": {
        "Cookie name": {
          "href": "",
          "value": "*************************fgd",
          "timestamp": 0
        },
        "IP address": {
          "href": "",
          "value": "2001:4dd1:f891:0:1db5:b4e1:62e1:488e",
          "timestamp": 0
        },
        "Language code": {
          "href": "",
          "value": "en",
          "timestamp": 0
        },
        "Time": {
          "href": "",
          "value": "",
          "timestamp": 1665869864
        },
        "User agent": {
          "href": "",
          "value": "Instagram 234.3.1.34.132 (iPhone12,4; iOS 15_0; en_IN; en-IN; scale=3.00; 1230x2234; 324242424) AppleWebKit/410+",
          "timestamp": 0
        }
      }
    },
    {
      "title": "2018-10-24T16:50:16+00:00",
      "media_map_data": {
        
      },
      "string_map_data": {
        "Cookie name": {
          "href": "",
          "value": "*************************fdg",
          "timestamp": 0
        },
        "IP address": {
          "href": "",
          "value": "234.21.234.123",
          "timestamp": 0
        },
        "Language code": {
          "href": "",
          "value": "en",
          "timestamp": 0
        },
        "Time": {
          "href": "",
          "value": "",
          "timestamp": 1540399816
        },
        "User agent": {
          "href": "",
          "value": "Instagram 23.1.1.13.34 Android (12/5.0.0; 480dpi; 1234x2345; nokia; QW-53453; starlte; nokia324242; en_UK; 45345435353535)",
          "timestamp": 0
        }
      }
    },
    {
      "title": "2018-10-24T13:55:03+00:00",
      "media_map_data": {
        
      },
      "string_map_data": {
        "Cookie name": {
          "href": "",
          "value": "*************************dfg",
          "timestamp": 0
        },
        "IP address": {
          "href": "",
          "value": "234.21.234.123",
          "timestamp": 0
        },
        "Language code": {
          "href": "",
          "value": "en",
          "timestamp": 0
        },
        "Time": {
          "href": "",
          "value": "",
          "timestamp": 1540389303
        },
        "User agent": {
          "href": "",
          "value": "Instagram 23.1.1.13.34 Android (12/5.0.0; 480dpi; 1234x2345; nokia; QW-53453; starlte; nokia324242; en_UK; 45345435353535)",
          "timestamp": 0
        }
      }
    }
  ]
}