{
  "account_history_registration_info": [
    {
      "title": "",
      "media_map_data": {
        
      },
      "string_map_data": {
        "Username": {
          "href": "",
          "value": "Sam Abc",
          "timestamp": 0
        },
        "IP address": {
          "href": "",
          "value": "231.23.123.123",
          "timestamp": 0
        },
        "Time": {
          "href": "",
          "value": "",
          "timestamp": 1452388234
        },
        "Email address": {
          "href": "",
          "value": "sam@abc.com",
          "timestamp": 0
        },
        "Phone number": {
          "href": "",
          "value": "",
          "timestamp": 0
        },
        "Device": {
          "href": "",
          "value": "asdadad",
          "timestamp": 0
        }
      }
    }
  ]
}