{
  "history_v2": [
    {
      "title": "redacted",
      "action": "Klick auf Werbeanzeige",
      "timestamp": 1700064969
    },
    {
      "title": "redacted",
      "action": "Klick auf Werbeanzeige",
      "timestamp": 1699006393
    },
    {
      "title": "redacted",
      "action": "Klick auf Werbeanzeige",
      "timestamp": 1698693463
    },
    {
      "title": "redacted",
      "action": "Klick auf Werbeanzeige",
      "timestamp": 1698693412
    },
    {
      "title": "redacted",
      "action": "Klick auf Werbeanzeige",
      "timestamp": 1698435478
    },
    {
      "title": "redacted",
      "action": "Klick auf Werbeanzeige",
      "timestamp": 1698435369
    },
    {
      "title": "redacted",
      "action": "Klick auf Werbeanzeige",
      "timestamp": 1698377077
    },
    {
      "title": "redacted",
      "action": "Klick auf Werbeanzeige",
      "timestamp": 1696870994
    }
  ]
}