{
  "visited_things_v2": [
    {
      "name": "redacted",
      "description": "Personen, deren Profile du dir angesehen hast",
      "entries": [
        {
          "timestamp": 1701195979,
          "data": {
            "name": "redacted",
            "uri": "https://www.facebook.com/redacted
          }
        }
      ]
    },
    {
      "name": "redacted",
      "description": "Veranstaltungsseiten, die du besucht hast",
      "entries": [
        {
          "timestamp": 1621713953,
          "data": {
            "name": "redacted",
            "uri": "https://www.facebook.com/redacted
          }
        },
        {
          "timestamp": 1595443533,
          "data": {
            "name": "redacted",
            "uri": "https://www.facebook.com/redacted
          }
        },
        {
          "timestamp": 1575533254,
          "data": {
            "name": "redacted",
            "uri": "https://www.facebook.com/redacted
          }
        },
        {
          "timestamp": 1572375073,
          "data": {
            "name": "redacted",
            "uri": "https://www.facebook.com/redacted
          }
        },
        {
          "timestamp": 1565981201,
          "data": {
            "name": "redacted",
            "uri": "https://www.facebook.com/redacted
          }
        },
        {
          "timestamp": 1565292766,
          "data": {
            "name": "redacted",
            "uri": "https://www.facebook.com/redacted
          }
        },
        {
          "timestamp": 1565013547,
          "data": {
            "name": "redacted",
            "uri": "https://www.facebook.com/redacted
          }
        },
        {
          "timestamp": 1564582324,
          "data": {
            "name": "redacted",
            "uri": "https://www.facebook.com/redacted
          }
        },
        {
          "timestamp": 1560430983,
          "data": {
            "name": "redacted",
            "uri": "https://www.facebook.com/redacted
          }
        },
        {
          "timestamp": 1559574400,
          "data": {
            "name": "redacted",
            "uri": "https://www.facebook.com/redacted
          }
        },
        {
          "timestamp": 1559198145,
          "data": {
            "name": "redacted",
            "uri": "https://www.facebook.com/redacted
          }
        },
        {
          "timestamp": 1556313594,
          "data": {
            "name": "redacted",
            "uri": "https://www.facebook.com/redacted
          }
        },
        {
          "timestamp": 1555969765,
          "data": {
            "name": "redacted",
            "uri": "https://www.facebook.com/redacted
          }
        },
        {
          "timestamp": 1555436993,
          "data": {
            "name": "redacted",
            "uri": "https://www.facebook.com/redacted
          }
        },
        {
          "timestamp": 1548497999,
          "data": {
            "name": "redacted",
            "uri": "https://www.facebook.com/redacted
          }
        },
        {
          "timestamp": 1547919036,
          "data": {
            "name": "redacted",
            "uri": "https://www.facebook.com/redacted
          }
        },
        {
          "timestamp": 1547817469,
          "data": {
            "name": "redacted",
            "uri": "https://www.facebook.com/redacted
          }
        },
        {
          "timestamp": 1547415398,
          "data": {
            "name": "redacted",
            "uri": "https://www.facebook.com/redacted
          }
        },
        {
          "timestamp": 1547204423,
          "data": {
            "name": "redacted",
            "uri": "https://www.facebook.com/redacted
          }
        },
        {
          "timestamp": 1545401988,
          "data": {
            "name": "redacted",
            "uri": "https://www.facebook.com/redacted
          }
        },
        {
          "timestamp": 1543505725,
          "data": {
            "name": "redacted",
            "uri": "https://www.facebook.com/redacted
          }
        },
        {
          "timestamp": 1543505655,
          "data": {
            "name": "redacted",
            "uri": "https://www.facebook.com/redacted
          }
        },
        {
          "timestamp": 1542614111,
          "data": {
            "name": "redacted",
            "uri": "https://www.facebook.com/redacted
          }
        },
        {
          "timestamp": 1541345305,
          "data": {
            "name": "redacted",
            "uri": "https://www.facebook.com/redacted
          }
        },
        {
          "timestamp": 1540999843,
          "data": {
            "name": "redacted",
            "uri": "https://www.facebook.com/redacted
          }
        },
        {
          "timestamp": 1540655218,
          "data": {
            "name": "redacted",
            "uri": "https://www.facebook.com/redacted
          }
        },
        {
          "timestamp": 1540416667,
          "data": {
            "name": "redacted",
            "uri": "https://www.facebook.com/redacted
          }
        },
        {
          "timestamp": 1539208716,
          "data": {
            "name": "redacted",
            "uri": "https://www.facebook.com/redacted
          }
        },
        {
          "timestamp": 1538633216,
          "data": {
            "name": "redacted",
            "uri": "https://www.facebook.com/redacted
          }
        },
        {
          "timestamp": 1538138482,
          "data": {
            "name": "redacted",
            "uri": "https://www.facebook.com/redacted
          }
        },
        {
          "timestamp": 1537077367,
          "data": {
            "name": "redacted",
            "uri": "https://www.facebook.com/redacted
          }
        },
        {
          "timestamp": 1535563097,
          "data": {
            "name": "redacted",
            "uri": "https://www.facebook.com/redacted
          }
        },
        {
          "timestamp": 1534839783,
          "data": {
            "name": "redacted",
            "uri": "https://www.facebook.com/redacted
          }
        },
        {
          "timestamp": 1534487526,
          "data": {
            "name": "redacted",
            "uri": "https://www.facebook.com/redacted
          }
        },
        {
          "timestamp": 1532428070,
          "data": {
            "name": "redacted",
            "uri": "https://www.facebook.com/redacted
          }
        },
        {
          "timestamp": 1531054494,
          "data": {
            "name": "redacted",
            "uri": "https://www.facebook.com/redacted
          }
        },
        {
          "timestamp": 1530264240,
          "data": {
            "name": "redacted",
            "uri": "https://www.facebook.com/redacted
          }
        },
        {
          "timestamp": 1522662151,
          "data": {
            "name": "redacted",
            "uri": "https://www.facebook.com/redacted
          }
        },
        {
          "timestamp": 1522584889,
          "data": {
            "name": "redacted",
            "uri": "https://www.facebook.com/redacted
          }
        },
        {
          "timestamp": 1514981865,
          "data": {
            "name": "redacted",
            "uri": "https://www.facebook.com/redacted
          }
        },
        {
          "timestamp": 1513855422,
          "data": {
            "name": "redacted",
            "uri": "https://www.facebook.com/redacted
          }
        },
        {
          "timestamp": 1513586545,
          "data": {
            "name": "redacted",
            "uri": "https://www.facebook.com/redacted
          }
        },
        {
          "timestamp": 1513023898,
          "data": {
            "name": "redacted",
            "uri": "https://www.facebook.com/redacted
          }
        },
        {
          "timestamp": 1512733791,
          "data": {
            "name": "redacted",
            "uri": "https://www.facebook.com/redacted
          }
        },
        {
          "timestamp": 1512552672,
          "data": {
            "name": "redacted",
            "uri": "https://www.facebook.com/redacted
          }
        },
        {
          "timestamp": 1508954452,
          "data": {
            "name": "redacted",
            "uri": "https://www.facebook.com/redacted
          }
        },
        {
          "timestamp": 1507919823,
          "data": {
            "name": "redacted",
            "uri": "https://www.facebook.com/redacted
          }
        },
        {
          "timestamp": 1506332643,
          "data": {
            "name": "redacted",
            "uri": "https://www.facebook.com/redacted
          }
        },
        {
          "timestamp": 1503924281,
          "data": {
            "name": "redacted",
            "uri": "https://www.facebook.com/redacted
          }
        },
        {
          "timestamp": 1503682096,
          "data": {
            "name": "redacted",
            "uri": "https://www.facebook.com/redacted
          }
        },
        {
          "timestamp": 1501345942,
          "data": {
            "name": "redacted",
            "uri": "https://www.facebook.com/redacted
          }
        },
        {
          "timestamp": 1499674184,
          "data": {
            "name": "redacted",
            "uri": "https://www.facebook.com/redacted
          }
        },
        {
          "timestamp": 1499091293,
          "data": {
            "name": "redacted",
            "uri": "https://www.facebook.com/redacted
          }
        },
        {
          "timestamp": 1498820545,
          "data": {
            "name": "redacted",
            "uri": "https://www.facebook.com/redacted
          }
        },
        {
          "timestamp": 1498676576,
          "data": {
            "name": "redacted",
            "uri": "https://www.facebook.com/redacted
          }
        },
        {
          "timestamp": 1498462028,
          "data": {
            "name": "redacted",
            "uri": "https://www.facebook.com/redacted
          }
        },
        {
          "timestamp": 1497957201,
          "data": {
            "name": "redacted",
            "uri": "https://www.facebook.com/redacted
          }
        },
        {
          "timestamp": 1496668043,
          "data": {
            "name": "redacted",
            "uri": "https://www.facebook.com/redacted
          }
        },
        {
          "timestamp": 1495627659,
          "data": {
            "name": "redacted",
            "uri": "https://www.facebook.com/redacted
          }
        },
        {
          "timestamp": 1495192058,
          "data": {
            "name": "redacted",
            "uri": "https://www.facebook.com/redacted
          }
        },
        {
          "timestamp": 1494834642,
          "data": {
            "name": "redacted",
            "uri": "https://www.facebook.com/redacted
          }
        },
        {
          "timestamp": 1493568887,
          "data": {
            "name": "redacted",
            "uri": "https://www.facebook.com/redacted
          }
        },
        {
          "timestamp": 1493367327,
          "data": {
            "name": "redacted",
            "uri": "https://www.facebook.com/redacted
          }
        },
        {
          "timestamp": 1493358130,
          "data": {
            "name": "redacted",
            "uri": "https://www.facebook.com/redacted
          }
        },
        {
          "timestamp": 1493101741,
          "data": {
            "name": "redacted",
            "uri": "https://www.facebook.com/redacted
          }
        },
        {
          "timestamp": 1492886626,
          "data": {
            "name": "redacted",
            "uri": "https://www.facebook.com/redacted
          }
        },
        {
          "timestamp": 1492334415,
          "data": {
            "name": "redacted",
            "uri": "https://www.facebook.com/redacted
          }
        },
        {
          "timestamp": 1491466447,
          "data": {
            "name": "redacted",
            "uri": "https://www.facebook.com/redacted
          }
        },
        {
          "timestamp": 1490099414,
          "data": {
            "name": "redacted",
            "uri": "https://www.facebook.com/redacted
          }
        },
        {
          "timestamp": 1485935243,
          "data": {
            "name": "redacted",
            "uri": "https://www.facebook.com/redacted
          }
        },
        {
          "timestamp": 1485616761,
          "data": {
            "name": "redacted",
            "uri": "https://www.facebook.com/redacted
          }
        },
        {
          "timestamp": 1485246246,
          "data": {
            "name": "redacted",
            "uri": "https://www.facebook.com/redacted
          }
        },
        {
          "timestamp": 1484852470,
          "data": {
            "name": "redacted",
            "uri": "https://www.facebook.com/redacted
          }
        },
        {
          "timestamp": 1482130913,
          "data": {
            "name": "redacted",
            "uri": "https://www.facebook.com/redacted
          }
        },
        {
          "timestamp": 1481960839,
          "data": {
            "name": "redacted",
            "uri": "https://www.facebook.com/redacted
          }
        },
        {
          "timestamp": 1481052577,
          "data": {
            "name": "redacted",
            "uri": "https://www.facebook.com/redacted
          }
        },
        {
          "timestamp": 1480776810,
          "data": {
            "name": "redacted",
            "uri": "https://www.facebook.com/redacted
          }
        },
        {
          "timestamp": 1478953828,
          "data": {
            "name": "redacted",
            "uri": "https://www.facebook.com/redacted
          }
        },
        {
          "timestamp": 1478340973,
          "data": {
            "name": "redacted",
            "uri": "https://www.facebook.com/redacted
          }
        },
        {
          "timestamp": 1477061689,
          "data": {
            "name": "redacted",
            "uri": "https://www.facebook.com/redacted
          }
        },
        {
          "timestamp": 1476090063,
          "data": {
            "name": "redacted",
            "uri": "https://www.facebook.com/redacted
          }
        },
        {
          "timestamp": 1475074036,
          "data": {
            "name": "redacted",
            "uri": "https://www.facebook.com/redacted
          }
        },
        {
          "timestamp": 1473972912,
          "data": {
            "name": "redacted",
            "uri": "https://www.facebook.com/redacted
          }
        },
        {
          "timestamp": 1472912426,
          "data": {
            "name": "redacted",
            "uri": "https://www.facebook.com/redacted
          }
        },
        {
          "timestamp": 1472151437,
          "data": {
            "name": "redacted",
            "uri": "https://www.facebook.com/redacted
          }
        },
        {
          "timestamp": 1470241726,
          "data": {
            "name": "redacted",
            "uri": "https://www.facebook.com/redacted
          }
        },
        {
          "timestamp": 1469787913,
          "data": {
            "name": "redacted",
            "uri": "https://www.facebook.com/redacted
          }
        },
        {
          "timestamp": 1468264838,
          "data": {
            "name": "redacted",
            "uri": "https://www.facebook.com/redacted
          }
        },
        {
          "timestamp": 1467227767,
          "data": {
            "name": "redacted",
            "uri": "https://www.facebook.com/redacted
          }
        },
        {
          "timestamp": 1467135932,
          "data": {
            "name": "redacted",
            "uri": "https://www.facebook.com/redacted
          }
        },
        {
          "timestamp": 1467062028,
          "data": {
            "name": "redacted",
            "uri": "https://www.facebook.com/redacted
          }
        },
        {
          "timestamp": 1466665655,
          "data": {
            "name": "redacted",
            "uri": "https://www.facebook.com/redacted
          }
        },
        {
          "timestamp": 1465316704,
          "data": {
            "name": "redacted",
            "uri": "https://www.facebook.com/redacted
          }
        },
        {
          "timestamp": 1464520452,
          "data": {
            "name": "redacted",
            "uri": "https://www.facebook.com/redacted
          }
        },
        {
          "timestamp": 1461858294,
          "data": {
            "name": "redacted",
            "uri": "https://www.facebook.com/redacted
          }
        },
        {
          "timestamp": 1460716739,
          "data": {
            "name": "redacted",
            "uri": "https://www.facebook.com/redacted
          }
        },
        {
          "timestamp": 1460280467,
          "data": {
            "name": "redacted",
            "uri": "https://www.facebook.com/redacted
          }
        },
        {
          "timestamp": 1459877987,
          "data": {
            "name": "redacted",
            "uri": "https://www.facebook.com/redacted
          }
        },
        {
          "timestamp": 1457799814,
          "data": {
            "name": "redacted",
            "uri": "https://www.facebook.com/redacted
          }
        },
        {
          "timestamp": 1457090994,
          "data": {
            "name": "redacted",
            "uri": "https://www.facebook.com/redacted
          }
        },
        {
          "timestamp": 1456567831,
          "data": {
            "name": "redacted",
            "uri": "https://www.facebook.com/redacted
          }
        },
        {
          "timestamp": 1455361939,
          "data": {
            "name": "redacted",
            "uri": "https://www.facebook.com/redacted
          }
        },
        {
          "timestamp": 1454862876,
          "data": {
            "name": "redacted",
            "uri": "https://www.facebook.com/redacted
          }
        },
        {
          "timestamp": 1454513310,
          "data": {
            "name": "redacted",
            "uri": "https://www.facebook.com/redacted
          }
        },
        {
          "timestamp": 1454183433,
          "data": {
            "name": "redacted",
            "uri": "https://www.facebook.com/redacted
          }
        },
        {
          "timestamp": 1453828089,
          "data": {
            "name": "redacted",
            "uri": "https://www.facebook.com/redacted
          }
        },
        {
          "timestamp": 1453735707,
          "data": {
            "name": "redacted",
            "uri": "https://www.facebook.com/redacted
          }
        },
        {
          "timestamp": 1453735459,
          "data": {
            "name": "redacted",
            "uri": "https://www.facebook.com/redacted
          }
        },
        {
          "timestamp": 1453544268,
          "data": {
            "name": "redacted",
            "uri": "https://www.facebook.com/redacted
          }
        },
        {
          "timestamp": 1452468041,
          "data": {
            "name": "redacted",
            "uri": "https://www.facebook.com/redacted
          }
        },
        {
          "timestamp": 1452328605,
          "data": {
            "name": "redacted",
            "uri": "https://www.facebook.com/redacted
          }
        },
        {
          "timestamp": 1452004967,
          "data": {
            "name": "redacted",
            "uri": "https://www.facebook.com/redacted
          }
        },
        {
          "timestamp": 1451749188,
          "data": {
            "name": "redacted",
            "uri": "https://www.facebook.com/redacted
          }
        },
        {
          "timestamp": 1451548194,
          "data": {
            "name": "redacted",
            "uri": "https://www.facebook.com/redacted
          }
        },
        {
          "timestamp": 1450615229,
          "data": {
            "name": "redacted",
            "uri": "https://www.facebook.com/redacted
          }
        },
        {
          "timestamp": 1450258656,
          "data": {
            "name": "redacted",
            "uri": "https://www.facebook.com/redacted
          }
        },
        {
          "timestamp": 1449215889,
          "data": {
            "name": "redacted",
            "uri": "https://www.facebook.com/redacted
          }
        },
        {
          "timestamp": 1449180151,
          "data": {
            "name": "redacted",
            "uri": "https://www.facebook.com/redacted
          }
        },
        {
          "timestamp": 1449180128,
          "data": {
            "name": "redacted",
            "uri": "https://www.facebook.com/redacted
          }
        },
        {
          "timestamp": 1449128892,
          "data": {
            "name": "redacted",
            "uri": "https://www.facebook.com/redacted
          }
        },
        {
          "timestamp": 1449080839,
          "data": {
            "name": "redacted",
            "uri": "https://www.facebook.com/redacted
          }
        },
        {
          "timestamp": 1448976511,
          "data": {
            "name": "redacted",
            "uri": "https://www.facebook.com/redacted
          }
        },
        {
          "timestamp": 1448976511,
          "data": {
            "name": "redacted",
            "uri": "https://www.facebook.com/redacted
          }
        },
        {
          "timestamp": 1448570528,
          "data": {
            "name": "redacted",
            "uri": "https://www.facebook.com/redacted
          }
        },
        {
          "timestamp": 1448026237,
          "data": {
            "name": "redacted",
            "uri": "https://www.facebook.com/redacted
          }
        },
        {
          "timestamp": 1447847813,
          "data": {
            "name": "redacted",
            "uri": "https://www.facebook.com/redacted
          }
        },
        {
          "timestamp": 1447232350,
          "data": {
            "name": "redacted",
            "uri": "https://www.facebook.com/redacted
          }
        },
        {
          "timestamp": 1446968322,
          "data": {
            "name": "redacted",
            "uri": "https://www.facebook.com/redacted
          }
        },
        {
          "timestamp": 1446921481,
          "data": {
            "name": "redacted",
            "uri": "https://www.facebook.com/redacted
          }
        },
        {
          "timestamp": 1445114553,
          "data": {
            "name": "redacted",
            "uri": "https://www.facebook.com/redacted
          }
        },
        {
          "timestamp": 1444761439,
          "data": {
            "name": "redacted",
            "uri": "https://www.facebook.com/redacted
          }
        },
        {
          "timestamp": 1444238418,
          "data": {
            "name": "redacted",
            "uri": "https://www.facebook.com/redacted
          }
        },
        {
          "timestamp": 1444238418,
          "data": {
            "name": "redacted",
            "uri": "https://www.facebook.com/redacted
          }
        },
        {
          "timestamp": 1443265342,
          "data": {
            "name": "redacted",
            "uri": "https://www.facebook.com/redacted
          }
        },
        {
          "timestamp": 1443186732,
          "data": {
            "name": "redacted",
            "uri": "https://www.facebook.com/redacted
          }
        },
        {
          "timestamp": 1442575918,
          "data": {
            "name": "redacted",
            "uri": "https://www.facebook.com/redacted
          }
        },
        {
          "timestamp": 1441995397,
          "data": {
            "name": "redacted",
            "uri": "https://www.facebook.com/redacted
          }
        },
        {
          "timestamp": 1441969501,
          "data": {
            "name": "redacted",
            "uri": "https://www.facebook.com/redacted
          }
        },
        {
          "timestamp": 1441362972,
          "data": {
            "name": "redacted",
            "uri": "https://www.facebook.com/redacted
          }
        },
        {
          "timestamp": 1440170854,
          "data": {
            "name": "redacted",
            "uri": "https://www.facebook.com/redacted
          }
        },
        {
          "timestamp": 1437333107,
          "data": {
            "name": "redacted",
            "uri": "https://www.facebook.com/redacted
          }
        },
        {
          "timestamp": 1437128479,
          "data": {
            "name": "redacted",
            "uri": "https://www.facebook.com/redacted
          }
        },
        {
          "timestamp": 1436611614,
          "data": {
            "name": "redacted",
            "uri": "https://www.facebook.com/redacted
          }
        },
        {
          "timestamp": 1436535623,
          "data": {
            "name": "redacted",
            "uri": "https://www.facebook.com/redacted
          }
        },
        {
          "timestamp": 1435938341,
          "data": {
            "name": "redacted",
            "uri": "https://www.facebook.com/redacted
          }
        },
        {
          "timestamp": 1435607129,
          "data": {
            "name": "redacted",
            "uri": "https://www.facebook.com/redacted
          }
        },
        {
          "timestamp": 1435403507,
          "data": {
            "name": "redacted",
            "uri": "https://www.facebook.com/redacted
          }
        },
        {
          "timestamp": 1434970888,
          "data": {
            "name": "redacted",
            "uri": "https://www.facebook.com/redacted
          }
        },
        {
          "timestamp": 1434691777,
          "data": {
            "name": "redacted",
            "uri": "https://www.facebook.com/redacted
          }
        },
        {
          "timestamp": 1433915773,
          "data": {
            "name": "redacted",
            "uri": "https://www.facebook.com/redacted
          }
        },
        {
          "timestamp": 1432909922,
          "data": {
            "name": "redacted",
            "uri": "https://www.facebook.com/redacted
          }
        },
        {
          "timestamp": 1431499547,
          "data": {
            "name": "redacted",
            "uri": "https://www.facebook.com/redacted
          }
        },
        {
          "timestamp": 1431235138,
          "data": {
            "name": "redacted",
            "uri": "https://www.facebook.com/redacted
          }
        },
        {
          "timestamp": 1428094459,
          "data": {
            "name": "redacted",
            "uri": "https://www.facebook.com/redacted
          }
        },
        {
          "timestamp": 1427975797,
          "data": {
            "name": "redacted",
            "uri": "https://www.facebook.com/redacted
          }
        },
        {
          "timestamp": 1427694715,
          "data": {
            "name": "redacted",
            "uri": "https://www.facebook.com/redacted
          }
        },
        {
          "timestamp": 1427394562,
          "data": {
            "name": "redacted",
            "uri": "https://www.facebook.com/redacted
          }
        },
        {
          "timestamp": 1425568190,
          "data": {
            "name": "redacted",
            "uri": "https://www.facebook.com/redacted
          }
        },
        {
          "timestamp": 1424976663,
          "data": {
            "name": "redacted",
            "uri": "https://www.facebook.com/redacted
          }
        },
        {
          "timestamp": 1422022278,
          "data": {
            "name": "redacted",
            "uri": "https://www.facebook.com/redacted
          }
        },
        {
          "timestamp": 1421752264,
          "data": {
            "name": "redacted",
            "uri": "https://www.facebook.com/redacted
          }
        },
        {
          "timestamp": 1421048577,
          "data": {
            "name": "redacted",
            "uri": "https://www.facebook.com/redacted
          }
        },
        {
          "timestamp": 1420799170,
          "data": {
            "name": "redacted",
            "uri": "https://www.facebook.com/redacted
          }
        },
        {
          "timestamp": 1420702338,
          "data": {
            "name": "redacted",
            "uri": "https://www.facebook.com/redacted
          }
        },
        {
          "timestamp": 1419855108,
          "data": {
            "name": "redacted",
            "uri": "https://www.facebook.com/redacted
          }
        },
        {
          "timestamp": 1418902321,
          "data": {
            "name": "redacted",
            "uri": "https://www.facebook.com/redacted
          }
        },
        {
          "timestamp": 1418236471,
          "data": {
            "name": "redacted",
            "uri": "https://www.facebook.com/redacted
          }
        },
        {
          "timestamp": 1417300779,
          "data": {
            "name": "redacted",
            "uri": "https://www.facebook.com/redacted
          }
        },
        {
          "timestamp": 1415111802,
          "data": {
            "name": "redacted",
            "uri": "https://www.facebook.com/redacted
          }
        },
        {
          "timestamp": 1414419741,
          "data": {
            "name": "redacted",
            "uri": "https://www.facebook.com/redacted
          }
        },
        {
          "timestamp": 1413617749,
          "data": {
            "name": "redacted",
            "uri": "https://www.facebook.com/redacted
          }
        },
        {
          "timestamp": 1412084941,
          "data": {
            "name": "redacted",
            "uri": "https://www.facebook.com/redacted
          }
        },
        {
          "timestamp": 1411840867,
          "data": {
            "name": "redacted",
            "uri": "https://www.facebook.com/redacted
          }
        },
        {
          "timestamp": 1409808408,
          "data": {
            "name": "redacted",
            "uri": "https://www.facebook.com/redacted
          }
        },
        {
          "timestamp": 1405718402,
          "data": {
            "name": "redacted",
            "uri": "https://www.facebook.com/redacted
          }
        },
        {
          "timestamp": 1405693523,
          "data": {
            "name": "redacted",
            "uri": "https://www.facebook.com/redacted
          }
        },
        {
          "timestamp": 1405462196,
          "data": {
            "name": "redacted",
            "uri": "https://www.facebook.com/redacted
          }
        },
        {
          "timestamp": 1403590443,
          "data": {
            "name": "redacted",
            "uri": "https://www.facebook.com/redacted
          }
        },
        {
          "timestamp": 1402824695,
          "data": {
            "name": "redacted",
            "uri": "https://www.facebook.com/redacted
          }
        },
        {
          "timestamp": 1402474380,
          "data": {
            "name": "redacted",
            "uri": "https://www.facebook.com/redacted
          }
        },
        {
          "timestamp": 1402473199,
          "data": {
            "name": "redacted",
            "uri": "https://www.facebook.com/redacted
          }
        },
        {
          "timestamp": 1401312794,
          "data": {
            "name": "redacted",
            "uri": "https://www.facebook.com/redacted
          }
        },
        {
          "timestamp": 1400954294,
          "data": {
            "name": "redacted",
            "uri": "https://www.facebook.com/redacted
          }
        },
        {
          "timestamp": 1400317226,
          "data": {
            "name": "redacted",
            "uri": "https://www.facebook.com/redacted
          }
        },
        {
          "timestamp": 1399882876,
          "data": {
            "name": "redacted",
            "uri": "https://www.facebook.com/redacted
          }
        },
        {
          "timestamp": 1399266557,
          "data": {
            "name": "redacted",
            "uri": "https://www.facebook.com/redacted
          }
        },
        {
          "timestamp": 1399138639,
          "data": {
            "name": "redacted",
            "uri": "https://www.facebook.com/redacted
          }
        },
        {
          "timestamp": 1394345521,
          "data": {
            "name": "redacted",
            "uri": "https://www.facebook.com/redacted
          }
        },
        {
          "timestamp": 1388232547,
          "data": {
            "name": "redacted",
            "uri": "https://www.facebook.com/redacted
          }
        },
        {
          "timestamp": 1386345248,
          "data": {
            "name": "redacted",
            "uri": "https://www.facebook.com/redacted
          }
        },
        {
          "timestamp": 1386345248,
          "data": {
            "name": "redacted",
            "uri": "https://www.facebook.com/redacted
          }
        },
        {
          "timestamp": 1386236694,
          "data": {
            "name": "redacted",
            "uri": "https://www.facebook.com/redacted
          }
        },
        {
          "timestamp": 1384957508,
          "data": {
            "name": "redacted",
            "uri": "https://www.facebook.com/redacted
          }
        },
        {
          "timestamp": 1383252916,
          "data": {
            "name": "redacted",
            "uri": "https://www.facebook.com/redacted
          }
        },
        {
          "timestamp": 1367679305,
          "data": {
            "name": "redacted",
            "uri": "https://www.facebook.com/redacted
          }
        },
        {
          "timestamp": 1367517721,
          "data": {
            "name": "redacted",
            "uri": "https://www.facebook.com/redacted
          }
        },
        {
          "timestamp": 1367221392,
          "data": {
            "name": "redacted",
            "uri": "https://www.facebook.com/redacted
          }
        },
        {
          "timestamp": 1366450070,
          "data": {
            "name": "redacted",
            "uri": "https://www.facebook.com/redacted
          }
        },
        {
          "timestamp": 1349284698,
          "data": {
            "name": "redacted",
            "uri": "https://www.facebook.com/redacted
          }
        }
      ]
    },
    {
      "name": "redacted",
      "description": "Gruppen, die du k\u00c3\u00bcrzlich besucht hast",
      "entries": [
        {
          "timestamp": 1659326897,
          "data": {
            "name": "redacted",
            "uri": "https://www.facebook.com/redacted
          }
        },
        {
          "timestamp": 1640014707,
          "data": {
            "name": "redacted",
            "uri": "https://www.facebook.com/redacted
          }
        },
        {
          "timestamp": 1619898580,
          "data": {
            "name": "redacted",
            "uri": "https://www.facebook.com/redacted
          }
        },
        {
          "timestamp": 1619537440,
          "data": {
            "name": "redacted",
            "uri": "https://www.facebook.com/redacted
          }
        },
        {
          "timestamp": 1619537440,
          "data": {
            "name": "redacted",
            "uri": "https://www.facebook.com/redacted
          }
        },
        {
          "timestamp": 1619537440,
          "data": {
            "name": "redacted",
            "uri": "https://www.facebook.com/redacted
          }
        },
        {
          "timestamp": 1619204156,
          "data": {
            "name": "redacted",
            "uri": "https://www.facebook.com/redacted
          }
        },
        {
          "timestamp": 1616337427,
          "data": {
            "name": "redacted",
            "uri": "https://www.facebook.com/redacted
          }
        },
        {
          "timestamp": 1601052514,
          "data": {
            "name": "redacted",
            "uri": "https://www.facebook.com/redacted
          }
        },
        {
          "timestamp": 1601007016,
          "data": {
            "name": "redacted",
            "uri": "https://www.facebook.com/redacted
          }
        },
        {
          "timestamp": 1599818809,
          "data": {
            "name": "redacted",
            "uri": "https://www.facebook.com/redacted
          }
        },
        {
          "timestamp": 1587142940,
          "data": {
            "name": "redacted",
            "uri": "https://www.facebook.com/redacted
          }
        },
        {
          "timestamp": 1568472998,
          "data": {
            "name": "redacted",
            "uri": "https://www.facebook.com/redacted
          }
        },
        {
          "timestamp": 1451169830,
          "data": {
            "name": "redacted",
            "uri": "https://www.facebook.com/redacted
          }
        }
      ]
    },
    {
      "name": "redacted",
      "description": "Wann du den Marketplace besucht hast",
      "entries": [
        {
          "data": {
            "value": "12.12.2021"
          }
        },
        {
          "data": {
            "value": "11.12.2021"
          }
        },
        {
          "data": {
            "value": "08.05.2021"
          }
        },
        {
          "data": {
            "value": "21.03.2021"
          }
        },
        {
          "data": {
            "value": "04.03.2021"
          }
        },
        {
          "data": {
            "value": "15.11.2018"
          }
        },
        {
          "data": {
            "value": "31.07.2018"
          }
        },
        {
          "data": {
            "value": "24.07.2018"
          }
        },
        {
          "data": {
            "value": "22.07.2018"
          }
        },
        {
          "data": {
            "value": "16.07.2018"
          }
        },
        {
          "data": {
            "value": "10.07.2018"
          }
        },
        {
          "data": {
            "value": "09.07.2018"
          }
        },
        {
          "data": {
            "value": "02.07.2018"
          }
        },
        {
          "data": {
            "value": "20.06.2018"
          }
        },
        {
          "data": {
            "value": "09.06.2018"
          }
        },
        {
          "data": {
            "value": "26.05.2018"
          }
        },
        {
          "data": {
            "value": "20.05.2018"
          }
        },
        {
          "data": {
            "value": "05.05.2018"
          }
        },
        {
          "data": {
            "value": "19.04.2018"
          }
        },
        {
          "data": {
            "value": "14.04.2018"
          }
        },
        {
          "data": {
            "value": "12.04.2018"
          }
        },
        {
          "data": {
            "value": "02.04.2018"
          }
        },
        {
          "data": {
            "value": "25.03.2018"
          }
        },
        {
          "data": {
            "value": "19.03.2018"
          }
        },
        {
          "data": {
            "value": "03.03.2018"
          }
        },
        {
          "data": {
            "value": "09.02.2018"
          }
        },
        {
          "data": {
            "value": "08.02.2018"
          }
        },
        {
          "data": {
            "value": "07.02.2018"
          }
        },
        {
          "data": {
            "value": "17.01.2018"
          }
        },
        {
          "data": {
            "value": "08.01.2018"
          }
        },
        {
          "data": {
            "value": "01.01.2018"
          }
        },
        {
          "data": {
            "value": "24.12.2017"
          }
        },
        {
          "data": {
            "value": "18.12.2017"
          }
        },
        {
          "data": {
            "value": "06.12.2017"
          }
        },
        {
          "data": {
            "value": "03.12.2017"
          }
        },
        {
          "data": {
            "value": "02.12.2017"
          }
        },
        {
          "data": {
            "value": "07.11.2017"
          }
        },
        {
          "data": {
            "value": "13.10.2017"
          }
        }
      ]
    }
  ]
}