{
  "searches_user": [
    {
      "title": "",
      "media_map_data": {
        
      },
      "string_map_data": {
        "Search": {
          "href": "",
          "value": "barackobama",
          "timestamp": 0
        },
        "Time": {
          "href": "",
          "value": "",
          "timestamp": 1685039866
        }
      }
    },
    {
      "title": "",
      "media_map_data": {
        
      },
      "string_map_data": {
        "Search": {
          "href": "",
          "value": "mercedesmaybach",
          "timestamp": 0
        },
        "Time": {
          "href": "",
          "value": "",
          "timestamp": 1684825541
        }
      }
    },
    {
      "title": "",
      "media_map_data": {
        
      },
      "string_map_data": {
        "Search": {
          "href": "",
          "value": "thisisbillgates",
          "timestamp": 0
        },
        "Time": {
          "href": "",
          "value": "",
          "timestamp": 1684690216
        }
      }
    },
    {
      "title": "",
      "media_map_data": {
        
      },
      "string_map_data": {
        "Search": {
          "href": "",
          "value": "kyliejenner",
          "timestamp": 0
        },
        "Time": {
          "href": "",
          "value": "",
          "timestamp": 1684690197
        }
      }
    },
	{
      "title": "",
      "media_map_data": {
        
      },
      "string_map_data": {
        "Search": {
          "href": "",
          "value": "vancityreynolds",
          "timestamp": 0
        },
        "Time": {
          "href": "",
          "value": "",
          "timestamp": 1666870896
        }
      }
    },
	{
      "title": "",
      "media_map_data": {
        
      },
      "string_map_data": {
        "Search": {
          "href": "",
          "value": "upb",
          "timestamp": 0
        },
        "Time": {
          "href": "",
          "value": "",
          "timestamp": 1666731597
        }
      }
    }
  ]
}