{
  "searches_hashtag": [
    {
      "title": "",
      "media_map_data": {
        
      },
      "string_map_data": {
        "Search": {
          "href": "",
          "value": "upb",
          "timestamp": 0
        },
        "Time": {
          "href": "",
          "value": "",
          "timestamp": 1684825541
        }
      }
    },
	{
      "string_map_data": {
        "Search": {
          "href": "",
          "value": "mercedesmaybach",
          "timestamp": 0
        },
        "Time": {
          "href": "",
          "value": "",
          "timestamp": 1684825541
        }
      }
    },
    {
      "title": "",
      "media_map_data": {
        
      },
      "string_map_data": {
        "Search": {
          "href": "",
          "value": "thisisbillgates",
          "timestamp": 0
        },
        "Time": {
          "href": "",
          "value": "",
          "timestamp": 1684690216
        }
      }
    }
  ]
}