{
  "searches_keyword": [
    {
      "title": "",
      "media_map_data": {
        
      },
      "string_map_data": {
        "Search": {
          "href": "",
          "value": "a phrase",
          "timestamp": 0
        },
        "Time": {
          "href": "",
          "value": "",
          "timestamp": 1685534983
        }
      }
    },
    {
      "title": "",
      "media_map_data": {
        
      },
      "string_map_data": {
        "Search": {
          "href": "",
          "value": "flower bouquet",
          "timestamp": 0
        },
        "Time": {
          "href": "",
          "value": "",
          "timestamp": 1685534972
        }
      }
    },
	{
      "title": "",
      "media_map_data": {
        
      },
      "string_map_data": {
        "Search": {
          "href": "",
          "value": "sunny day",
          "timestamp": 0
        },
        "Time": {
          "href": "",
          "value": "",
          "timestamp": 1671818785
        }
      }
    },
	{
      "title": "",
      "media_map_data": {
        
      },
      "string_map_data": {
        "Search": {
          "href": "",
          "value": "small puppy",
          "timestamp": 0
        },
        "Time": {
          "href": "",
          "value": "",
          "timestamp": 1667062090
        }
      }
    },
	{
      "title": "",
      "media_map_data": {
        
      },
      "string_map_data": {
        "Search": {
          "href": "",
          "value": "university paderborn",
          "timestamp": 0
        },
        "Time": {
          "href": "",
          "value": "",
          "timestamp": 1667061969
        }
      }
    }
  ]
}