{
  "comments_v2": [
    {
      "timestamp": 1272103290,
      "data": [
        {
          "comment": {
            "timestamp": 1272103290,
            "comment": "redacted",
            "author": "Mark Husen"
          }
        }
      ],
      "title": "redacted"
    },
    {
      "timestamp": 1272103344,
      "data": [
        {
          "comment": {
            "timestamp": 1272103344,
            "comment": "redacted",
            "author": "Mark Husen"
          }
        }
      ],
      "title": "redacted"
    },
    {
      "timestamp": 1272109489,
      "data": [
        {
          "comment": {
            "timestamp": 1272109489,
            "comment": "redacted",
            "author": "Mark Husen"
          }
        }
      ],
      "title": "redacted"
    },
    {
      "timestamp": 1272820062,
      "data": [
        {
          "comment": {
            "timestamp": 1272820062,
            "comment": "redacted",
            "author": "Mark Husen"
          }
        }
      ],
      "title": "redacted"
    },
    {
      "timestamp": 1273251764,
      "data": [
        {
          "comment": {
            "timestamp": 1273251764,
            "comment": "redacted",
            "author": "Mark Husen"
          }
        }
      ],
      "title": "redacted"
    },
    {
      "timestamp": 1273252030,
      "data": [
        {
          "comment": {
            "timestamp": 1273252030,
            "comment": "redacted",
            "author": "Mark Husen"
          }
        }
      ],
      "title": "redacted"
    },
    {
      "timestamp": 1273252720,
      "data": [
        {
          "comment": {
            "timestamp": 1273252720,
            "comment": "redacted",
            "author": "Mark Husen"
          }
        }
      ],
      "title": "redacted"
    },
    {
      "timestamp": 1273594088,
      "data": [
        {
          "comment": {
            "timestamp": 1273594088,
            "comment": "redacted",
            "author": "Mark Husen"
          }
        }
      ],
      "title": "redacted"
    },
    {
      "timestamp": 1273850882,
      "data": [
        {
          "comment": {
            "timestamp": 1273850882,
            "comment": "redacted",
            "author": "Mark Husen"
          }
        }
      ],
      "title": "redacted"
    },
    {
      "timestamp": 1274102517,
      "data": [
        {
          "comment": {
            "timestamp": 1274102517,
            "comment": "redacted",
            "author": "Mark Husen"
          }
        }
      ],
      "title": "redacted"
    },
    {
      "timestamp": 1274124775,
      "data": [
        {
          "comment": {
            "timestamp": 1274124775,
            "comment": "redacted",
            "author": "Mark Husen"
          }
        }
      ],
      "title": "redacted"
    },
    {
      "timestamp": 1274639028,
      "data": [
        {
          "comment": {
            "timestamp": 1274639028,
            "comment": "redacted",
            "author": "Mark Husen"
          }
        }
      ],
      "title": "redacted"
    },
    {
      "timestamp": 1275214611,
      "data": [
        {
          "comment": {
            "timestamp": 1275214611,
            "comment": "redacted",
            "author": "Mark Husen"
          }
        }
      ],
      "title": "redacted"
    },
    {
      "timestamp": 1275214713,
      "data": [
        {
          "comment": {
            "timestamp": 1275214713,
            "comment": "redacted",
            "author": "Mark Husen"
          }
        }
      ],
      "title": "redacted"
    },
    {
      "timestamp": 1275214785,
      "data": [
        {
          "comment": {
            "timestamp": 1275214785,
            "comment": "redacted",
            "author": "Mark Husen"
          }
        }
      ],
      "title": "redacted"
    },
    {
      "timestamp": 1275214813,
      "data": [
        {
          "comment": {
            "timestamp": 1275214813,
            "comment": "redacted",
            "author": "Mark Husen"
          }
        }
      ],
      "title": "redacted"
    },
    {
      "timestamp": 1275214861,
      "data": [
        {
          "comment": {
            "timestamp": 1275214861,
            "comment": "redacted",
            "author": "Mark Husen"
          }
        }
      ],
      "title": "redacted"
    },
    {
      "timestamp": 1275647164,
      "data": [
        {
          "comment": {
            "timestamp": 1275647164,
            "comment": "redacted",
            "author": "Mark Husen"
          }
        }
      ],
      "title": "redacted"
    },
    {
      "timestamp": 1275652285,
      "data": [
        {
          "comment": {
            "timestamp": 1275652285,
            "comment": "redacted",
            "author": "Mark Husen"
          }
        }
      ],
      "title": "redacted"
    },
    {
      "timestamp": 1275653118,
      "data": [
        {
          "comment": {
            "timestamp": 1275653118,
            "comment": "redacted",
            "author": "Mark Husen"
          }
        }
      ],
      "title": "redacted"
    },
    {
      "timestamp": 1275655986,
      "data": [
        {
          "comment": {
            "timestamp": 1275655986,
            "comment": "redacted",
            "author": "Mark Husen"
          }
        }
      ],
      "title": "redacted"
    },
    {
      "timestamp": 1275660517,
      "data": [
        {
          "comment": {
            "timestamp": 1275660517,
            "comment": "redacted",
            "author": "Mark Husen"
          }
        }
      ],
      "title": "redacted"
    },
    {
      "timestamp": 1278831446,
      "data": [
        {
          "comment": {
            "timestamp": 1278831446,
            "comment": "redacted",
            "author": "Mark Husen"
          }
        }
      ],
      "title": "redacted"
    },
    {
      "timestamp": 1278952824,
      "data": [
        {
          "comment": {
            "timestamp": 1278952824,
            "comment": "redacted",
            "author": "Mark Husen"
          }
        }
      ],
      "title": "redacted"
    },
    {
      "timestamp": 1279874896,
      "data": [
        {
          "comment": {
            "timestamp": 1279874896,
            "comment": "redacted",
            "author": "Mark Husen"
          }
        }
      ],
      "title": "redacted"
    },
    {
      "timestamp": 1280737082,
      "data": [
        {
          "comment": {
            "timestamp": 1280737082,
            "comment": "redacted",
            "author": "Mark Husen"
          }
        }
      ],
      "title": "redacted"
    },
    {
      "timestamp": 1281783305,
      "data": [
        {
          "comment": {
            "timestamp": 1281783305,
            "comment": "redacted",
            "author": "Mark Husen"
          }
        }
      ],
      "title": "redacted"
    },
    {
      "timestamp": 1281887334,
      "data": [
        {
          "comment": {
            "timestamp": 1281887334,
            "comment": "redacted",
            "author": "Mark Husen"
          }
        }
      ],
      "title": "redacted"
    },
    {
      "timestamp": 1281968782,
      "data": [
        {
          "comment": {
            "timestamp": 1281968782,
            "comment": "redacted",
            "author": "Mark Husen"
          }
        }
      ],
      "title": "redacted"
    },
    {
      "timestamp": 1285155534,
      "data": [
        {
          "comment": {
            "timestamp": 1285155534,
            "comment": "redacted",
            "author": "Mark Husen"
          }
        }
      ],
      "title": "redacted"
    },
    {
      "timestamp": 1285433168,
      "data": [
        {
          "comment": {
            "timestamp": 1285433168,
            "comment": "redacted",
            "author": "Mark Husen"
          }
        }
      ],
      "title": "redacted"
    },
    {
      "timestamp": 1285693182,
      "data": [
        {
          "comment": {
            "timestamp": 1285693182,
            "comment": "redacted",
            "author": "Mark Husen"
          }
        }
      ],
      "title": "redacted"
    },
    {
      "timestamp": 1286023356,
      "data": [
        {
          "comment": {
            "timestamp": 1286023356,
            "comment": "redacted",
            "author": "Mark Husen"
          }
        }
      ],
      "title": "redacted"
    },
    {
      "timestamp": 1286023483,
      "data": [
        {
          "comment": {
            "timestamp": 1286023483,
            "comment": "redacted",
            "author": "Mark Husen"
          }
        }
      ],
      "title": "redacted"
    },
    {
      "timestamp": 1286024684,
      "data": [
        {
          "comment": {
            "timestamp": 1286024684,
            "comment": "redacted",
            "author": "Mark Husen"
          }
        }
      ],
      "title": "redacted"
    },
    {
      "timestamp": 1286025081,
      "data": [
        {
          "comment": {
            "timestamp": 1286025081,
            "comment": "redacted",
            "author": "Mark Husen"
          }
        }
      ],
      "title": "redacted"
    },
    {
      "timestamp": 1286049917,
      "data": [
        {
          "comment": {
            "timestamp": 1286049917,
            "comment": "redacted",
            "author": "Mark Husen"
          }
        }
      ],
      "title": "redacted"
    },
    {
      "timestamp": 1286092145,
      "data": [
        {
          "comment": {
            "timestamp": 1286092145,
            "comment": "redacted",
            "author": "Mark Husen"
          }
        }
      ],
      "title": "redacted"
    },
    {
      "timestamp": 1286104479,
      "data": [
        {
          "comment": {
            "timestamp": 1286104479,
            "comment": "redacted",
            "author": "Mark Husen"
          }
        }
      ],
      "title": "redacted"
    },
    {
      "timestamp": 1286104588,
      "data": [
        {
          "comment": {
            "timestamp": 1286104588,
            "comment": "redacted",
            "author": "Mark Husen"
          }
        }
      ],
      "title": "redacted"
    },
    {
      "timestamp": 1286116005,
      "data": [
        {
          "comment": {
            "timestamp": 1286116005,
            "comment": "redacted",
            "author": "Mark Husen"
          }
        }
      ],
      "title": "redacted"
    },
    {
      "timestamp": 1286130309,
      "data": [
        {
          "comment": {
            "timestamp": 1286130309,
            "comment": "redacted",
            "author": "Mark Husen"
          }
        }
      ],
      "title": "redacted"
    },
    {
      "timestamp": 1286565839,
      "data": [
        {
          "comment": {
            "timestamp": 1286565839,
            "comment": "redacted",
            "author": "Mark Husen"
          }
        }
      ],
      "title": "redacted"
    },
    {
      "timestamp": 1286913866,
      "data": [
        {
          "comment": {
            "timestamp": 1286913866,
            "comment": "redacted",
            "author": "Mark Husen"
          }
        }
      ],
      "title": "redacted"
    },
    {
      "timestamp": 1288107967,
      "data": [
        {
          "comment": {
            "timestamp": 1288107967,
            "comment": "redacted",
            "author": "Mark Husen"
          }
        }
      ],
      "title": "redacted"
    },
    {
      "timestamp": 1288107985,
      "data": [
        {
          "comment": {
            "timestamp": 1288107985,
            "comment": "redacted",
            "author": "Mark Husen"
          }
        }
      ],
      "title": "redacted"
    },
    {
      "timestamp": 1288111338,
      "data": [
        {
          "comment": {
            "timestamp": 1288111338,
            "comment": "redacted",
            "author": "Mark Husen"
          }
        }
      ],
      "title": "redacted"
    },
    {
      "timestamp": 1288111374,
      "data": [
        {
          "comment": {
            "timestamp": 1288111374,
            "comment": "redacted",
            "author": "Mark Husen"
          }
        }
      ],
      "title": "redacted"
    },
    {
      "timestamp": 1288111527,
      "data": [
        {
          "comment": {
            "timestamp": 1288111527,
            "comment": "redacted",
            "author": "Mark Husen"
          }
        }
      ],
      "title": "redacted"
    },
    {
      "timestamp": 1288113175,
      "data": [
        {
          "comment": {
            "timestamp": 1288113175,
            "comment": "redacted",
            "author": "Mark Husen"
          }
        }
      ],
      "title": "redacted"
    },
    {
      "timestamp": 1289421973,
      "data": [
        {
          "comment": {
            "timestamp": 1289421973,
            "comment": "redacted",
            "author": "Mark Husen"
          }
        }
      ],
      "title": "redacted"
    },
    {
      "timestamp": 1290545456,
      "data": [
        {
          "comment": {
            "timestamp": 1290545456,
            "comment": "redacted",
            "author": "Mark Husen"
          }
        }
      ],
      "title": "redacted"
    },
    {
      "timestamp": 1291397435,
      "data": [
        {
          "comment": {
            "timestamp": 1291397435,
            "comment": "redacted",
            "author": "Mark Husen"
          }
        }
      ],
      "title": "redacted"
    },
    {
      "timestamp": 1291397677,
      "data": [
        {
          "comment": {
            "timestamp": 1291397677,
            "comment": "redacted",
            "author": "Mark Husen"
          }
        }
      ],
      "title": "redacted"
    },
    {
      "timestamp": 1291411859,
      "data": [
        {
          "comment": {
            "timestamp": 1291411859,
            "comment": "redacted",
            "author": "Mark Husen"
          }
        }
      ],
      "title": "redacted"
    },
    {
      "timestamp": 1291417494,
      "data": [
        {
          "comment": {
            "timestamp": 1291417494,
            "comment": "redacted",
            "author": "Mark Husen"
          }
        }
      ],
      "title": "redacted"
    },
    {
      "timestamp": 1291495128,
      "data": [
        {
          "comment": {
            "timestamp": 1291495128,
            "comment": "redacted",
            "author": "Mark Husen"
          }
        }
      ],
      "title": "redacted"
    },
    {
      "timestamp": 1291502519,
      "data": [
        {
          "comment": {
            "timestamp": 1291502519,
            "comment": "redacted",
            "author": "Mark Husen"
          }
        }
      ],
      "title": "redacted"
    },
    {
      "timestamp": 1291561998,
      "data": [
        {
          "comment": {
            "timestamp": 1291561998,
            "comment": "redacted",
            "author": "Mark Husen"
          }
        }
      ],
      "title": "redacted"
    },
    {
      "timestamp": 1291920892,
      "data": [
        {
          "comment": {
            "timestamp": 1291920892,
            "comment": "redacted",
            "author": "Mark Husen"
          }
        }
      ],
      "title": "redacted"
    },
    {
      "timestamp": 1292260612,
      "data": [
        {
          "comment": {
            "timestamp": 1292260612,
            "comment": "redacted",
            "author": "Mark Husen"
          }
        }
      ],
      "title": "redacted"
    },
    {
      "timestamp": 1292271147,
      "data": [
        {
          "comment": {
            "timestamp": 1292271147,
            "comment": "redacted",
            "author": "Mark Husen"
          }
        }
      ],
      "title": "redacted"
    },
    {
      "timestamp": 1292537777,
      "data": [
        {
          "comment": {
            "timestamp": 1292537777,
            "comment": "redacted",
            "author": "Mark Husen"
          }
        }
      ],
      "title": "redacted"
    },
    {
      "timestamp": 1292797220,
      "data": [
        {
          "comment": {
            "timestamp": 1292797220,
            "comment": "redacted",
            "author": "Mark Husen"
          }
        }
      ],
      "title": "redacted"
    },
    {
      "timestamp": 1294947248,
      "data": [
        {
          "comment": {
            "timestamp": 1294947248,
            "comment": "redacted",
            "author": "Mark Husen"
          }
        }
      ],
      "title": "redacted"
    },
    {
      "timestamp": 1294947313,
      "data": [
        {
          "comment": {
            "timestamp": 1294947313,
            "comment": "redacted",
            "author": "Mark Husen"
          }
        }
      ],
      "title": "redacted"
    },
    {
      "timestamp": 1295268204,
      "data": [
        {
          "comment": {
            "timestamp": 1295268204,
            "comment": "redacted",
            "author": "Mark Husen"
          }
        }
      ],
      "title": "redacted"
    },
    {
      "timestamp": 1295987144,
      "data": [
        {
          "comment": {
            "timestamp": 1295987144,
            "comment": "redacted",
            "author": "Mark Husen"
          }
        }
      ],
      "title": "redacted"
    },
    {
      "timestamp": 1295989310,
      "data": [
        {
          "comment": {
            "timestamp": 1295989310,
            "comment": "redacted",
            "author": "Mark Husen"
          }
        }
      ],
      "title": "redacted"
    },
    {
      "timestamp": 1296152760,
      "data": [
        {
          "comment": {
            "timestamp": 1296152760,
            "comment": "redacted",
            "author": "Mark Husen"
          }
        }
      ],
      "title": "redacted"
    },
    {
      "timestamp": 1297193600,
      "data": [
        {
          "comment": {
            "timestamp": 1297193600,
            "comment": "redacted",
            "author": "Mark Husen"
          }
        }
      ],
      "title": "redacted"
    },
    {
      "timestamp": 1297193892,
      "data": [
        {
          "comment": {
            "timestamp": 1297193892,
            "comment": "redacted",
            "author": "Mark Husen"
          }
        }
      ],
      "title": "redacted"
    },
    {
      "timestamp": 1297194484,
      "data": [
        {
          "comment": {
            "timestamp": 1297194484,
            "comment": "redacted",
            "author": "Mark Husen"
          }
        }
      ],
      "title": "redacted"
    },
    {
      "timestamp": 1297624471,
      "data": [
        {
          "comment": {
            "timestamp": 1297624471,
            "comment": "redacted",
            "author": "Mark Husen"
          }
        }
      ],
      "title": "redacted"
    },
    {
      "timestamp": 1297791428,
      "data": [
        {
          "comment": {
            "timestamp": 1297791428,
            "comment": "redacted",
            "author": "Mark Husen"
          }
        }
      ],
      "title": "redacted"
    },
    {
      "timestamp": 1297791629,
      "data": [
        {
          "comment": {
            "timestamp": 1297791629,
            "comment": "redacted",
            "author": "Mark Husen"
          }
        }
      ],
      "title": "redacted"
    },
    {
      "timestamp": 1297793036,
      "data": [
        {
          "comment": {
            "timestamp": 1297793036,
            "comment": "redacted",
            "author": "Mark Husen"
          }
        }
      ],
      "title": "redacted"
    },
    {
      "timestamp": 1297797889,
      "data": [
        {
          "comment": {
            "timestamp": 1297797889,
            "comment": "redacted",
            "author": "Mark Husen"
          }
        }
      ],
      "title": "redacted"
    },
    {
      "timestamp": 1297966463,
      "data": [
        {
          "comment": {
            "timestamp": 1297966463,
            "comment": "redacted",
            "author": "Mark Husen"
          }
        }
      ],
      "title": "redacted"
    },
    {
      "timestamp": 1298130228,
      "data": [
        {
          "comment": {
            "timestamp": 1298130228,
            "comment": "redacted",
            "author": "Mark Husen"
          }
        }
      ],
      "title": "redacted"
    },
    {
      "timestamp": 1298906382,
      "data": [
        {
          "comment": {
            "timestamp": 1298906382,
            "comment": "redacted",
            "author": "Mark Husen"
          }
        }
      ],
      "title": "redacted"
    },
    {
      "timestamp": 1299273965,
      "data": [
        {
          "comment": {
            "timestamp": 1299273965,
            "comment": "redacted",
            "author": "Mark Husen"
          }
        }
      ],
      "title": "redacted"
    },
    {
      "timestamp": 1299274098,
      "data": [
        {
          "comment": {
            "timestamp": 1299274098,
            "comment": "redacted",
            "author": "Mark Husen"
          }
        }
      ],
      "title": "redacted"
    },
    {
      "timestamp": 1300741741,
      "data": [
        {
          "comment": {
            "timestamp": 1300741741,
            "comment": "redacted",
            "author": "Mark Husen"
          }
        }
      ],
      "title": "redacted"
    },
    {
      "timestamp": 1301429537,
      "data": [
        {
          "comment": {
            "timestamp": 1301429537,
            "comment": "redacted",
            "author": "Mark Husen"
          }
        }
      ],
      "title": "redacted"
    },
    {
      "timestamp": 1301494758,
      "data": [
        {
          "comment": {
            "timestamp": 1301494758,
            "comment": "redacted",
            "author": "Mark Husen"
          }
        }
      ],
      "title": "redacted"
    },
    {
      "timestamp": 1301593644,
      "data": [
        {
          "comment": {
            "timestamp": 1301593644,
            "comment": "redacted",
            "author": "Mark Husen"
          }
        }
      ],
      "title": "redacted"
    },
    {
      "timestamp": 1302454505,
      "data": [
        {
          "comment": {
            "timestamp": 1302454505,
            "comment": "redacted",
            "author": "Mark Husen"
          }
        }
      ],
      "title": "redacted"
    },
    {
      "timestamp": 1303910841,
      "data": [
        {
          "comment": {
            "timestamp": 1303910841,
            "comment": "redacted",
            "author": "Mark Husen"
          }
        }
      ],
      "title": "redacted"
    },
    {
      "timestamp": 1303910987,
      "data": [
        {
          "comment": {
            "timestamp": 1303910987,
            "comment": "redacted",
            "author": "Mark Husen"
          }
        }
      ],
      "title": "redacted"
    },
    {
      "timestamp": 1303911135,
      "data": [
        {
          "comment": {
            "timestamp": 1303911135,
            "comment": "redacted",
            "author": "Mark Husen"
          }
        }
      ],
      "title": "redacted"
    },
    {
      "timestamp": 1303911383,
      "data": [
        {
          "comment": {
            "timestamp": 1303911383,
            "comment": "redacted",
            "author": "Mark Husen"
          }
        }
      ],
      "title": "redacted"
    },
    {
      "timestamp": 1314293138,
      "data": [
        {
          "comment": {
            "timestamp": 1314293138,
            "comment": "redacted",
            "author": "Mark Husen"
          }
        }
      ],
      "title": "redacted"
    },
    {
      "timestamp": 1314387221,
      "data": [
        {
          "comment": {
            "timestamp": 1314387221,
            "comment": "redacted",
            "author": "Mark Husen"
          }
        }
      ],
      "title": "redacted"
    },
    {
      "timestamp": 1317642114,
      "data": [
        {
          "comment": {
            "timestamp": 1317642114,
            "comment": "redacted",
            "author": "Mark Husen"
          }
        }
      ],
      "title": "redacted"
    },
    {
      "timestamp": 1317642361,
      "data": [
        {
          "comment": {
            "timestamp": 1317642361,
            "comment": "redacted",
            "author": "Mark Husen"
          }
        }
      ],
      "title": "redacted"
    },
    {
      "timestamp": 1317642427,
      "data": [
        {
          "comment": {
            "timestamp": 1317642427,
            "comment": "redacted",
            "author": "Mark Husen"
          }
        }
      ],
      "title": "redacted"
    },
    {
      "timestamp": 1317642462,
      "data": [
        {
          "comment": {
            "timestamp": 1317642462,
            "comment": "redacted",
            "author": "Mark Husen"
          }
        }
      ],
      "title": "redacted"
    },
    {
      "timestamp": 1317642527,
      "data": [
        {
          "comment": {
            "timestamp": 1317642527,
            "comment": "redacted",
            "author": "Mark Husen"
          }
        }
      ],
      "title": "redacted"
    },
    {
      "timestamp": 1317642548,
      "data": [
        {
          "comment": {
            "timestamp": 1317642548,
            "comment": "redacted",
            "author": "Mark Husen"
          }
        }
      ],
      "title": "redacted"
    },
    {
      "timestamp": 1317642565,
      "data": [
        {
          "comment": {
            "timestamp": 1317642565,
            "comment": "redacted",
            "author": "Mark Husen"
          }
        }
      ],
      "title": "redacted"
    },
    {
      "timestamp": 1317642683,
      "data": [
        {
          "comment": {
            "timestamp": 1317642683,
            "comment": "redacted",
            "author": "Mark Husen"
          }
        }
      ],
      "title": "redacted"
    },
    {
      "timestamp": 1317743284,
      "data": [
        {
          "comment": {
            "timestamp": 1317743284,
            "comment": "redacted",
            "author": "Mark Husen"
          }
        }
      ],
      "title": "redacted"
    },
    {
      "timestamp": 1317754891,
      "data": [
        {
          "comment": {
            "timestamp": 1317754891,
            "comment": "redacted",
            "author": "Mark Husen"
          }
        }
      ],
      "title": "redacted"
    },
    {
      "timestamp": 1322159656,
      "data": [
        {
          "comment": {
            "timestamp": 1322159656,
            "comment": "redacted",
            "author": "Mark Husen"
          }
        }
      ],
      "title": "redacted"
    },
    {
      "timestamp": 1322817396,
      "data": [
        {
          "comment": {
            "timestamp": 1322817396,
            "comment": "redacted",
            "author": "Mark Husen"
          }
        }
      ],
      "title": "redacted"
    },
    {
      "timestamp": 1322840726,
      "data": [
        {
          "comment": {
            "timestamp": 1322840726,
            "comment": "redacted",
            "author": "Mark Husen"
          }
        }
      ],
      "title": "redacted"
    },
    {
      "timestamp": 1323527396,
      "attachments": [
        {
          "data": [
            {
              "external_context": {
                "name": "redacted",
                "source": "",
                "url": "redacted"
              }
            }
          ]
        }
      ],
      "data": [
        {
          "comment": {
            "timestamp": 1323527396,
            "comment": "redacted",
            "author": "Mark Husen"
          }
        }
      ],
      "title": "redacted"
    },
    {
      "timestamp": 1323527404,
      "data": [
        {
          "comment": {
            "timestamp": 1323527404,
            "comment": "redacted",
            "author": "Mark Husen"
          }
        }
      ],
      "title": "redacted"
    },
    {
      "timestamp": 1323527630,
      "data": [
        {
          "comment": {
            "timestamp": 1323527630,
            "comment": "redacted",
            "author": "Mark Husen"
          }
        }
      ],
      "title": "redacted"
    },
    {
      "timestamp": 1323528364,
      "data": [
        {
          "comment": {
            "timestamp": 1323528364,
            "comment": "redacted",
            "author": "Mark Husen"
          }
        }
      ],
      "title": "redacted"
    },
    {
      "timestamp": 1324046760,
      "data": [
        {
          "comment": {
            "timestamp": 1324046760,
            "comment": "redacted",
            "author": "Mark Husen"
          }
        }
      ],
      "title": "redacted"
    },
    {
      "timestamp": 1326830133,
      "data": [
        {
          "comment": {
            "timestamp": 1326830133,
            "comment": "redacted",
            "author": "Mark Husen"
          }
        }
      ],
      "title": "redacted"
    },
    {
      "timestamp": 1327424271,
      "data": [
        {
          "comment": {
            "timestamp": 1327424271,
            "comment": "redacted",
            "author": "Mark Husen"
          }
        }
      ],
      "title": "redacted"
    },
    {
      "timestamp": 1327433648,
      "data": [
        {
          "comment": {
            "timestamp": 1327433648,
            "comment": "redacted",
            "author": "Mark Husen"
          }
        }
      ],
      "title": "redacted"
    },
    {
      "timestamp": 1327745294,
      "data": [
        {
          "comment": {
            "timestamp": 1327745294,
            "comment": "redacted",
            "author": "Mark Husen"
          }
        }
      ],
      "title": "redacted"
    },
    {
      "timestamp": 1328624921,
      "data": [
        {
          "comment": {
            "timestamp": 1328624921,
            "comment": "redacted",
            "author": "Mark Husen"
          }
        }
      ],
      "title": "redacted"
    },
    {
      "timestamp": 1328626194,
      "data": [
        {
          "comment": {
            "timestamp": 1328626194,
            "comment": "redacted",
            "author": "Mark Husen"
          }
        }
      ],
      "title": "redacted"
    },
    {
      "timestamp": 1330008224,
      "data": [
        {
          "comment": {
            "timestamp": 1330008224,
            "comment": "redacted",
            "author": "Mark Husen"
          }
        }
      ],
      "title": "redacted"
    },
    {
      "timestamp": 1331041235,
      "data": [
        {
          "comment": {
            "timestamp": 1331041235,
            "comment": "redacted",
            "author": "Mark Husen"
          }
        }
      ],
      "title": "redacted"
    },
    {
      "timestamp": 1331041490,
      "data": [
        {
          "comment": {
            "timestamp": 1331041490,
            "comment": "redacted",
            "author": "Mark Husen"
          }
        }
      ],
      "title": "redacted"
    },
    {
      "timestamp": 1331716711,
      "data": [
        {
          "comment": {
            "timestamp": 1331716711,
            "comment": "redacted",
            "author": "Mark Husen"
          }
        }
      ],
      "title": "redacted"
    },
    {
      "timestamp": 1333044490,
      "data": [
        {
          "comment": {
            "timestamp": 1333044490,
            "comment": "redacted",
            "author": "Mark Husen"
          }
        }
      ],
      "title": "redacted"
    },
    {
      "timestamp": 1333274916,
      "data": [
        {
          "comment": {
            "timestamp": 1333274916,
            "comment": "redacted",
            "author": "Mark Husen"
          }
        }
      ],
      "title": "redacted"
    },
    {
      "timestamp": 1335630503,
      "data": [
        {
          "comment": {
            "timestamp": 1335630503,
            "comment": "redacted",
            "author": "Mark Husen"
          }
        }
      ],
      "title": "redacted"
    },
    {
      "timestamp": 1335630558,
      "data": [
        {
          "comment": {
            "timestamp": 1335630558,
            "comment": "redacted",
            "author": "Mark Husen"
          }
        }
      ],
      "title": "redacted"
    },
    {
      "timestamp": 1335630588,
      "data": [
        {
          "comment": {
            "timestamp": 1335630588,
            "comment": "redacted",
            "author": "Mark Husen"
          }
        }
      ],
      "title": "redacted"
    },
    {
      "timestamp": 1335630641,
      "data": [
        {
          "comment": {
            "timestamp": 1335630641,
            "comment": "redacted",
            "author": "Mark Husen"
          }
        }
      ],
      "title": "redacted"
    },
    {
      "timestamp": 1337031664,
      "data": [
        {
          "comment": {
            "timestamp": 1337031664,
            "comment": "redacted",
            "author": "Mark Husen"
          }
        }
      ],
      "title": "redacted"
    },
    {
      "timestamp": 1338136861,
      "data": [
        {
          "comment": {
            "timestamp": 1338136861,
            "comment": "redacted",
            "author": "Mark Husen"
          }
        }
      ],
      "title": "redacted"
    },
    {
      "timestamp": 1341102776,
      "data": [
        {
          "comment": {
            "timestamp": 1341102776,
            "comment": "redacted",
            "author": "Mark Husen"
          }
        }
      ],
      "title": "redacted"
    },
    {
      "timestamp": 1341575247,
      "data": [
        {
          "comment": {
            "timestamp": 1341575247,
            "comment": "redacted",
            "author": "Mark Husen"
          }
        }
      ],
      "title": "redacted"
    },
    {
      "timestamp": 1341995455,
      "data": [
        {
          "comment": {
            "timestamp": 1341995455,
            "comment": "redacted",
            "author": "Mark Husen"
          }
        }
      ],
      "title": "redacted"
    },
    {
      "timestamp": 1342803895,
      "data": [
        {
          "comment": {
            "timestamp": 1342803895,
            "comment": "redacted",
            "author": "Mark Husen"
          }
        }
      ],
      "title": "redacted"
    },
    {
      "timestamp": 1344440293,
      "data": [
        {
          "comment": {
            "timestamp": 1344440293,
            "comment": "redacted",
            "author": "Mark Husen"
          }
        }
      ],
      "title": "redacted"
    },
    {
      "timestamp": 1348673371,
      "data": [
        {
          "comment": {
            "timestamp": 1348673371,
            "comment": "redacted",
            "author": "Mark Husen"
          }
        }
      ],
      "title": "redacted"
    },
    {
      "timestamp": 1348673964,
      "data": [
        {
          "comment": {
            "timestamp": 1348673964,
            "comment": "redacted",
            "author": "Mark Husen"
          }
        }
      ],
      "title": "redacted"
    },
    {
      "timestamp": 1349284697,
      "data": [
        {
          "comment": {
            "timestamp": 1349284697,
            "comment": "redacted",
            "author": "Mark Husen"
          }
        }
      ],
      "title": "redacted"
    },
    {
      "timestamp": 1349734216,
      "data": [
        {
          "comment": {
            "timestamp": 1349734216,
            "comment": "redacted",
            "author": "Mark Husen"
          }
        }
      ],
      "title": "redacted"
    },
    {
      "timestamp": 1350330047,
      "data": [
        {
          "comment": {
            "timestamp": 1350330047,
            "comment": "redacted",
            "author": "Mark Husen"
          }
        }
      ],
      "title": "redacted"
    },
    {
      "timestamp": 1351942576,
      "data": [
        {
          "comment": {
            "timestamp": 1351942576,
            "comment": "redacted",
            "author": "Mark Husen"
          }
        }
      ],
      "title": "redacted"
    },
    {
      "timestamp": 1367332163,
      "data": [
        {
          "comment": {
            "timestamp": 1367332163,
            "comment": "redacted",
            "author": "Mark Husen"
          }
        }
      ],
      "title": "redacted"
    },
    {
      "timestamp": 1370967386,
      "data": [
        {
          "comment": {
            "timestamp": 1370967386,
            "comment": "redacted",
            "author": "Mark Husen"
          }
        }
      ],
      "title": "redacted"
    },
    {
      "timestamp": 1371674564,
      "data": [
        {
          "comment": {
            "timestamp": 1371674564,
            "comment": "redacted",
            "author": "Mark Husen"
          }
        }
      ],
      "title": "redacted"
    },
    {
      "timestamp": 1377266267,
      "data": [
        {
          "comment": {
            "timestamp": 1377266267,
            "comment": "redacted",
            "author": "Mark Husen"
          }
        }
      ],
      "title": "redacted"
    },
    {
      "timestamp": 1377266450,
      "data": [
        {
          "comment": {
            "timestamp": 1377266450,
            "comment": "redacted",
            "author": "Mark Husen"
          }
        }
      ],
      "title": "redacted"
    },
    {
      "timestamp": 1383047268,
      "attachments": [
        {
          "data": [
            {
              "media": {
                "uri": "your_activity_across_facebook/posts/media/your_posts/redacted_image.png",
                "creation_timestamp": 1383047266,
                "media_metadata": {
                  "photo_metadata": {
                    "exif_data": [
                      {
                        "upload_ip": "127.0.0.1",
                        "taken_timestamp": 1383047269
                      }
                    ]
                  }
                }
              }
            }
          ]
        }
      ],
      "data": [
        {
          "comment": {
            "timestamp": 1383047268,
            "comment": "",
            "author": "Mark Husen"
          }
        }
      ],
      "title": "redacted"
    },
    {
      "timestamp": 1399806089,
      "data": [
        {
          "comment": {
            "timestamp": 1399806089,
            "comment": "redacted",
            "author": "Mark Husen"
          }
        }
      ],
      "title": "redacted"
    },
    {
      "timestamp": 1413960150,
      "data": [
        {
          "comment": {
            "timestamp": 1413960150,
            "comment": "redacted",
            "author": "Mark Husen"
          }
        }
      ],
      "title": "redacted"
    },
    {
      "timestamp": 1421961960,
      "data": [
        {
          "comment": {
            "timestamp": 1421961960,
            "comment": "redacted",
            "author": "Mark Husen"
          }
        }
      ],
      "title": "redacted"
    },
    {
      "timestamp": 1425572222,
      "data": [
        {
          "comment": {
            "timestamp": 1425572222,
            "comment": "redacted",
            "author": "Mark Husen"
          }
        }
      ],
      "title": "redacted"
    },
    {
      "timestamp": 1439915171,
      "data": [
        {
          "comment": {
            "timestamp": 1439915171,
            "comment": "redacted",
            "author": "Mark Husen"
          }
        }
      ],
      "title": "redacted"
    },
    {
      "timestamp": 1441011145,
      "data": [
        {
          "comment": {
            "timestamp": 1441011145,
            "comment": "redacted",
            "author": "Mark Husen"
          }
        }
      ],
      "title": "redacted"
    },
    {
      "timestamp": 1444731456,
      "data": [
        {
          "comment": {
            "timestamp": 1444731456,
            "comment": "redacted",
            "author": "Mark Husen"
          }
        }
      ],
      "title": "redacted"
    },
    {
      "timestamp": 1444736890,
      "data": [
        {
          "comment": {
            "timestamp": 1444736890,
            "comment": "redacted",
            "author": "Mark Husen"
          }
        }
      ],
      "title": "redacted"
    },
    {
      "timestamp": 1446377770,
      "attachments": [
        {
          "data": [
            {
              "media": {
                "uri": "your_activity_across_facebook/messages/stickers_used/redacted_image.png",
                "ai_stickers": [
                  
                ]
              }
            }
          ]
        }
      ],
      "data": [
        {
          "comment": {
            "timestamp": 1446377770,
            "comment": "",
            "author": "Mark Husen"
          }
        }
      ],
      "title": "redacted"
    },
    {
      "timestamp": 1447775662,
      "data": [
        {
          "comment": {
            "timestamp": 1447775662,
            "comment": "redacted",
            "author": "Mark Husen"
          }
        }
      ],
      "title": "redacted"
    },
    {
      "timestamp": 1450430741,
      "data": [
        {
          "comment": {
            "timestamp": 1450430741,
            "comment": "redacted",
            "author": "Mark Husen"
          }
        }
      ],
      "title": "redacted"
    },
    {
      "timestamp": 1454772929,
      "data": [
        {
          "comment": {
            "timestamp": 1454772929,
            "comment": "redacted",
            "author": "Mark Husen"
          }
        }
      ],
      "title": "redacted"
    },
    {
      "timestamp": 1454773660,
      "data": [
        {
          "comment": {
            "timestamp": 1454773660,
            "comment": "redacted",
            "author": "Mark Husen"
          }
        }
      ],
      "title": "redacted"
    },
    {
      "timestamp": 1471018446,
      "data": [
        {
          "comment": {
            "timestamp": 1471018446,
            "comment": "redacted",
            "author": "Mark Husen"
          }
        }
      ],
      "title": "redacted"
    },
    {
      "timestamp": 1473753659,
      "data": [
        {
          "comment": {
            "timestamp": 1473753659,
            "comment": "redacted",
            "author": "Mark Husen"
          }
        }
      ],
      "title": "redacted"
    },
    {
      "timestamp": 1478193546,
      "data": [
        {
          "comment": {
            "timestamp": 1478193546,
            "comment": "redacted",
            "author": "Mark Husen"
          }
        }
      ],
      "title": "redacted"
    },
    {
      "timestamp": 1478616873,
      "data": [
        {
          "comment": {
            "timestamp": 1478616873,
            "comment": "redacted",
            "author": "Mark Husen"
          }
        }
      ],
      "title": "redacted"
    },
    {
      "timestamp": 1481229469,
      "data": [
        {
          "comment": {
            "timestamp": 1481229469,
            "comment": "redacted",
            "author": "Mark Husen"
          }
        }
      ],
      "title": "redacted"
    },
    {
      "timestamp": 1481793058,
      "data": [
        {
          "comment": {
            "timestamp": 1481793058,
            "comment": "redacted",
            "author": "Mark Husen"
          }
        }
      ],
      "title": "redacted"
    },
    {
      "timestamp": 1497958890,
      "data": [
        {
          "comment": {
            "timestamp": 1497958890,
            "comment": "redacted",
            "author": "Mark Husen"
          }
        }
      ],
      "title": "redacted"
    },
    {
      "timestamp": 1501249426,
      "data": [
        {
          "comment": {
            "timestamp": 1501249426,
            "comment": "redacted",
            "author": "Mark Husen"
          }
        }
      ],
      "title": "redacted"
    },
    {
      "timestamp": 1511467583,
      "data": [
        {
          "comment": {
            "timestamp": 1511467583,
            "comment": "redacted",
            "author": "Mark Husen"
          }
        }
      ],
      "title": "redacted"
    },
    {
      "timestamp": 1512899889,
      "data": [
        {
          "comment": {
            "timestamp": 1512899889,
            "comment": "redacted",
            "author": "Mark Husen"
          }
        }
      ],
      "title": "redacted"
    },
    {
      "timestamp": 1514118726,
      "data": [
        {
          "comment": {
            "timestamp": 1514118726,
            "comment": "redacted",
            "author": "Mark Husen"
          }
        }
      ],
      "title": "redacted"
    },
    {
      "timestamp": 1528022701,
      "data": [
        {
          "comment": {
            "timestamp": 1528022701,
            "comment": "redacted",
            "author": "Mark Husen"
          }
        }
      ],
      "title": "redacted"
    },
    {
      "timestamp": 1529472735,
      "data": [
        {
          "comment": {
            "timestamp": 1529472735,
            "comment": "redacted",
            "author": "Mark Husen"
          }
        }
      ],
      "title": "redacted"
    },
    {
      "timestamp": 1533939679,
      "data": [
        {
          "comment": {
            "timestamp": 1533939679,
            "comment": "redacted",
            "author": "Mark Husen"
          }
        }
      ],
      "title": "redacted"
    },
    {
      "timestamp": 1534966948,
      "data": [
        {
          "comment": {
            "timestamp": 1534966948,
            "comment": "redacted",
            "author": "Mark Husen"
          }
        }
      ],
      "title": "redacted"
    },
    {
      "timestamp": 1536168338,
      "data": [
        {
          "comment": {
            "timestamp": 1536168338,
            "comment": "redacted",
            "author": "Mark Husen"
          }
        }
      ],
      "title": "redacted"
    },
    {
      "timestamp": 1536235071,
      "data": [
        {
          "comment": {
            "timestamp": 1536235071,
            "comment": "redacted",
            "author": "Mark Husen"
          }
        }
      ],
      "title": "redacted"
    },
    {
      "timestamp": 1537024583,
      "data": [
        {
          "comment": {
            "timestamp": 1537024583,
            "comment": "redacted",
            "author": "Mark Husen"
          }
        }
      ],
      "title": "redacted"
    },
    {
      "timestamp": 1538585782,
      "data": [
        {
          "comment": {
            "timestamp": 1538585782,
            "comment": "redacted",
            "author": "Mark Husen"
          }
        }
      ],
      "title": "redacted"
    },
    {
      "timestamp": 1538906278,
      "data": [
        {
          "comment": {
            "timestamp": 1538906278,
            "comment": "redacted",
            "author": "Mark Husen"
          }
        }
      ],
      "title": "redacted"
    },
    {
      "timestamp": 1539069054,
      "data": [
        {
          "comment": {
            "timestamp": 1539069054,
            "comment": "redacted",
            "author": "Mark Husen"
          }
        }
      ],
      "title": "redacted"
    },
    {
      "timestamp": 1539107679,
      "data": [
        {
          "comment": {
            "timestamp": 1539107679,
            "comment": "redacted",
            "author": "Mark Husen"
          }
        }
      ],
      "title": "redacted"
    },
    {
      "timestamp": 1539107839,
      "data": [
        {
          "comment": {
            "timestamp": 1539107839,
            "comment": "redacted",
            "author": "Mark Husen"
          }
        }
      ],
      "title": "redacted"
    },
    {
      "timestamp": 1539107946,
      "data": [
        {
          "comment": {
            "timestamp": 1539107946,
            "comment": "redacted",
            "author": "Mark Husen"
          }
        }
      ],
      "title": "redacted"
    },
    {
      "timestamp": 1539108273,
      "data": [
        {
          "comment": {
            "timestamp": 1539108273,
            "comment": "redacted",
            "author": "Mark Husen"
          }
        }
      ],
      "title": "redacted"
    },
    {
      "timestamp": 1541671539,
      "data": [
        {
          "comment": {
            "timestamp": 1541671539,
            "comment": "redacted",
            "author": "Mark Husen"
          }
        }
      ],
      "title": "redacted"
    },
    {
      "timestamp": 1543505547,
      "data": [
        {
          "comment": {
            "timestamp": 1543505547,
            "comment": "redacted",
            "author": "Mark Husen"
          }
        }
      ],
      "title": "redacted"
    },
    {
      "timestamp": 1544372303,
      "data": [
        {
          "comment": {
            "timestamp": 1544372303,
            "comment": "redacted",
            "author": "Mark Husen"
          }
        }
      ],
      "title": "redacted"
    },
    {
      "timestamp": 1545948035,
      "data": [
        {
          "comment": {
            "timestamp": 1545948035,
            "comment": "redacted",
            "author": "Mark Husen"
          }
        }
      ],
      "title": "redacted"
    },
    {
      "timestamp": 1547027958,
      "data": [
        {
          "comment": {
            "timestamp": 1547027958,
            "comment": "redacted",
            "author": "Mark Husen"
          }
        }
      ],
      "title": "redacted"
    },
    {
      "timestamp": 1550734553,
      "data": [
        {
          "comment": {
            "timestamp": 1550734553,
            "comment": "redacted",
            "author": "Mark Husen"
          }
        }
      ],
      "title": "redacted"
    },
    {
      "timestamp": 1554999717,
      "data": [
        {
          "comment": {
            "timestamp": 1554999717,
            "comment": "redacted",
            "author": "Mark Husen"
          }
        }
      ],
      "title": "redacted"
    },
    {
      "timestamp": 1556211311,
      "data": [
        {
          "comment": {
            "timestamp": 1556211311,
            "comment": "redacted",
            "author": "Mark Husen"
          }
        }
      ],
      "title": "redacted"
    },
    {
      "timestamp": 1557499668,
      "data": [
        {
          "comment": {
            "timestamp": 1557499668,
            "comment": "redacted",
            "author": "Mark Husen"
          }
        }
      ],
      "title": "redacted"
    },
    {
      "timestamp": 1558014963,
      "data": [
        {
          "comment": {
            "timestamp": 1558014963,
            "comment": "redacted",
            "author": "Mark Husen"
          }
        }
      ],
      "title": "redacted"
    },
    {
      "timestamp": 1558036280,
      "data": [
        {
          "comment": {
            "timestamp": 1558036280,
            "comment": "redacted",
            "author": "Mark Husen"
          }
        }
      ],
      "title": "redacted"
    },
    {
      "timestamp": 1558541028,
      "data": [
        {
          "comment": {
            "timestamp": 1558541028,
            "comment": "redacted",
            "author": "Mark Husen"
          }
        }
      ],
      "title": "redacted"
    },
    {
      "timestamp": 1558767582,
      "data": [
        {
          "comment": {
            "timestamp": 1558767582,
            "comment": "redacted",
            "author": "Mark Husen"
          }
        }
      ],
      "title": "redacted"
    },
    {
      "timestamp": 1559198335,
      "data": [
        {
          "comment": {
            "timestamp": 1559198335,
            "comment": "redacted",
            "author": "Mark Husen"
          }
        }
      ],
      "title": "redacted"
    },
    {
      "timestamp": 1560451720,
      "data": [
        {
          "comment": {
            "timestamp": 1560451720,
            "comment": "redacted",
            "author": "Mark Husen"
          }
        }
      ],
      "title": "redacted"
    },
    {
      "timestamp": 1560794724,
      "data": [
        {
          "comment": {
            "timestamp": 1560794724,
            "comment": "redacted",
            "author": "Mark Husen"
          }
        }
      ],
      "title": "redacted"
    },
    {
      "timestamp": 1560794727,
      "data": [
        {
          "comment": {
            "timestamp": 1560794727,
            "comment": "redacted",
            "author": "Mark Husen"
          }
        }
      ],
      "title": "redacted"
    },
    {
      "timestamp": 1561136104,
      "data": [
        {
          "comment": {
            "timestamp": 1561136104,
            "comment": "redacted",
            "author": "Mark Husen"
          }
        }
      ],
      "title": "redacted"
    },
    {
      "timestamp": 1561913649,
      "data": [
        {
          "comment": {
            "timestamp": 1561913649,
            "comment": "redacted",
            "author": "Mark Husen"
          }
        }
      ],
      "title": "redacted"
    },
    {
      "timestamp": 1562555073,
      "data": [
        {
          "comment": {
            "timestamp": 1562555073,
            "comment": "redacted",
            "author": "Mark Husen"
          }
        }
      ],
      "title": "redacted"
    },
    {
      "timestamp": 1562614032,
      "data": [
        {
          "comment": {
            "timestamp": 1562614032,
            "comment": "redacted",
            "author": "Mark Husen"
          }
        }
      ],
      "title": "redacted"
    },
    {
      "timestamp": 1565417001,
      "data": [
        {
          "comment": {
            "timestamp": 1565417001,
            "comment": "redacted",
            "author": "Mark Husen"
          }
        }
      ],
      "title": "redacted"
    },
    {
      "timestamp": 1565890359,
      "data": [
        {
          "comment": {
            "timestamp": 1565890359,
            "comment": "redacted",
            "author": "Mark Husen"
          }
        }
      ],
      "title": "redacted"
    },
    {
      "timestamp": 1566597913,
      "data": [
        {
          "comment": {
            "timestamp": 1566597913,
            "comment": "redacted",
            "author": "Mark Husen"
          }
        }
      ],
      "title": "redacted"
    },
    {
      "timestamp": 1566598015,
      "data": [
        {
          "comment": {
            "timestamp": 1566598015,
            "comment": "redacted",
            "author": "Mark Husen"
          }
        }
      ],
      "title": "redacted"
    },
    {
      "timestamp": 1566843382,
      "data": [
        {
          "comment": {
            "timestamp": 1566843382,
            "comment": "redacted",
            "author": "Mark Husen"
          }
        }
      ],
      "title": "redacted"
    },
    {
      "timestamp": 1568751198,
      "data": [
        {
          "comment": {
            "timestamp": 1568751198,
            "comment": "redacted",
            "author": "Mark Husen"
          }
        }
      ],
      "title": "redacted"
    },
    {
      "timestamp": 1569953694,
      "data": [
        {
          "comment": {
            "timestamp": 1569953694,
            "comment": "redacted",
            "author": "Mark Husen"
          }
        }
      ],
      "title": "redacted"
    },
    {
      "timestamp": 1570720515,
      "data": [
        {
          "comment": {
            "timestamp": 1570720515,
            "comment": "redacted",
            "author": "Mark Husen"
          }
        }
      ],
      "title": "redacted"
    },
    {
      "timestamp": 1570769770,
      "data": [
        {
          "comment": {
            "timestamp": 1570769770,
            "comment": "redacted",
            "author": "Mark Husen"
          }
        }
      ],
      "title": "redacted"
    },
    {
      "timestamp": 1572203305,
      "data": [
        {
          "comment": {
            "timestamp": 1572203305,
            "comment": "redacted",
            "author": "Mark Husen"
          }
        }
      ],
      "title": "redacted"
    },
    {
      "timestamp": 1574242082,
      "data": [
        {
          "comment": {
            "timestamp": 1574242082,
            "comment": "redacted",
            "author": "Mark Husen"
          }
        }
      ],
      "title": "redacted"
    },
    {
      "timestamp": 1574345094,
      "data": [
        {
          "comment": {
            "timestamp": 1574345094,
            "comment": "redacted",
            "author": "Mark Husen"
          }
        }
      ],
      "title": "redacted"
    },
    {
      "timestamp": 1574698714,
      "data": [
        {
          "comment": {
            "timestamp": 1574698714,
            "comment": "redacted",
            "author": "Mark Husen"
          }
        }
      ],
      "title": "redacted"
    },
    {
      "timestamp": 1575918680,
      "data": [
        {
          "comment": {
            "timestamp": 1575918680,
            "comment": "redacted",
            "author": "Mark Husen"
          }
        }
      ],
      "title": "redacted"
    },
    {
      "timestamp": 1577260567,
      "data": [
        {
          "comment": {
            "timestamp": 1577260567,
            "comment": "redacted",
            "author": "Mark Husen"
          }
        }
      ],
      "title": "redacted"
    },
    {
      "timestamp": 1577528063,
      "data": [
        {
          "comment": {
            "timestamp": 1577528063,
            "comment": "redacted",
            "author": "Mark Husen"
          }
        }
      ],
      "title": "redacted"
    },
    {
      "timestamp": 1578461892,
      "data": [
        {
          "comment": {
            "timestamp": 1578461892,
            "comment": "redacted",
            "author": "Mark Husen"
          }
        }
      ],
      "title": "redacted"
    },
    {
      "timestamp": 1578583818,
      "data": [
        {
          "comment": {
            "timestamp": 1578583818,
            "comment": "redacted",
            "author": "Mark Husen"
          }
        }
      ],
      "title": "redacted"
    },
    {
      "timestamp": 1579467806,
      "data": [
        {
          "comment": {
            "timestamp": 1579467806,
            "comment": "redacted",
            "author": "Mark Husen"
          }
        }
      ],
      "title": "redacted"
    },
    {
      "timestamp": 1580285388,
      "data": [
        {
          "comment": {
            "timestamp": 1580285388,
            "comment": "redacted",
            "author": "Mark Husen"
          }
        }
      ],
      "title": "redacted"
    },
    {
      "timestamp": 1580308258,
      "data": [
        {
          "comment": {
            "timestamp": 1580308258,
            "comment": "redacted",
            "author": "Mark Husen"
          }
        }
      ],
      "title": "redacted"
    },
    {
      "timestamp": 1580313553,
      "data": [
        {
          "comment": {
            "timestamp": 1580313553,
            "comment": "redacted",
            "author": "Mark Husen"
          }
        }
      ],
      "title": "redacted"
    },
    {
      "timestamp": 1580901094,
      "attachments": [
        {
          "data": [
            {
              "external_context": {
                "url": "redacted"
              }
            }
          ]
        }
      ],
      "data": [
        {
          "comment": {
            "timestamp": 1580901094,
            "comment": "redacted",
            "author": "Mark Husen"
          }
        }
      ],
      "title": "redacted"
    },
    {
      "timestamp": 1584381854,
      "data": [
        {
          "comment": {
            "timestamp": 1584381854,
            "comment": "redacted",
            "author": "Mark Husen"
          }
        }
      ],
      "title": "redacted"
    },
    {
      "timestamp": 1584951754,
      "data": [
        {
          "comment": {
            "timestamp": 1584951754,
            "comment": "redacted",
            "author": "Mark Husen"
          }
        }
      ],
      "title": "redacted"
    },
    {
      "timestamp": 1585079079,
      "data": [
        {
          "comment": {
            "timestamp": 1585079079,
            "comment": "redacted",
            "author": "Mark Husen"
          }
        }
      ],
      "title": "redacted"
    },
    {
      "timestamp": 1585750143,
      "data": [
        {
          "comment": {
            "timestamp": 1585750143,
            "comment": "redacted",
            "author": "Mark Husen"
          }
        }
      ],
      "title": "redacted"
    },
    {
      "timestamp": 1587225207,
      "data": [
        {
          "comment": {
            "timestamp": 1587225207,
            "comment": "redacted",
            "author": "Mark Husen"
          }
        }
      ],
      "title": "redacted"
    },
    {
      "timestamp": 1589644009,
      "data": [
        {
          "comment": {
            "timestamp": 1589644009,
            "comment": "redacted",
            "author": "Mark Husen"
          }
        }
      ],
      "title": "redacted"
    },
    {
      "timestamp": 1591639416,
      "data": [
        {
          "comment": {
            "timestamp": 1591639416,
            "comment": "redacted",
            "author": "Mark Husen"
          }
        }
      ],
      "title": "redacted"
    },
    {
      "timestamp": 1593970030,
      "data": [
        {
          "comment": {
            "timestamp": 1593970030,
            "comment": "redacted",
            "author": "Mark Husen"
          }
        }
      ],
      "title": "redacted"
    },
    {
      "timestamp": 1596012090,
      "data": [
        {
          "comment": {
            "timestamp": 1596012090,
            "comment": "redacted",
            "author": "Mark Husen"
          }
        }
      ],
      "title": "redacted"
    },
    {
      "timestamp": 1596138610,
      "data": [
        {
          "comment": {
            "timestamp": 1596138610,
            "comment": "redacted",
            "author": "Mark Husen"
          }
        }
      ],
      "title": "redacted"
    },
    {
      "timestamp": 1596708210,
      "data": [
        {
          "comment": {
            "timestamp": 1596708210,
            "comment": "redacted",
            "author": "Mark Husen"
          }
        }
      ],
      "title": "redacted"
    },
    {
      "timestamp": 1601641807,
      "data": [
        {
          "comment": {
            "timestamp": 1601641807,
            "comment": "redacted",
            "author": "Mark Husen"
          }
        }
      ],
      "title": "redacted"
    },
    {
      "timestamp": 1601641824,
      "data": [
        {
          "comment": {
            "timestamp": 1601641824,
            "comment": "redacted",
            "author": "Mark Husen"
          }
        }
      ],
      "title": "redacted"
    },
    {
      "timestamp": 1601641849,
      "data": [
        {
          "comment": {
            "timestamp": 1601641849,
            "comment": "redacted",
            "author": "Mark Husen"
          }
        }
      ],
      "title": "redacted"
    },
    {
      "timestamp": 1609843855,
      "data": [
        {
          "comment": {
            "timestamp": 1609843855,
            "comment": "redacted",
            "author": "Mark Husen"
          }
        }
      ],
      "title": "redacted"
    },
    {
      "timestamp": 1613407953,
      "data": [
        {
          "comment": {
            "timestamp": 1613407953,
            "comment": "redacted",
            "author": "Mark Husen"
          }
        }
      ],
      "title": "redacted"
    },
    {
      "timestamp": 1615200264,
      "data": [
        {
          "comment": {
            "timestamp": 1615200264,
            "comment": "redacted",
            "author": "Mark Husen"
          }
        }
      ],
      "title": "redacted"
    },
    {
      "timestamp": 1615230097,
      "data": [
        {
          "comment": {
            "timestamp": 1615230097,
            "comment": "redacted",
            "author": "Mark Husen"
          }
        }
      ],
      "title": "redacted"
    },
    {
      "timestamp": 1633170062,
      "data": [
        {
          "comment": {
            "timestamp": 1633170062,
            "comment": "redacted",
            "author": "Mark Husen"
          }
        }
      ],
      "title": "redacted"
    }
  ]
}