Video ID,Approx Duration (ms),Video Category,Video Description (Original),Channel ID,Video Title (Original),Privacy,Video State,Video Create Timestamp,Video Publish Timestamp
sNpuJ-W2588,54000,Science,"This is the Cover of the Song  named Shayad Originally Sung By Arjit Singh.

Hope You Like it 

Follow me,
Instagram: https://www.instagram.com/ali_singx/
facebook: https://www.facebook.com/AliButtSinger
TikTok: https://www.tiktok.com/@alihaiderbutt1",UCkhNctBzlZ_mEp5uL1tz5-w,Shayad by Chris Matrix,Public,Processed,2020-12-28T17:23:06+00:00,2020-12-28T17:40:11+00:00
Z4dGLaDocHw,60000,Entertainment,"This a Cover of very popular Song Bheegi Bheegi Yaaden Originally Sung by Atif Aslam.

Subscribe and Like.

Follow me,
Instagram: https://www.instagram.com/ali_singx/
facebook: https://www.facebook.com/AliButtSinger
TikTok: https://www.tiktok.com/@alihaiderbutt1",UCkhNctBzlZ_mEp5uL1tz5-w,Bheegi Bheegi Yaaden Cover,Public,Processed,2020-12-28T17:50:34+00:00,2020-12-28T17:59:12+00:00
uU4K8hBOdRQ,80000,Entertainment,"This is the Cover of the Song named ""Kahin To Hogi"".

Hope You Like it 

Follow me,
Instagram: https://www.instagram.com/ali_singx/
facebook: https://www.facebook.com/AliButtSinger
TikTok: https://www.tiktok.com/@alihaiderbutt1",UCkhNctBzlZ_mEp5uL1tz5-w,Kahin To Hogi Woh Cover Song,Public,Processed,2020-12-28T18:01:25+00:00,2020-12-28T18:16:27+00:00
a9wR7pEeRY4,71000,Entertainment,"This is a rough cover of Pakistan's Popular Song Laiyan Laiyan from Punjabi film Chooriyan.

Hope you Like it .

Instagram: https://www.instagram.com/ali_singx/
facebook: https://www.facebook.com/AliButtSinger
TikTok: https://www.tiktok.com/@alihaiderbutt1",UCkhNctBzlZ_mEp5uL1tz5-w,Laiyan Laiyan Cover By Chris Matrix,Public,Processed,2021-01-17T17:33:55+00:00,2021-01-17T17:47:32+00:00
t8FPjdQ7XE4,67000,Entertainment,,UCkhNctBzlZ_mEp5uL1tz5-w,Perfect by Ed Sheeran Rough cover,Public,Processed,2023-04-05T07:09:05+00:00,2023-04-05T07:09:38+00:00
EA-eallgB6w,58000,Entertainment,,UCkhNctBzlZ_mEp5uL1tz5-w,12. May 2024,Public,Processed,2024-05-12T18:15:55+00:00,2024-05-12T18:18:55+00:00
0PpLlRxt7a8,102000,Entertainment,,UCkhNctBzlZ_mEp5uL1tz5-w,Doorie by Chris Matrix,Public,Processed,2024-05-13T22:12:17+00:00,2024-05-14T05:45:20+00:00
