Video ID,Video Text Create Timestamp,Video Description Text Segments 1,Video Title Text Segments 1,Video Text Update Timestamp
sNpuJ-W2588,2020-12-28T17:23:35.157564+00:00,"This is the Cover of the Song  named Shayad Originally Sung By Arjit Singh.

Hope You Like it 

Follow me,
Instagram: https://www.instagram.com/ali_singx/
facebook: https://www.facebook.com/AliButtSinger
TikTok: https://www.tiktok.com/@alihaiderbutt1",Shayad by Chris Matrix,2023-08-10T15:54:22.047075+00:00
Z4dGLaDocHw,2020-12-28T17:51:21.985406+00:00,"This a Cover of very popular Song Bheegi Bheegi Yaaden Originally Sung by Atif Aslam.

Subscribe and Like.

Follow me,
Instagram: https://www.instagram.com/ali_singx/
facebook: https://www.facebook.com/AliButtSinger
TikTok: https://www.tiktok.com/@alihaiderbutt1",Bheegi Bheegi Yaaden Cover,2023-08-10T01:47:02.205456+00:00
uU4K8hBOdRQ,2020-12-28T18:02:52.834065+00:00,"This is the Cover of the Song named ""Kahin To Hogi"".

Hope You Like it 

Follow me,
Instagram: https://www.instagram.com/ali_singx/
facebook: https://www.facebook.com/AliButtSinger
TikTok: https://www.tiktok.com/@alihaiderbutt1",Kahin To Hogi Woh Cover Song,2023-08-10T18:56:51.160647+00:00
a9wR7pEeRY4,2021-01-17T17:34:34.114336+00:00,"This is a rough cover of Pakistan's Popular Song Laiyan Laiyan from Punjabi film Chooriyan.

Hope you Like it .

Instagram: https://www.instagram.com/ali_singx/
facebook: https://www.facebook.com/AliButtSinger
TikTok: https://www.tiktok.com/@alihaiderbutt1",Laiyan Laiyan Cover By Chris Matrix,2023-08-09T18:07:14.567816+00:00
t8FPjdQ7XE4,2023-04-05T07:09:06.577441+00:00,,Perfect by Ed Sheeran Rough cover,2023-08-10T21:32:17.427188+00:00
EA-eallgB6w,2024-05-12T18:15:56.768494+00:00,,12. May 2024,2024-05-12T18:15:56.768494+00:00
0PpLlRxt7a8,2024-05-13T22:12:18.503788+00:00,,Doorie by Chris Matrix,2024-05-13T22:12:18.503788+00:00
