[
    {
      "timestamp": 1317642088,
      "data": [
        {
          "post": "Vielen Dank f\u00c3\u00bcr die Gl\u00c3\u00bcckw\u00c3\u00bcnsche ihr lieben Leutchen :)"
        },
        {
          
        }
      ]
    },
    {
      "timestamp": 1309610765,
      "data": [
        {
          "post": "bl\u00c3\u00b6des Wetter..."
        },
        {
          
        }
      ]
    },
    {
      "timestamp": 1288107582,
      "data": [
        {
          "post": "hall\u00c3\u00b6chen an alle aus meiner stufe, \nk\u00c3\u00b6nnten die, die in frage kommen bitte mal zuhause schauen, ob sie das mathe buch zur analytischen geometrie 2 mal zuhause haben, da ich das vor den ferien in ner freistunde verliehen und offenbar nicht wiederbekommen hab! w\u00c3\u00a4r echt nett wenn sich die person dann meldet! danke! :)"
        },
        {
          
        }
      ]
    },
    {
      "timestamp": 1286023224,
      "data": [
        {
          "post": "Vielen Dank :)"
        },
        {
          
        }
      ]
    },
    {
      "timestamp": 1279877201,
      "data": [
        {
          "post": "the roots ft. cody chesnutt - the seed 2.0 :D"
        },
        {
          
        }
      ]
    },
    {
      "timestamp": 1275637295,
      "data": [
        {
          "post": "sitzt in der Sonne und lernt Mathe >.<"
        },
        {
          
        }
      ]
    },
    {
      "timestamp": 1275558125,
      "data": [
        {
          "post": "All smiles and sunshine, a perfect world on a perfect day\n\nEverything always works out, I have never felt so fucking great"
        },
        {
          
        }
      ]
    },
    {
      "timestamp": 1274638570,
      "data": [
        {
          "post": "You got a piece of me and honestly, my life would suck without you :-* <3"
        },
        {
          
        }
      ]
    },
    {
      "timestamp": 1273761084,
      "data": [
        {
          "post": "How could something so right turn out so wrong?\nRise Against <3"
        },
        {
          
        }
      ]
    },
    {
      "timestamp": 1273696451,
      "data": [
        {
          "post": "Because you can't, you can't \nYou can't stop a bullet\nI'm giving you my trigger\nBut you never pull it"
        },
        {
          
        }
      ]
    },
    {
      "timestamp": 1273600096,
      "data": [
        {
          "post": "Time spent on hate, is time gone to waste, \nI watch you point and click your life away"
        },
        {
          
        }
      ]
    },
    {
      "timestamp": 1272793324,
      "data": [
        {
          "post": "See the animal in his cage that you built Are you sure what side you're on? Better not look him too closely in the eye Are you sure what side of the glass you are on?"
        },
        {
          
        }
      ]
    },
    {
      "timestamp": 1272529431,
      "data": [
        {
          "post": "Sick of the pain I'm sick of the sorrow  Sick of today I'm sick of tomorrow  I'm addicted to the misery in my head  I better stop before i end up dead"
        },
        {
          
        }
      ]
    },
    {
      "timestamp": 1272103182,
      "data": [
        {
          "post": "So I say goodnight To dreams that won't be realized I can't sleep with desperation by my side The memories start to fade Now I live for better days :D"
        },
        {
          
        }
      ]
    },
    {
      "timestamp": 1447750867,
      "data": [
        {
          "post": "Alles Gute zum Geburtstag! :)"
        },
        {
          
        }
      ],
      "title": "Marcia Husen hat etwas in Dominic Wies Chronik geschrieben."
    },
    {
      "timestamp": 1447750953,
      "data": [
        {
          "post": "Happy Birthday :)"
        },
        {
          
        }
      ],
      "title": "Marcia Husen hat etwas in Katharina Hochs Chronik geschrieben."
    },
    {
      "timestamp": 1447933172,
      "data": [
        {
          "post": "Herzlichen Gl\u00c3\u00bcckwunsch und alles alles Gute \u00f3\u00be\u008c\u00b5\u00f3\u00be\u0094\u0097\u00f3\u00be\u00a6\u0088"
        },
        {
          
        }
      ],
      "title": "Marcia Husen hat etwas in Anastasia Grafs Chronik geschrieben."
    },
    {
      "timestamp": 1448292723,
      "data": [
        {
          "post": "Alles Gute :)"
        },
        {
          
        }
      ],
      "title": "Marcia Husen hat etwas in Nick Pawlowskis Chronik geschrieben."
    },
    {
      "timestamp": 1455613788,
      "data": [
        {
          "post": "Alles Gute zum Geburtstag! :)"
        },
        {
          
        }
      ],
      "title": "Marcia Husen hat etwas in Jill Ges Chronik geschrieben."
    },
    {
      "timestamp": 1455691290,
      "data": [
        {
          "post": "Alles Gute zum Geburtstag :)"
        },
        {
          
        }
      ],
      "title": "Marcia Husen hat etwas in Stefanie Julias Chronik geschrieben."
    },
    {
      "timestamp": 1457185063,
      "data": [
        {
          "post": "So auch noch mal alles Liebe \u00f3\u00be\u008c\u00b5\u00f3\u00be\u008c\u00ac"
        },
        {
          
        }
      ],
      "title": "Marcia Husen hat etwas in Tina Maiers Chronik geschrieben."
    },
    {
      "timestamp": 1457886817,
      "data": [
        {
          "post": "Alles Gute Kokooooo :D"
        },
        {
          
        }
      ],
      "title": "Marcia Husen hat etwas in Daniel Heuer Chronik geschrieben."
    },
    {
      "timestamp": 1474117108,
      "data": [
        {
          "post": "Alles Gute, Larsi \u00f3\u00be\u008c\u00b3"
        },
        {
          
        }
      ],
      "title": "Marcia Husen hat etwas in Lars Pauls Chronik geschrieben."
    },
    {
      "timestamp": 1481447036,
      "data": [
        {
          "post": "Alles Gute zum Geburtstag \u00e2\u009c\u008c\u00ef\u00b8\u008f\u00ef\u00b8\u008f\u00f0\u009f\u0098\u008a\u00f0\u009f\u008e\u0089"
        },
        {
          
        }
      ],
      "title": "Marcia Husen hat etwas in Pavel Samovs Chronik geschrieben."
    },
    {
      "timestamp": 1489388864,
      "data": [
        {
          "post": "alles Gute zum Geburtstag \u00f0\u009f\u00a4\u0097"
        },
        {
          
        }
      ],
      "title": "Marcia Husen hat etwas in Daniel Heuer Chronik geschrieben."
    },
    {
      "timestamp": 1507619324,
      "data": [
        {
          "post": "Juliaaan, alles Gute zum Geburtstag \u00f0\u009f\u00a4\u0097\u00f0\u009f\u008e\u0089\u00f0\u009f\u00a5\u0083"
        },
        {
          
        }
      ],
      "title": "Marcia Husen hat etwas in Julian Geigers Chronik geschrieben."
    },
    {
      "timestamp": 1508142130,
      "data": [
        {
          "post": "Alles Gute zum Geburtstag! Mach Dir nen sch\u00c3\u00b6nen Tag heute \u00f0\u009f\u0098\u008a\u00f0\u009f\u008e\u0089"
        },
        {
          
        }
      ],
      "title": "Marcia Husen hat etwas in Marc Me\u00c3\u009fmers Chronik geschrieben."
    },
    {
      "timestamp": 1545037063,
      "data": [
        {
          "post": "Alles Gute \u00f0\u009f\u00a5\u00b3"
        },
        {
          
        }
      ],
      "title": "Marcia Husen hat etwas in Janine Fohlers Chronik geschrieben."
    }
  ] 
