{
  "received_requests_v2": [
    {
      "name": "Emily Morgan",
      "timestamp": 1679644150
    },
    {
      "name": "Jacob Wilson",
      "timestamp": 1679118104
    },
    {
      "name": "Ava Rodriguez",
      "timestamp": 1666348887
    },
    {
      "name": "Olivia Smith",
      "timestamp": 1658585554
    },
    {
      "name": "Isabella Davis",
      "timestamp": 1647439688
    },
    {
      "name": "Sophia Martinez",
      "timestamp": 1641694846
    },
    {
      "name": "Mia Hernandez",
      "timestamp": 1596006192
    },
    {
      "name": "Charlotte Johnson",
      "timestamp": 1594708371
    }
  ]
}