{
  "profile_updates_v2": [
    {
      "timestamp": 1241187846,
      "title": "Ugur Yerlikaya is now using Facebook in T\u00c3\u00bcrk\u00c3\u00a7e."
    },
    {
      "timestamp": 1241190586,
      "title": "Ugur Yerlikaya changed his Education Info."
    },
    {
      "timestamp": 1290380825,
      "title": "Ugur Yerlikaya edited his Education Info and Hometown."
    },
    {
      "timestamp": 1294494348,
      "title": "Ugur Yerlikaya added K\u00c3\u00bctahya Dumlup\u00c4\u00b1nar University to his profile."
    },
    {
      "timestamp": 1294594077,
      "title": "Ugur Yerlikaya added Retina Ekran to his profile."
    },
    {
      "timestamp": 1307549957,
      "title": "Ugur Yerlikaya added Kitapyurdu.com to his profile."
    },
    {
      "timestamp": 1307890705,
      "title": "Ugur Yerlikaya added Bolu as his hometown."
    },
    {
      "timestamp": 1307890705,
      "title": "Ugur Yerlikaya added English language to his languages."
    },
    {
      "timestamp": 1319825739,
      "title": "Ugur Yerlikaya added Uluda\u00c4\u009f S\u00c3\u00b6zl\u00c3\u00bck to his profile."
    },
    {
      "timestamp": 1328811858,
      "title": "Ugur Yerlikaya added K\u00c3\u0096Y\u00c3\u009cM\u00c3\u009cZ BALTALI to his profile."
    },
    {
      "timestamp": 1328811876,
      "title": "Ugur Yerlikaya added Almanca \u00c5\u009eark\u00c4\u00b1lar - Deutsche Lieder to his profile."
    },
    {
      "timestamp": 1328813394,
      "title": "Ugur Yerlikaya added Avril Lavigne to his profile."
    },
    {
      "timestamp": 1339702381,
      "title": "Ugur Yerlikaya added Red Alert 2 Online to his profile."
    },
    {
      "timestamp": 1340374934,
      "title": "Ugur Yerlikaya added Command & Conquer: Red Alert 2 to his profile."
    },
    {
      "timestamp": 1343656734,
      "title": "Ugur Yerlikaya added Husky to his profile."
    },
    {
      "timestamp": 1347487119,
      "title": "Ugur Yerlikaya added Dumlup\u00c4\u00b1nar \u00c3\u009cniversitesi \u00c3\u0096\u00c4\u009frenci Platformu to his profile."
    },
    {
      "timestamp": 1347571673,
      "title": "Ugur Yerlikaya added Sa\u00c4\u009fl\u00c4\u00b1k to his profile."
    },
    {
      "timestamp": 1347984409,
      "title": "Ugur Yerlikaya added Erasmusu to his profile."
    },
    {
      "timestamp": 1352130853,
      "title": "Ugur Yerlikaya added Polonya'da Erasmus to his profile."
    },
    {
      "timestamp": 1352393440,
      "title": "Ugur Yerlikaya added Politechnika Opolska to his profile."
    },
    {
      "timestamp": 1353690678,
      "title": "Ugur Yerlikaya added Maher Zain to his profile."
    },
    {
      "timestamp": 1354306112,
      "title": "Ugur Yerlikaya added Culips: English for everyday use to his profile."
    },
    {
      "timestamp": 1360273772,
      "title": "Ugur Yerlikaya added Rome, Italy to his profile."
    },
    {
      "timestamp": 1360341121,
      "attachments": [
        {
          "data": [
            {
              "media": {
                "uri": "posts/media/Profilepictures_mB0miIPlPA/843093_10151398336054654_61110000_o_10151398336054654.jpg",
                "creation_timestamp": 1360341121,
                "media_metadata": {
                  "photo_metadata": {
                    "exif_data": [
                      {
                        "upload_ip": "94.37.238.201"
                      }
                    ]
                  }
                },
                "title": "Profile pictures"
              }
            }
          ]
        }
      ],
      "title": "Ugur Yerlikaya updated his profile picture."
    },
    {
      "timestamp": 1360408074,
      "title": "Ugur Yerlikaya added Politechnika Opolska to his profile."
    },
    {
      "timestamp": 1360694356,
      "title": "Ugur Yerlikaya added Opole to his profile."
    },
    {
      "timestamp": 1360970975,
      "title": "Ugur Yerlikaya added Sikm4n | Islamic Channel to his profile."
    },
    {
      "timestamp": 1362386819,
      "title": "Ugur Yerlikaya added Katowice Airport to his profile."
    },
    {
      "timestamp": 1362584702,
      "title": "Ugur Yerlikaya added Almanca \u00c3\u0096\u00c4\u009freniyorum => Ich Lerne Deutsch to his profile."
    },
    {
      "timestamp": 1362705871,
      "title": "Ugur Yerlikaya added Her G\u00c3\u00bcne Bir Fetva to his profile."
    },
    {
      "timestamp": 1362937274,
      "title": "Ugur Yerlikaya added Herg\u00c3\u00bcn 1 Leh\u00c3\u00a7e Kelime \u00c3\u0096\u00c4\u009fren to his profile."
    },
    {
      "timestamp": 1362937362,
      "title": "Ugur Yerlikaya added Learn useless Polish to his profile."
    },
    {
      "timestamp": 1362937372,
      "title": "Ugur Yerlikaya added Learn Polish - PolishPod101.com to his profile."
    },
    {
      "timestamp": 1363053732,
      "title": "Ugur Yerlikaya added Her G\u00c3\u00bcn 1 Almanca Kelime to his profile."
    },
    {
      "timestamp": 1363304641,
      "title": "Ugur Yerlikaya added Hepsiburada to his profile."
    },
    {
      "timestamp": 1363304664,
      "title": "Ugur Yerlikaya added Kariyer.net to his profile."
    },
    {
      "timestamp": 1363316356,
      "title": "Ugur Yerlikaya added Fragrancenet.com to his profile."
    },
    {
      "timestamp": 1363479833,
      "title": "Ugur Yerlikaya added English is Fun to his profile."
    },
    {
      "timestamp": 1364151691,
      "title": "Ugur Yerlikaya added Video Takip\u00c3\u00a7ileri to his profile."
    },
    {
      "timestamp": 1364550762,
      "title": "Ugur Yerlikaya added Polska Muzyka to his profile."
    },
    {
      "timestamp": 1365132321,
      "title": "Ugur Yerlikaya added Calibre to his profile."
    },
    {
      "timestamp": 1365276984,
      "title": "Ugur Yerlikaya added Blizzard T\u00c3\u00bcrkiye to his profile."
    },
    {
      "timestamp": 1370048350,
      "attachments": [
        {
          "data": [
            {
              "media": {
                "uri": "posts/media/Profilepictures_mB0miIPlPA/967166_10151601517754654_345130602_o_10151601517754654.jpg",
                "creation_timestamp": 1370048350,
                "media_metadata": {
                  "photo_metadata": {
                    "exif_data": [
                      {
                        "upload_ip": "212.78.214.25"
                      }
                    ]
                  }
                },
                "title": "Profile pictures"
              }
            }
          ]
        }
      ],
      "title": "Ugur Yerlikaya updated his profile picture."
    },
    {
      "timestamp": 1370551137,
      "title": "Ugur Yerlikaya added Al\u00c4\u00b1\u00c5\u009fveri\u00c5\u009f F\u00c4\u00b1rsatlar\u00c4\u00b1 to his profile."
    },
    {
      "timestamp": 1372020223,
      "title": "Ugur Yerlikaya added Bir Yeni Hadis-i \u00c5\u009eerifiniz Var to his profile."
    },
    {
      "timestamp": 1372304647,
      "title": "Ugur Yerlikaya added Dumlup\u00c4\u00b1nar \u00c3\u009cniversitesi \u00c3\u0096\u00c4\u009frenci Yard\u00c4\u00b1mla\u00c5\u009fma Sayfas\u00c4\u00b1 ( DP\u00c3\u009c \u00c3\u0096YS ) to his profile."
    },
    {
      "timestamp": 1372353047,
      "title": "Ugur Yerlikaya added Namaz to his profile."
    },
    {
      "timestamp": 1372542575,
      "attachments": [
        {
          "data": [
            {
              "media": {
                "uri": "posts/media/Profilepictures_mB0miIPlPA/1040379_10151658005889654_1807080053_o_10151658005889654.jpg",
                "creation_timestamp": 1372542575,
                "media_metadata": {
                  "photo_metadata": {
                    "exif_data": [
                      {
                        "upload_ip": "80.108.80.151"
                      }
                    ]
                  }
                },
                "title": "Profile pictures"
              }
            }
          ]
        }
      ],
      "title": "Ugur Yerlikaya updated his profile picture."
    },
    {
      "timestamp": 1372879008,
      "title": "Ugur Yerlikaya added DP\u00c3\u009c Bilgisayar ve Bili\u00c5\u009fim Kul\u00c3\u00bcb\u00c3\u00bc to his profile."
    },
    {
      "timestamp": 1372977935,
      "title": "Ugur Yerlikaya added \u00c4\u00b0ngilizce \u00c3\u0096\u00c4\u009freniyorum to his profile."
    },
    {
      "timestamp": 1372978760,
      "title": "Ugur Yerlikaya added Vakit Haber to his profile."
    },
    {
      "timestamp": 1373394896,
      "title": "Ugur Yerlikaya added G\u00c3\u00bcvenlik Ara\u00c5\u009ft\u00c4\u00b1rmalar\u00c4\u00b1 Merkezi - GAM to his profile."
    },
    {
      "timestamp": 1378746067,
      "title": "Ugur Yerlikaya added Payla\u00c5\u009f\u00c4\u00b1m S\u00c3\u00bcper to his profile."
    },
    {
      "timestamp": 1381438036,
      "attachments": [
        {
          "data": [
            {
              "media": {
                "uri": "posts/media/Profilepictures_mB0miIPlPA/1271503_10151878110764654_1219046444_o_10151878110764654.jpg",
                "creation_timestamp": 1381438036,
                "media_metadata": {
                  "photo_metadata": {
                    "exif_data": [
                      {
                        "upload_ip": "5.46.50.183",
                        "taken_timestamp": 1381438036
                      }
                    ]
                  }
                },
                "title": "Profile pictures"
              }
            }
          ]
        }
      ],
      "title": "Ugur Yerlikaya updated his profile picture."
    },
    {
      "timestamp": 1385745556,
      "title": "Ugur Yerlikaya added Bunlar\u00c4\u00b1 Biliyormusunuz ? to his profile."
    },
    {
      "timestamp": 1385760259,
      "title": "Ugur Yerlikaya added Team Nanban TPB to his profile."
    },
    {
      "timestamp": 1387415648,
      "title": "Ugur Yerlikaya added Her g\u00c3\u00bcn 1 \u00c4\u00b0ngilizce C\u00c3\u00bcmle-1 English Sentence for Each Day to his profile."
    },
    {
      "timestamp": 1389190041,
      "title": "Ugur Yerlikaya added Nook T\u00c3\u00bcrkiye to his profile."
    },
    {
      "timestamp": 1389902820,
      "title": "Ugur Yerlikaya added Good Quotations Good Vibrations to his profile."
    },
    {
      "timestamp": 1389902845,
      "title": "Ugur Yerlikaya added Daily Quotations to his profile."
    },
    {
      "timestamp": 1390511449,
      "title": "Ugur Yerlikaya added Erasmus Staj Yeri Bulma-Avrupa'da Staj to his profile."
    },
    {
      "timestamp": 1391902834,
      "title": "Ugur Yerlikaya added M. Serdar Kuzulo\u00c4\u009flu to his profile."
    },
    {
      "timestamp": 1394757096,
      "title": "Ugur Yerlikaya added YDS Yard\u00c4\u00b1m to his profile."
    },
    {
      "timestamp": 1407160553,
      "title": "Ugur Yerlikaya added Timothy Doner - Polyglotpal to his profile."
    },
    {
      "timestamp": 1407273404,
      "title": "Ugur Yerlikaya added Language Show to his profile."
    },
    {
      "timestamp": 1407574609,
      "title": "Ugur Yerlikaya added Rawlangs to his profile."
    },
    {
      "timestamp": 1407574616,
      "title": "Ugur Yerlikaya added Fluent in 3 months to his profile."
    },
    {
      "timestamp": 1407784978,
      "title": "Ugur Yerlikaya added ELT Yurtd\u00c4\u00b1\u00c5\u009f\u00c4\u00b1 E\u00c4\u009fitim to his profile."
    },
    {
      "timestamp": 1418400951,
      "title": "Ugur Yerlikaya added Speaking Fluently to his profile."
    },
    {
      "timestamp": 1418933185,
      "title": "Ugur Yerlikaya added Almanca E\u00c4\u009fitim Merkezi to his profile."
    },
    {
      "timestamp": 1420634954,
      "title": "Ugur Yerlikaya added Nomadic Matt to his favorite websites."
    },
    {
      "timestamp": 1424208540,
      "title": "Ugur Yerlikaya added Kuartek to his profile."
    },
    {
      "timestamp": 1427322975,
      "title": "Ugur Yerlikaya added Free-eBooks to his profile."
    },
    {
      "timestamp": 1427938451,
      "title": "Ugur Yerlikaya added NeuroFormat to his profile."
    },
    {
      "timestamp": 1428813010,
      "title": "Ugur Yerlikaya added Hadith of the Day to his profile."
    },
    {
      "timestamp": 1429758287,
      "title": "Ugur Yerlikaya added Kahve Akademisi to his profile."
    },
    {
      "timestamp": 1430339245,
      "title": "Ugur Yerlikaya is now using Facebook in English (u\u00ca\u008dop \u00c9\u0099p\u00c4\u00b1sd\u00d5\u0088)."
    },
    {
      "timestamp": 1430339266,
      "title": "Ugur Yerlikaya is now using Facebook in English (US)."
    },
    {
      "timestamp": 1431882751,
      "title": "Ugur Yerlikaya added Language Magazine to his profile."
    },
    {
      "timestamp": 1431882804,
      "title": "Ugur Yerlikaya added Babel: The Language Magazine to his profile."
    },
    {
      "timestamp": 1431882825,
      "title": "Ugur Yerlikaya added Schwa Fire to his profile."
    },
    {
      "timestamp": 1431882852,
      "title": "Ugur Yerlikaya added Parrot Time to his profile."
    },
    {
      "timestamp": 1433269677,
      "title": "Ugur Yerlikaya added Bilimin Seyir Defteri to his favorite websites."
    },
    {
      "timestamp": 1435312386,
      "title": "Ugur Yerlikaya added Illinois Text Mining and Analytics MOOC to his profile."
    },
    {
      "timestamp": 1435463055,
      "title": "Ugur Yerlikaya added Sava\u00c5\u009f \u00c5\u009eENEL - D\u00c3\u00bc\u00c5\u009f\u00c3\u00bcn\u00c3\u00bcr de Payla\u00c5\u009f\u00c4\u00b1r to his profile."
    },
    {
      "timestamp": 1435486371,
      "title": "Ugur Yerlikaya added NASA\u00e2\u0080\u0099s Curiosity Mars Rover to his profile."
    },
    {
      "timestamp": 1437936366,
      "title": "Ugur Yerlikaya added Momentum Dashboard to his profile."
    },
    {
      "timestamp": 1438359952,
      "title": "Ugur Yerlikaya added Memrise to his profile."
    },
    {
      "timestamp": 1440295306,
      "title": "Ugur Yerlikaya added LeMan to his profile."
    },
    {
      "timestamp": 1441650849,
      "title": "Ugur Yerlikaya added Ali Official to his profile."
    },
    {
      "timestamp": 1442300643,
      "title": "Ugur Yerlikaya added 1 Yeni Mesaj\u00c4\u00b1n\u00c4\u00b1z Var to his profile."
    },
    {
      "timestamp": 1446866806,
      "title": "Ugur Yerlikaya added Hayat\u00c4\u00b1n Amac\u00c4\u00b1 to his profile."
    },
    {
      "timestamp": 1448709969,
      "title": "Ugur Yerlikaya added Dior to his profile."
    },
    {
      "timestamp": 1449035220,
      "title": "Ugur Yerlikaya added Owahanga Station to his profile."
    },
    {
      "timestamp": 1451997047,
      "title": "Ugur Yerlikaya added A Year of Books to his profile."
    },
    {
      "timestamp": 1455042611,
      "title": "Ugur Yerlikaya added Jean Monnet Burs Program\u00c4\u00b1 to his profile."
    },
    {
      "timestamp": 1456336325,
      "title": "Ugur Yerlikaya added TYT Network to his profile."
    },
    {
      "timestamp": 1456336346,
      "title": "Ugur Yerlikaya added Cenk Uygur to his profile."
    },
    {
      "timestamp": 1456336507,
      "title": "Ugur Yerlikaya added Ana Kasparian to his profile."
    },
    {
      "timestamp": 1456347989,
      "title": "Ugur Yerlikaya added AirportHaber to his profile."
    },
    {
      "timestamp": 1456446614,
      "title": "Ugur Yerlikaya added ek\u00c5\u009fi s\u00c3\u00b6zl\u00c3\u00bck to his profile."
    },
    {
      "timestamp": 1456623426,
      "title": "Ugur Yerlikaya added Ramiz Day\u00c4\u00b1 to his profile."
    },
    {
      "timestamp": 1457459366,
      "title": "Ugur Yerlikaya added Kabin Memurlar\u00c4\u00b1 \u00c4\u00b0\u00c3\u00a7in \u00c4\u00b0ngilizce/English For Cabin Crew to his profile."
    },
    {
      "timestamp": 1457635452,
      "title": "Ugur Yerlikaya added The New YOUNG TURKS to his profile."
    },
    {
      "timestamp": 1457925229,
      "title": "Ugur Yerlikaya added Yook Art\u00c4\u00b1k to his profile."
    },
    {
      "timestamp": 1459034407,
      "title": "Ugur Yerlikaya added YDS GRUBU to his profile."
    },
    {
      "timestamp": 1460388462,
      "title": "Ugur Yerlikaya added TU Chemnitz to his profile."
    },
    {
      "timestamp": 1463512520,
      "title": "Ugur Yerlikaya added 9GAG to his profile."
    },
    {
      "timestamp": 1464188955,
      "title": "Ugur Yerlikaya added Project Management and Data Science MPMD - MSc at HTW Berlin to his profile."
    },
    {
      "timestamp": 1464395705,
      "title": "Ugur Yerlikaya added Goethe-Institut Ankara to his profile."
    },
    {
      "timestamp": 1464780017,
      "title": "Ugur Yerlikaya added doktorsitesi.com to his profile."
    },
    {
      "timestamp": 1464992249,
      "title": "Ugur Yerlikaya added Canan Efendigil Karatay to his profile."
    },
    {
      "timestamp": 1465163242,
      "title": "Ugur Yerlikaya added Erasmus Mundus Association to his profile."
    },
    {
      "timestamp": 1465597936,
      "title": "Ugur Yerlikaya added Graduate Training Center  to his profile."
    },
    {
      "timestamp": 1466708905,
      "title": "Ugur Yerlikaya added Paderborn University to his profile."
    },
    {
      "timestamp": 1466709026,
      "title": "Ugur Yerlikaya added Universit\u00c3\u00a4t Paderborn to his profile."
    },
    {
      "timestamp": 1466709131,
      "title": "Ugur Yerlikaya added Universit\u00c3\u00a4t Potsdam to his profile."
    },
    {
      "timestamp": 1469502173,
      "title": "Ugur Yerlikaya added The Independent to his profile."
    },
    {
      "timestamp": 1469546854,
      "title": "Ugur Yerlikaya added Universit\u00c3\u00a4t Innsbruck to his profile."
    },
    {
      "timestamp": 1469843491,
      "title": "Ugur Yerlikaya added Diyet TV to his profile."
    },
    {
      "timestamp": 1470313022,
      "title": "Ugur Yerlikaya added The New York Times to his profile."
    },
    {
      "timestamp": 1471219223,
      "title": "Ugur Yerlikaya added International Office Uni Paderborn to his profile."
    },
    {
      "timestamp": 1471219258,
      "title": "Ugur Yerlikaya added Mensa Uni Paderborn to his profile."
    },
    {
      "timestamp": 1471904928,
      "title": "Ugur Yerlikaya added BBC News to his profile."
    },
    {
      "timestamp": 1471904985,
      "title": "Ugur Yerlikaya added USA TODAY to his profile."
    },
    {
      "timestamp": 1472059452,
      "title": "Ugur Yerlikaya added Foreign Policy to his profile."
    },
    {
      "timestamp": 1473033930,
      "title": "Ugur Yerlikaya added The Guardian to his profile."
    },
    {
      "timestamp": 1473202951,
      "title": "Ugur Yerlikaya added News in Levels to his profile."
    },
    {
      "timestamp": 1473816544,
      "title": "Ugur Yerlikaya added MemurlarNet to his profile."
    },
    {
      "timestamp": 1473816603,
      "title": "Ugur Yerlikaya added CNN International to his profile."
    },
    {
      "timestamp": 1473816864,
      "title": "Ugur Yerlikaya added Big Think to his profile."
    },
    {
      "timestamp": 1474501445,
      "title": "Ugur Yerlikaya added Chan Zuckerberg Biohub Network to his profile."
    },
    {
      "timestamp": 1475733539,
      "title": "Ugur Yerlikaya added World Economic Forum to his profile."
    },
    {
      "timestamp": 1475828457,
      "title": "Ugur Yerlikaya added DW Communications to his profile."
    },
    {
      "timestamp": 1475829783,
      "title": "Ugur Yerlikaya added UZAY B\u00c4\u00b0L\u00c4\u00b0MLER\u00c4\u00b0 ARA\u00c5\u009eTIRMA MERKEZ\u00c4\u00b0 to his profile."
    },
    {
      "timestamp": 1476095929,
      "title": "Ugur Yerlikaya added Meritokrasi E-kitap A\u00c4\u009f\u00c4\u00b1 to his profile."
    },
    {
      "timestamp": 1476479706,
      "title": "Ugur Yerlikaya added KizlarSoruyor to his profile."
    },
    {
      "timestamp": 1476541443,
      "title": "Ugur Yerlikaya added Click&Clean to his profile."
    },
    {
      "timestamp": 1476541454,
      "title": "Ugur Yerlikaya added Google Chrome to his profile."
    },
    {
      "timestamp": 1476541463,
      "title": "Ugur Yerlikaya added Magic Actions for YouTube to his profile."
    },
    {
      "timestamp": 1476672370,
      "title": "Ugur Yerlikaya added MEGA to his profile."
    },
    {
      "timestamp": 1476672652,
      "title": "Ugur Yerlikaya added Chrome Updates to his profile."
    },
    {
      "timestamp": 1476681835,
      "title": "Ugur Yerlikaya added Health Digest to his profile."
    },
    {
      "timestamp": 1476682315,
      "title": "Ugur Yerlikaya added Health to his profile."
    },
    {
      "timestamp": 1476682334,
      "title": "Ugur Yerlikaya added The Mirror to his profile."
    },
    {
      "timestamp": 1476740006,
      "title": "Ugur Yerlikaya added Universit\u00c3\u00a4t Siegen to his profile."
    },
    {
      "timestamp": 1476750956,
      "title": "Ugur Yerlikaya added Eat This, Not That! to his profile."
    },
    {
      "timestamp": 1476822285,
      "title": "Ugur Yerlikaya added Erzurum Atat\u00c3\u00bcrk \u00c3\u009cniversitesi A\u00c3\u0096F Adalet B\u00c3\u00b6l\u00c3\u00bcm\u00c3\u00bc to his profile."
    },
    {
      "timestamp": 1476990499,
      "title": "Ugur Yerlikaya added Sesli Sozluk to his profile."
    },
    {
      "timestamp": 1477696891,
      "title": "Ugur Yerlikaya added Fox News to his profile."
    },
    {
      "timestamp": 1477927418,
      "title": "Ugur Yerlikaya added ASV Uni Paderborn to his profile."
    },
    {
      "timestamp": 1478984909,
      "title": "Ugur Yerlikaya added Cologne, Germany to his profile."
    },
    {
      "timestamp": 1479014277,
      "title": "Ugur Yerlikaya updated his current city to Paderborn, Germany."
    },
    {
      "timestamp": 1479038829,
      "title": "Ugur Yerlikaya added The Economist to his profile."
    },
    {
      "timestamp": 1479662124,
      "title": "Ugur Yerlikaya added Sarcasm to his profile."
    },
    {
      "timestamp": 1480535454,
      "title": "Ugur Yerlikaya added Madame Polyglot - Blog j\u00c4\u0099zykowy to his profile."
    },
    {
      "timestamp": 1481075807,
      "title": "Ugur Yerlikaya added Radyo Voyage 107,4 to his profile."
    },
    {
      "timestamp": 1481847892,
      "title": "Ugur Yerlikaya added Natural Farm Shizen to his profile."
    },
    {
      "timestamp": 1484453193,
      "title": "Ugur Yerlikaya added WELT to his profile."
    },
    {
      "timestamp": 1484453203,
      "title": "Ugur Yerlikaya added ZEIT ONLINE to his profile."
    },
    {
      "timestamp": 1484453208,
      "title": "Ugur Yerlikaya added ZDF heute to his profile."
    },
    {
      "timestamp": 1484851544,
      "title": "Ugur Yerlikaya added NOWNESS to his profile."
    },
    {
      "timestamp": 1485107343,
      "title": "Ugur Yerlikaya added TRT World to his profile."
    },
    {
      "timestamp": 1485702174,
      "title": "Ugur Yerlikaya added Baris Ozcan to his profile."
    },
    {
      "timestamp": 1485918370,
      "title": "Ugur Yerlikaya added TL;DR to his profile."
    },
    {
      "timestamp": 1488862931,
      "title": "Ugur Yerlikaya added Eurobiz e. V. to his profile."
    },
    {
      "timestamp": 1489365151,
      "title": "Ugur Yerlikaya added Okuryazar to his profile."
    },
    {
      "timestamp": 1489568992,
      "title": "Ugur Yerlikaya added ScienceAlert to his profile."
    },
    {
      "timestamp": 1490101986,
      "title": "Ugur Yerlikaya added PwC Karriere to his profile."
    },
    {
      "timestamp": 1494590591,
      "title": "Ugur Yerlikaya added CollegeHumor to his profile."
    },
    {
      "timestamp": 1505104400,
      "title": "Ugur Yerlikaya added Study in Germany to his profile."
    },
    {
      "timestamp": 1506447071,
      "title": "Ugur Yerlikaya added Weather Live to his profile."
    },
    {
      "timestamp": 1517219976,
      "title": "Ugur Yerlikaya added Opera to his profile."
    },
    {
      "timestamp": 1517895703,
      "title": "Ugur Yerlikaya added I Want to Travel the Whole World to his profile."
    },
    {
      "timestamp": 1518313225,
      "title": "Ugur Yerlikaya added Ankara \u00c3\u009cniversitesi Dilbilim B\u00c3\u00b6l\u00c3\u00bcm\u00c3\u00bc to his profile."
    },
    {
      "timestamp": 1518313315,
      "title": "Ugur Yerlikaya added Dokuz Eyl\u00c3\u00bcl \u00c3\u009cniversitesi Dilbilim B\u00c3\u00b6l\u00c3\u00bcm\u00c3\u00bc to his profile."
    },
    {
      "timestamp": 1521380249,
      "title": "Ugur Yerlikaya added \u00e2\u0080\u008e\u00d9\u0085\u00d8\u00b4\u00d8\u00a7\u00d8\u00b1\u00d9\u008a \u00d8\u00b1\u00d8\u00a7\u00d8\u00b4\u00d8\u00af \u00d8\u00a7\u00d9\u0084\u00d8\u00b9\u00d9\u0081\u00d8\u00a7\u00d8\u00b3\u00d9\u008a - Alafasy\u00e2\u0080\u008e to his profile."
    },
    {
      "timestamp": 1521432743,
      "title": "Ugur Yerlikaya added Cncnet.org to his profile."
    },
    {
      "timestamp": 1521432748,
      "title": "Ugur Yerlikaya added CnCNet to his favorite websites."
    },
    {
      "timestamp": 1521433014,
      "title": "Ugur Yerlikaya added Command & Conquer 3: Tiberium Wars to his profile."
    },
    {
      "timestamp": 1521433072,
      "title": "Ugur Yerlikaya added Red Alert 2 Online to his profile."
    },
    {
      "timestamp": 1537813441,
      "title": "Ugur Yerlikaya added FlixBus to his profile."
    },
    {
      "timestamp": 1538426393,
      "title": "Ugur Yerlikaya added filoloji.org to his profile."
    },
    {
      "timestamp": 1541865295,
      "title": "Ugur Yerlikaya added The Art of Unity / Bill Farr to his profile."
    },
    {
      "timestamp": 1544315306,
      "title": "Ugur Yerlikaya added S\u00c3\u00bcddeutsche Zeitung to his profile."
    },
    {
      "timestamp": 1549362290,
      "title": "Ugur Yerlikaya added Kendine Yeten Yuva to his profile."
    },
    {
      "timestamp": 1557681289,
      "title": "Ugur Yerlikaya added Language Learning with Netflix Extension to his profile."
    },
    {
      "timestamp": 1569251385,
      "title": "Ugur Yerlikaya added Wohnung Paderborn mieten - Wohnungsmarkt to his profile."
    },
    {
      "timestamp": 1569251388,
      "title": "Ugur Yerlikaya added Wohnung mieten Paderborn to his profile."
    },
    {
      "timestamp": 1572983071,
      "title": "Ugur Yerlikaya added Career Service der Universit\u00c3\u00a4t Paderborn to his profile."
    },
    {
      "timestamp": 1574617517,
      "title": "Ugur Yerlikaya added Serdar Kaya - T\u00c3\u00bcrk\u00c3\u00a7e to his profile."
    },
    {
      "timestamp": 1574617853,
      "title": "Ugur Yerlikaya added Sosyal Bilimler to his profile."
    },
    {
      "timestamp": 1583084535,
      "title": "Ugur Yerlikaya added Steve Kaufmann to his profile."
    },
    {
      "timestamp": 1583084544,
      "title": "Ugur Yerlikaya added LingQ to his profile."
    },
    {
      "timestamp": 1587813506,
      "title": "Ugur Yerlikaya added Get Free Ebooks to his profile."
    },
    {
      "timestamp": 1614000517,
      "title": "Ugur Yerlikaya added Deutsch Mit Safa to his profile."
    },
    {
      "timestamp": 1616864425,
      "title": "Ugur Yerlikaya added Randstad Deutschland to his profile."
    },
    {
      "timestamp": 1653577846,
      "title": "Ugur Yerlikaya added Uniflucht to his profile."
    }
  ]
}