{
  "profile_v2": {
    "name": {
      "full_name": "John Doe",
      "first_name": "John",
      "middle_name": "",
      "last_name": "Doe"
    },
    "emails": {
      "emails": [
        "johndoe@gmail.com"
      ],
      "previous_emails": [
        "johndoe123@hotmail.com",
        "johndoe456@facebook.com"
      ],
      "pending_emails": [
        
      ],
      "ad_account_emails": [
        
      ]
    },
    "birthday": {
      "year": 1994,
      "month": 5,
      "day": 10
    },
    "gender": {
      "gender_option": "MALE",
      "pronoun": "HE"
    },
    "previous_names": [
      {
        "name": "Jack Black",
        "timestamp": 1343370419
      }
    ],
    "other_names": [
      
    ],
    "current_city": {
      "name": "New York, USA",
      "timestamp": 0
    },
    "hometown": {
      "name": "Chicago",
      "timestamp": 0
    },
    "education_experiences": [
      {
        "name": "New York University",
        "graduated": true,
        "concentrations": [
          
        ],
        "school_type": "College",
        "timestamp": 1479863703
      },
      {
        "name": "University of Chicago",
        "graduated": true,
        "concentrations": [
          
        ],
        "school_type": "College",
        "timestamp": 1363776158
      },
      {
        "name": "University of Florida",
        "graduated": false,
        "concentrations": [
          "Computer Science"
        ],
        "school_type": "College",
        "timestamp": 1299676563
      },
      {
        "name": "Chicago High School",
        "end_timestamp": 1230796800,
        "graduated": true,
        "concentrations": [
          
        ],
        "school_type": "High school",
        "timestamp": 1299676564
      }
    ],
    "work_experiences": [
      
    ],
    "languages": [
      {
        "name": "English language",
        "timestamp": 0
      }
    ],
    "blood_info": {
      "blood_donor_status": "unregistered"
    },
    "websites": [
      
    ],
    "phone_numbers": [
      
    ],
    "username": "johndoe123",
    "registration_timestamp": 1241187841,
    "profile_uri": "https://www.facebook.com/johndoe123"
  }
}