{
  "datr_stats_v2": {
    "I9J9********************": [
      1702744690,
      1702744689,
      17027449123456789,
      17027449123456789
    ],
    "7X06********************": [
      1702045302,
      1701200751,
      1701200750
    ],
    "mTxR********************": [
      1701680009,
      1701272944
    ],
    "5Sxm********************": [
      1701512632,
      1701239957,
      17011949123456789,
      17011949123456789
    ],
    "tIu5********************": [
      1607353147,
      1607353123
    ],
    "T7LG********************": [
      1573302866
    ]
  }
}