{
  "used_ip_address_v2": [
    {
      "ip": "2003:00e0:571c:d540:fc86:2e70:914a:2690",
      "action": "Login",
      "timestamp": 1702744689,
      "user_agent": "Mozilla/5.0 (X11; Linux x86_64) AppleWebKit/537.36 (KHTML, like Gecko) Chrome/120.0.0.0 Safari/537.36"
    },
    {
      "ip": "185.254.75.47",
      "action": "Login",
      "timestamp": 1701272944,
      "user_agent": "Mozilla/5.0 (Windows NT 10.0; Win64; x64; rv:120.0) Gecko/20100101 Firefox/120.0"
    },
    {
      "ip": "2a02:0908:2224:10a0:7196:9299:a290:2a02",
      "action": "Login",
      "timestamp": 1701200751,
      "user_agent": "Mozilla/5.0 (Android 12; Mobile; rv:122.0) Gecko/122.0 Firefox/122.0"
    },
    {
      "ip": "2003:00e0:571c:d5ec:455d:53c0:4b71:85a6",
      "action": "Login",
      "timestamp": 17011949123456789,
      "user_agent": "Mozilla/5.0 (iPhone; CPU iPhone OS 17_1_1 like Mac OS X) AppleWebKit/605.1.15 (KHTML, like Gecko) Version/17.1.1 Mobile/15E148 Safari/604.1"
    },
    {
      "ip": "109.41.130.183",
      "action": "Password Change",
      "timestamp": 1607353147,
      "user_agent": "Mozilla/5.0 (iPhone; CPU iPhone OS 14_2 like Mac OS X) AppleWebKit/605.1.15 (KHTML, like Gecko) Version/14.0.1 Mobile/15E148 Safari/604.1"
    },
    {
      "ip": "46.223.1.86",
      "action": "Remove Profile Photo",
      "timestamp": 1398149123456789,
      "user_agent": "Mozilla/5.0 (iPhone; CPU iPhone OS 7_1 like Mac OS X) AppleWebKit/537.51.2 (KHTML, like Gecko) Mobile/11D167 [FBAN/FBIOS;FBAV/9.0.0.25.31;FBBV/2102024;FBDV/iPhone6,2;FBMD/iPhone;FBSN/iPhone OS;FBSV/7.1;FBSS/2; FBCR/Vodafone.de;FBID/phone;FBLC/de_DE;FBOP/5]"
    },
    {
      "ip": "46.223.1.84",
      "action": "Email change",
      "timestamp": 1390636067,
      "user_agent": ""
    },
    {
      "ip": "46.223.1.33",
      "action": "Email change",
      "timestamp": 1384519842,
      "user_agent": "Mozilla/5.0 (iPhone; CPU iPhone OS 7_0 like Mac OS X) AppleWebKit/537.51.1 (KHTML, like Gecko) Mobile/11A465 [FBAN/MessengerForiOS;FBAV/3.0;FBBV/605693;FBDV/iPhone4,1;FBMD/iPhone;FBSN/iPhone OS;FBSV/7.0;FBSS/2; FBCR/Vodafone.de;FBID/phone;FBLC/de_DE;FBOP/1]"
    },
    {
      "ip": "109.192.60.19",
      "action": "Checkpoint completed",
      "timestamp": 1309201459,
      "user_agent": ""
    }
  ]
}