{
  "other_photos_v2": [
    {
      "uri": "your_activity_across_facebook/posts/media/your_posts/redacted_image.png",
      "creation_timestamp": 1383047266,
      "media_metadata": {
        "photo_metadata": {
          "exif_data": [
            {
              "upload_ip": "127.0.0.1",
              "taken_timestamp": 1383047269
            }
          ]
        }
      }
    },
    {
      "uri": "your_activity_across_facebook/posts/media/your_posts/redacted_image.png",
      "creation_timestamp": 1386850867,
      "media_metadata": {
        "photo_metadata": {
          "exif_data": [
            {
              "upload_ip": "127.0.0.1",
              "taken_timestamp": 1386850325
            }
          ]
        }
      }
    }
  ]
}