{
  "media": [],
  "label_values": [
    {
      "label": "Freundschaftsvorschläge",
      "vec": [
        {
          "value": "Hopper Marchesi"
        },
        {
          "value": "Alfred Samuel"
        },
        {
          "value": "Ritchie Karl"
        },
        {
          "value": "Knuth Putnam"
        },
        {
          "value": "Stallman Switzer"
        },
        {
          "value": "Brunton Snelling"
        },
        {
          "value": "Bertuccio Cropper"
        },
        {
          "value": "Bushnell Townsend"
        },
        {
          "value": "Kurzweil Baglio"
        },
        {
          "value": "Barkley Fabel"
        },
        {
          "value": "Von Neumann Aquino"
        },
        {
          "value": "Clark Simonson"
        },
        {
          "value": "Figaro Knight"
        },
        {
          "value": "Zuse Sargent"
        },
        {
          "value": "Shockley Sniders"
        },
        {
          "value": "Backus Patrick"
        },
        {
          "value": "Cadbury Bernard"
        },
        {
          "value": "Grove Webb"
        },
        {
          "value": "Cadbury Strickland"
        },
        {
          "value": "Lovelace Belloni"
        },
        {
          "value": "Mark Sutherland"
        },
        {
          "value": "Amy Schlott"
        },
        {
          "value": "John Doe"
        },
        {
          "value": "Jane Smith"
        },
        {
          "value": "Michael Johnson"
        },
        {
          "value": "Emily Davis"
        },
        {
          "value": "Robert Wilson"
        },
        {
          "value": "Emma Taylor"
        },
        {
          "value": "David Anderson"
        },
        {
          "value": "Olivia Martinez"
        },
        {
          "value": "William Thomas"
        },
        {
          "value": "Sophia Garcia"
        }
      ]
    }
  ]
}
