{
    "received_requests_v2": [
        {
            "name": "Turing Emerson",
            "timestamp": 1630197569
        },
        {
            "name": "Zuse Weiner",
            "timestamp": 1486661446
        },
        {
            "name": "Backus Kraemer",
            "timestamp": 1627827154
        },
        {
            "name": "Kernighan Armistead",
            "timestamp": 1304113951
        },
        {
            "name": "Kay Brand",
            "timestamp": 1502535395
        },
        {
            "name": "Bushnell Kendrick",
            "timestamp": 1598227672
        },
        {
            "name": "Grove Roscoe",
            "timestamp": 1654762622
        },
        {
            "name": "Cerf Putnam",
            "timestamp": 1304438093
        },
        {
            "name": "Hamming Stacy",
            "timestamp": 1423553137
        },
        {
            "name": "Bushnell Basile",
            "timestamp": 1640149482
        },
        {
            "name": "Simonides Bayer",
            "timestamp": 1555221256
        },
        {
            "name": "Alfred Howe",
            "timestamp": 1704874103
        },
        {
            "name": "Shannon Maynard",
            "timestamp": 1709908266
        },
        {
            "name": "Wirth Dunn",
            "timestamp": 1305987663
        },
        {
            "name": "Hamming Strudwick",
            "timestamp": 1283510913
        },
        {
            "name": "Bushnell Sparks",
            "timestamp": 1396532070
        },
        {
            "name": "Turing Hobbs",
            "timestamp": 1598102699
        },
        {
            "name": "Bushnell Wetzel",
            "timestamp": 1492626413
        },
        {
            "name": "Zuse Fuchs",
            "timestamp": 1576492653
        },
        {
            "name": "Berners-lee Marcello",
            "timestamp": 1500512836
        }
    ]
}