{"received_requests_v2": [{"name": "Richard Popp", "timestamp": 1359725401}, {"name": "Muzaffer Schwind", "timestamp": 1577323522}, {"name": "Kay-Uwe Klingbeil", "timestamp": 1397303146}, {"name": "Wiebke Riemann", "timestamp": 1421604975}, {"name": "Ernst-Dieter Dressler", "timestamp": 1347320951}, {"name": "Rudi Triebel", "timestamp": 1543310998}, {"name": "Emma Poth", "timestamp": 1445076505}, {"name": "Dominik Herter", "timestamp": 1434115721}, {"name": "Tilo Seibt", "timestamp": 1682267552}, {"name": "Friederike Hinz", "timestamp": 1418480687}, {"name": "Lara Birke", "timestamp": 1667381348}, {"name": "Ismail Hartwig", "timestamp": 1607771759}, {"name": "Vadim Wilke", "timestamp": 1357088341}, {"name": "Herta Herber", "timestamp": 1391478394}, {"name": "Krista Rosenbaum", "timestamp": 1508561246}, {"name": "Henry Krey", "timestamp": 1314756983}, {"name": "Alla Gille", "timestamp": 1653682937}, {"name": "Mercedes Rech", "timestamp": 1662013962}, {"name": "Mark Janson", "timestamp": 1349822359}, {"name": "Boris Sebastian", "timestamp": 1296720724}]}