{
    "rejected_requests_v2": [
        {
            "name": "Ritchie Albert",
            "timestamp": 1480769614
        },
        {
            "name": "Codd Banks",
            "timestamp": 1352056213
        },
        {
            "name": "Babbage Simpson",
            "timestamp": 1697018758
        },
        {
            "name": "Hamming Oppenheimer",
            "timestamp": 1354989818
        },
        {
            "name": "Barrymore Winship",
            "timestamp": 1626195828
        },
        {
            "name": "Cunningham Bristol",
            "timestamp": 1462366243
        },
        {
            "name": "Cunningham Acardi",
            "timestamp": 1319493785
        },
        {
            "name": "Bushnell Kraus",
            "timestamp": 1529011214
        },
        {
            "name": "Barkley Hirsch",
            "timestamp": 1291980221
        },
        {
            "name": "Licklider Chapman",
            "timestamp": 1524856039
        },
        {
            "name": "Von Neumann Mann",
            "timestamp": 1273424535
        },
        {
            "name": "Andreessen Rosenfeld",
            "timestamp": 1517886842
        },
        {
            "name": "Cerf Paulson",
            "timestamp": 1667213939
        },
        {
            "name": "Mccarthy Rosenberg",
            "timestamp": 1677550207
        },
        {
            "name": "Bushnell Clayton",
            "timestamp": 1593632404
        },
        {
            "name": "Rivest Fiorentino",
            "timestamp": 1343983457
        },
        {
            "name": "Jenkins Derby",
            "timestamp": 1294365934
        },
        {
            "name": "Cerf Jarvis",
            "timestamp": 1421543033
        },
        {
            "name": "Cerf Leon",
            "timestamp": 1541055211
        },
        {
            "name": "Barkley Albrecht",
            "timestamp": 1427142727
        }
    ]
}