{
    "deleted_friends_v2": [
        {
            "name": "Wozniak Alfredson",
            "timestamp": 1633054786
        },
        {
            "name": "Von Neumann Kroger",
            "timestamp": 1382961045
        },
        {
            "name": "Andreessen Winston",
            "timestamp": 1474350050
        },
        {
            "name": "Barkley Stephenson",
            "timestamp": 1565348703
        },
        {
            "name": "Von Neumann Bergamaschi",
            "timestamp": 1304472820
        },
        {
            "name": "Bertuccio Sawyer",
            "timestamp": 1438738422
        },
        {
            "name": "Licklider Larson",
            "timestamp": 1576627925
        },
        {
            "name": "Figaro Clifton",
            "timestamp": 1574551873
        },
        {
            "name": "Leporello Howard",
            "timestamp": 1416399707
        },
        {
            "name": "Andreessen Devin",
            "timestamp": 1696522205
        },
        {
            "name": "Poole Jerome",
            "timestamp": 1636306760
        },
        {
            "name": "Wozniak Rogers",
            "timestamp": 1321195663
        },
        {
            "name": "Backus Beltz",
            "timestamp": 1321673591
        },
        {
            "name": "Brooks Thacker",
            "timestamp": 1364715863
        },
        {
            "name": "Von Neumann Faugno",
            "timestamp": 1279245263
        },
        {
            "name": "Alfred Stark",
            "timestamp": 1708779494
        },
        {
            "name": "Simonides Ansaldi",
            "timestamp": 1508247653
        },
        {
            "name": "Lovelace Metz",
            "timestamp": 1692159650
        },
        {
            "name": "Zuse Woodward",
            "timestamp": 1503822750
        },
        {
            "name": "Ritchie Jones",
            "timestamp": 1535059630
        }
    ]
}