{"deleted_friends_v2": [{"name": "Nuran Essig", "timestamp": 1695281003}, {"name": "Alexei Schnieders", "timestamp": 1405518129}, {"name": "Walfried Krapf", "timestamp": 1402350852}, {"name": "Ruediger Clauss", "timestamp": 1334343732}, {"name": "Irmela Gotthardt", "timestamp": 1270888615}, {"name": "Irmi Kegel", "timestamp": 1303809575}, {"name": "Sigfried Krapf", "timestamp": 1567627455}, {"name": "Vito Wuerfel", "timestamp": 1467890202}, {"name": "Lea Baumgaertner", "timestamp": 1596889784}, {"name": "Ekrem Graeber", "timestamp": 1667084388}, {"name": "Gino Wenzel", "timestamp": 1565216774}, {"name": "Aloys Hofbauer", "timestamp": 1514138987}, {"name": "Liane Rein", "timestamp": 1528326014}, {"name": "Donata Fink", "timestamp": 1447156453}, {"name": "Andrzej Ramm", "timestamp": 1690397310}, {"name": "Juergen Bacher", "timestamp": 1414424228}, {"name": "Valeska Rauer", "timestamp": 1652541945}, {"name": "Erna Bussmann", "timestamp": 1279117978}, {"name": "Bertha Kolodziej", "timestamp": 1306095144}, {"name": "Detlev Bunk", "timestamp": 1446338507}, {"name": "Marie-Theres Meise", "timestamp": 1481186591}, {"name": "Auguste Kurth", "timestamp": 1688199139}, {"name": "Imke Harder", "timestamp": 1533009116}, {"name": "Kathrin Wiedenmann", "timestamp": 1465056105}, {"name": "Kaethe Gutmann", "timestamp": 1568325562}, {"name": "Jenny Lehr", "timestamp": 1658314595}, {"name": "Mercedes Wehrmann", "timestamp": 1352699323}, {"name": "Elsa Busse", "timestamp": 1327376111}, {"name": "Siegward Poetzsch", "timestamp": 1279066706}, {"name": "Konstantinos Tews", "timestamp": 1405302070}, {"name": "Dora Landwehr", "timestamp": 1300911181}, {"name": "Frank-Michael Maisch", "timestamp": 1438950165}, {"name": "Oda Schipper", "timestamp": 1523138634}, {"name": "Bettina Woerner", "timestamp": 1411275546}]}