{
    "friends_v2": [
        {
            "name": "Andre Nitsch",
            "timestamp": 1655965300
        },
        {
            "name": "Sebastian Ritter",
            "timestamp": 1414630259
        },
        {
            "name": "Adrian Mirotta",
            "timestamp": 1264585858
        },
        {
            "name": "Oliver Schmidt",
            "timestamp": 1332333240
        },
        {
            "name": "Sophia M\u00fcller",
            "timestamp": 1539587018
        },
        {
            "name": "Aarav Patel",
            "timestamp": 1689750845
        },
        {
            "name": "Emma Wagner",
            "timestamp": 1581351483
        },
        {
            "name": "Rohan Mehta",
            "timestamp": 1506201050
        },
        {
            "name": "Liam Becker",
            "timestamp": 1646578513
        },
        {
            "name": "Arya Gupta",
            "timestamp": 1597907587
        },
        {
            "name": "Noah Fischer",
            "timestamp": 1491647109
        },
        {
            "name": "Isha Singh",
            "timestamp": 1497882007
        },
        {
            "name": "Ella Richter",
            "timestamp": 1345482049
        },
        {
            "name": "Alexander Schmitt",
            "timestamp": 1661260725
        },
        {
            "name": "Mia Keller",
            "timestamp": 1570772692
        },
        {
            "name": "Vivaan Shah",
            "timestamp": 1390390411
        },
        {
            "name": "Amelia Braun",
            "timestamp": 1635761836
        },
        {
            "name": "Vihaan Das",
            "timestamp": 1547231465
        },
        {
            "name": "Lucas Wagner",
            "timestamp": 1307248330
        },
        {
            "name": "Anaya Patel",
            "timestamp": 1570362079
        },
        {
            "name": "Henry M\u00fcller",
            "timestamp": 1328584266
        },
        {
            "name": "Aadhya Sharma",
            "timestamp": 1542990400
        },
        {
            "name": "Benjamin Becker",
            "timestamp": 1523392830
        },
        {
            "name": "Zara Singh",
            "timestamp": 1292205709
        },
        {
            "name": "Ethan Schmidt",
            "timestamp": 1423165645
        },
        {
            "name": "Sofia Fischer",
            "timestamp": 1415094295
        },
        {
            "name": "Arjun Mehta",
            "timestamp": 1711205017
        },
        {
            "name": "William Richter",
            "timestamp": 1401844866
        },
        {
            "name": "Ananya Das",
            "timestamp": 1586085887
        },
        {
            "name": "James Schmitt",
            "timestamp": 1633353158
        },
        {
            "name": "Aaradhya Shah",
            "timestamp": 1300676060
        },
        {
            "name": "Olivia Keller",
            "timestamp": 1603403575
        },
        {
            "name": "Advait Patel",
            "timestamp": 1669370342
        },
        {
            "name": "Emily Wagner",
            "timestamp": 1467558213
        },
        {
            "name": "Vedant Gupta",
            "timestamp": 1626883764
        },
        {
            "name": "Daniel Becker",
            "timestamp": 1309601231
        },
        {
            "name": "Aanya Singh",
            "timestamp": 1549250221
        },
        {
            "name": "Michael M\u00fcller",
            "timestamp": 1529074597
        },
        {
            "name": "Saisha Sharma",
            "timestamp": 1457273322
        },
        {
            "name": "Alexander Fischer",
            "timestamp": 1681438110
        },
        {
            "name": "Chloe Richter",
            "timestamp": 1503725968
        },
        {
            "name": "Samuel Schmitt",
            "timestamp": 1492796539
        },
        {
            "name": "Anika Das",
            "timestamp": 1270650966
        },
        {
            "name": "Joseph Wagner",
            "timestamp": 1298106670
        },
        {
            "name": "Prisha Patel",
            "timestamp": 1622578613
        },
        {
            "name": "David Becker",
            "timestamp": 1341575432
        },
        {
            "name": "Aarohi Singh",
            "timestamp": 1372366013
        },
        {
            "name": "Sophie Keller",
            "timestamp": 1303082236
        },
        {
            "name": "Aryan Mehta",
            "timestamp": 1482412942
        },
        {
            "name": "Matthew Richter",
            "timestamp": 1330275435
        },
        {
            "name": "Anvi Gupta",
            "timestamp": 1589736891
        },
        {
            "name": "Christopher Schmitt",
            "timestamp": 1358138868
        },
        {
            "name": "Kiara Fischer",
            "timestamp": 1370337765
        },
        {
            "name": "Andrew Wagner",
            "timestamp": 1501961300
        },
        {
            "name": "Aadhira Patel",
            "timestamp": 1705527149
        },
        {
            "name": "Abigail M\u00fcller",
            "timestamp": 1593983072
        },
        {
            "name": "Aarush Shah",
            "timestamp": 1390827508
        }
    ]
}