{"friends_v2": [{"name": "Gottlob Arens", "timestamp": 1344448057}, {"name": "Hans-Dietrich Tischer", "timestamp": 1436007860}, {"name": "Senta Kettner", "timestamp": 1565729928}, {"name": "Christa-Maria Trommer", "timestamp": 1478506230}, {"name": "Wladimir Steffens", "timestamp": 1269591239}, {"name": "Kevin Schuett", "timestamp": 1670610761}, {"name": "Edda Diekmann", "timestamp": 1351674423}, {"name": "Mesut Gutzeit", "timestamp": 1573187531}, {"name": "Imelda Pauli", "timestamp": 1560363513}, {"name": "Gertrude Harnisch", "timestamp": 1362274147}, {"name": "Dittmar Mies", "timestamp": 1523308430}, {"name": "Henning Hohl", "timestamp": 1379744133}, {"name": "Monica Gruenewald", "timestamp": 1634550780}, {"name": "Niklas Dieckmann", "timestamp": 1397945165}, {"name": "Gerold Noack", "timestamp": 1288025057}, {"name": "Mathias Wilkens", "timestamp": 1507308055}, {"name": "Pedro Spiller", "timestamp": 1544663926}, {"name": "Willibert Ahrens", "timestamp": 1457460184}, {"name": "Karin Woll", "timestamp": 1588319714}, {"name": "Theresa Riemer", "timestamp": 1638095902}, {"name": "Heike Jaeger", "timestamp": 1311489207}, {"name": "Ursel Junker", "timestamp": 1375558678}, {"name": "Ludwina Geist", "timestamp": 1379558307}, {"name": "Jeanette Poetzsch", "timestamp": 1682085669}, {"name": "Tassilo Kissel", "timestamp": 1696402307}, {"name": "Laszlo Kellermann", "timestamp": 1366945833}, {"name": "Antonie Stoffel", "timestamp": 1657542736}, {"name": "Mohammed Nowak", "timestamp": 1641250189}, {"name": "Dominik Zacharias", "timestamp": 1689285275}, {"name": "Wolfhard Schmid", "timestamp": 1375097984}, {"name": "Franziska Junk", "timestamp": 1555270265}, {"name": "Jose Wiemer", "timestamp": 1500473463}, {"name": "Swetlana Brack", "timestamp": 1413580856}, {"name": "Ilona Berndt", "timestamp": 1495502457}, {"name": "Karolina Gassner", "timestamp": 1268338214}, {"name": "Gretchen Holzner", "timestamp": 1610691388}, {"name": "Muharrem Braeutigam", "timestamp": 1364107246}, {"name": "Trude Kober", "timestamp": 1591811612}, {"name": "Gerfried Huth", "timestamp": 1309536350}, {"name": "Ismet Riedel", "timestamp": 1373815475}, {"name": "Sofie Lehr", "timestamp": 1416364382}, {"name": "Hansgeorg Emmerich", "timestamp": 1355747313}, {"name": "Annedore Gruner", "timestamp": 1591536012}, {"name": "Valentin Danner", "timestamp": 1443306415}, {"name": "Jo Unruh", "timestamp": 1617649267}, {"name": "Tina Noll", "timestamp": 1293671353}, {"name": "Hildburg Angermann", "timestamp": 1479698242}, {"name": "Armin Raupach", "timestamp": 1376217394}, {"name": "Amelie Kopf", "timestamp": 1470831332}, {"name": "Guenther Stuermer", "timestamp": 1328759982}, {"name": "Kerstin Schwartz", "timestamp": 1323026450}, {"name": "Zdravko Rausch", "timestamp": 1407516834}, {"name": "Francisco Engels", "timestamp": 1489323964}, {"name": "Laurenz Baier", "timestamp": 1499720062}, {"name": "Eckhardt Stang", "timestamp": 1429339039}, {"name": "Jiri Waechter", "timestamp": 1403865040}, {"name": "Ignatz Schlesinger", "timestamp": 1622623798}, {"name": "Tony Neumann", "timestamp": 1340055291}, {"name": "Hannes Kahlert", "timestamp": 1592390332}, {"name": "Bernfried Koelsch", "timestamp": 1544725265}, {"name": "Oswin Behrend", "timestamp": 1653908474}, {"name": "Guenter Husemann", "timestamp": 1272302808}, {"name": "Pauline Schlicht", "timestamp": 1671802934}, {"name": "Mariechen Brauer", "timestamp": 1463165927}, {"name": "Johannes Reif", "timestamp": 1361973490}, {"name": "Baptist Pitz", "timestamp": 1696988044}, {"name": "Edeltrud Heizmann", "timestamp": 1316001699}, {"name": "Gertraut Hendricks", "timestamp": 1505699904}, {"name": "Raymund Frech", "timestamp": 1406555268}, {"name": "Reimer Dallmann", "timestamp": 1568346454}, {"name": "Karl-Hermann Nass", "timestamp": 1281138242}, {"name": "Jaqueline Schult", "timestamp": 1615911927}, {"name": "Giovanni Eisenmann", "timestamp": 1426812612}, {"name": "Horst-Peter Enderle", "timestamp": 1639318898}, {"name": "Milan Zettl", "timestamp": 1318994930}, {"name": "Reni Ebeling", "timestamp": 1534148704}, {"name": "Eckhart Unruh", "timestamp": 1623669577}, {"name": "Veit Hertwig", "timestamp": 1676430233}, {"name": "Gundula Effenberger", "timestamp": 1697292471}, {"name": "Liliana Vogl", "timestamp": 1605382706}, {"name": "Yasemin Hollmann", "timestamp": 1457833089}, {"name": "Hans-Christian Liedtke", "timestamp": 1494440739}, {"name": "Gundi Schultz", "timestamp": 1339567018}, {"name": "Senta Hornig", "timestamp": 1692383413}, {"name": "Jadwiga Gottschling", "timestamp": 1653867159}, {"name": "Eberhard Faerber", "timestamp": 1528755387}, {"name": "Adolfine oezdemir", "timestamp": 1520676338}, {"name": "Anastasios Otten", "timestamp": 1490440547}, {"name": "Mercedes Wesemann", "timestamp": 1298431123}, {"name": "Eckhard Landmann", "timestamp": 1462233740}, {"name": "Herbert Thiel", "timestamp": 1271195002}, {"name": "Lissi Johannes", "timestamp": 1601972269}, {"name": "Ivana Heine", "timestamp": 1464885508}, {"name": "Faruk Unger", "timestamp": 1355474409}, {"name": "Florentine Pietzsch", "timestamp": 1697230109}, {"name": "Pedro Gerhardt", "timestamp": 1562174700}, {"name": "Karl-Peter Wiener", "timestamp": 1621443227}, {"name": "Darko Willms", "timestamp": 1293971205}, {"name": "Trude Gebauer", "timestamp": 1681500478}, {"name": "Hans-Martin Hammann", "timestamp": 1606838802}, {"name": "Saban Speicher", "timestamp": 1664926850}, {"name": "Friedl Wilde", "timestamp": 1573793436}, {"name": "Udo Heindl", "timestamp": 1677216937}, {"name": "Heidelinde Kast", "timestamp": 1635752399}, {"name": "Auguste Lehmkuhl", "timestamp": 1308074778}, {"name": "Solveig Kreuz", "timestamp": 1329021866}, {"name": "Kilian Hecht", "timestamp": 1615310281}, {"name": "Ditmar Kuenzel", "timestamp": 1405150220}, {"name": "Delia Poth", "timestamp": 1358096764}, {"name": "Hans-Hinrich Schoetz", "timestamp": 1262922025}, {"name": "Aleksandr Block", "timestamp": 1268517668}, {"name": "Anny Aigner", "timestamp": 1682625219}, {"name": "Olav Arendt", "timestamp": 1686488673}, {"name": "Cosimo Ecker", "timestamp": 1395157343}, {"name": "Oscar Merk", "timestamp": 1459983208}, {"name": "Dieter Meister", "timestamp": 1298231026}, {"name": "Gunther Balke", "timestamp": 1613375716}, {"name": "Barbara Stoeckl", "timestamp": 1441430197}, {"name": "Claere Rueckert", "timestamp": 1571480141}, {"name": "Wencke Unger", "timestamp": 1509551592}, {"name": "Jasmina Diehl", "timestamp": 1687995165}, {"name": "Waldemar Markert", "timestamp": 1459571727}, {"name": "Henrike Waechter", "timestamp": 1695856053}, {"name": "Murat Otte", "timestamp": 1589022855}, {"name": "Vanessa Hilbig", "timestamp": 1680056818}, {"name": "Ingmar Wolff", "timestamp": 1697300038}, {"name": "Dorothe Brauner", "timestamp": 1491380349}, {"name": "Dennis Schaal", "timestamp": 1638722167}, {"name": "Bozena Artmann", "timestamp": 1685504981}, {"name": "Alessandro Baetz", "timestamp": 1305805759}, {"name": "Henryk Speer", "timestamp": 1680303641}, {"name": "Volkmar Stutz", "timestamp": 1349308657}, {"name": "Elenore Roemer", "timestamp": 1549777750}, {"name": "Arno Schaper", "timestamp": 1593776128}, {"name": "Pauline Franken", "timestamp": 1472422762}, {"name": "Karl-August Uhlig", "timestamp": 1445839623}, {"name": "Balthasar Ziemann", "timestamp": 1273049250}, {"name": "Dorothee Naumann", "timestamp": 1464438190}, {"name": "Anton Noack", "timestamp": 1295958521}, {"name": "Friedl Muehl", "timestamp": 1368611785}, {"name": "Dragan Wenk", "timestamp": 1343343416}, {"name": "Antonino Kuehnel", "timestamp": 1425142438}, {"name": "Apollonia Gerhards", "timestamp": 1369055385}, {"name": "Kristine Gille", "timestamp": 1410396268}, {"name": "Catharina Stelter", "timestamp": 1328246570}, {"name": "Natascha Warnecke", "timestamp": 1427277937}, {"name": "Sedat Blank", "timestamp": 1596840312}, {"name": "Julia Haensch", "timestamp": 1326944783}, {"name": "Rotraut Andreas", "timestamp": 1440259564}, {"name": "Ibrahim Belz", "timestamp": 1519315242}, {"name": "Leif Jaeger", "timestamp": 1298967531}, {"name": "Rigo Nickel", "timestamp": 1433774243}, {"name": "Florian Hielscher", "timestamp": 1283028658}, {"name": "Magda Stegmaier", "timestamp": 1430184925}, {"name": "Klaus-Guenter Dahlke", "timestamp": 1595771711}, {"name": "Kathrin Montag", "timestamp": 1535862869}, {"name": "Zdenka Lauber", "timestamp": 1409145630}, {"name": "Eugenie Klenk", "timestamp": 1439669470}, {"name": "Constanze Kratzer", "timestamp": 1528010711}, {"name": "Irmela Witzel", "timestamp": 1521307277}, {"name": "Emilia Schultze", "timestamp": 1557226911}, {"name": "Matteo Hundertmark", "timestamp": 1462658291}, {"name": "Kristiane Lohr", "timestamp": 1434645018}, {"name": "Klaus-Juergen Brandner", "timestamp": 1436668897}, {"name": "Petra Wittenberg", "timestamp": 1491531679}, {"name": "Burkhardt Gerstner", "timestamp": 1289438284}, {"name": "Angelica Kersten", "timestamp": 1694882995}, {"name": "Elena Probst", "timestamp": 1673678557}, {"name": "Grit Blessing", "timestamp": 1671190438}, {"name": "Henni Glueck", "timestamp": 1281241687}, {"name": "Karl-Werner Schoenemann", "timestamp": 1543210027}, {"name": "Babette Fassbender", "timestamp": 1349480241}, {"name": "Cemal Koelling", "timestamp": 1440702010}, {"name": "Alma Goetze", "timestamp": 1506415147}, {"name": "Anastasia Niklas", "timestamp": 1293378213}, {"name": "Christl Ehrlich", "timestamp": 1579051060}, {"name": "Doerte Siegmund", "timestamp": 1423144863}, {"name": "Tilman Pilz", "timestamp": 1281918403}, {"name": "Hakan Limbach", "timestamp": 1418672045}, {"name": "Dorothee Goll", "timestamp": 1297891593}, {"name": "Margarete Widmann", "timestamp": 1608432990}, {"name": "Sebastiano Lemke", "timestamp": 1610175403}, {"name": "Johanna Brunner", "timestamp": 1674729021}, {"name": "Rudi Pollak", "timestamp": 1369235610}, {"name": "Christiana Goldbach", "timestamp": 1646811281}, {"name": "Birgid Dahms", "timestamp": 1450549650}, {"name": "Carina Mack", "timestamp": 1684950232}, {"name": "Hans-Rainer Rettig", "timestamp": 1620951550}, {"name": "Annegret Ketterer", "timestamp": 1451220541}, {"name": "Rena Seitz", "timestamp": 1429318823}, {"name": "Monja Schroll", "timestamp": 1592130909}, {"name": "Gerda Eckardt", "timestamp": 1641707932}, {"name": "Irmi Schorr", "timestamp": 1432823366}, {"name": "Reimund Bott", "timestamp": 1583423979}, {"name": "Cynthia Kropp", "timestamp": 1641728264}, {"name": "Ronny Scheer", "timestamp": 1652779269}, {"name": "Eckard Diehl", "timestamp": 1593699280}, {"name": "Annelie Wedekind", "timestamp": 1586218158}, {"name": "Mareen Paschke", "timestamp": 1703913104}, {"name": "Elfriede Riegel", "timestamp": 1427415367}, {"name": "Hans-Ulrich Piotrowski", "timestamp": 1538170093}, {"name": "Benedikt Krafft", "timestamp": 1293340422}, {"name": "Enno Mauch", "timestamp": 1394917402}, {"name": "Waldtraut Schueler", "timestamp": 1362529099}, {"name": "Klaus-Dieter Knuth", "timestamp": 1350609372}, {"name": "Karsten Kistner", "timestamp": 1426526596}, {"name": "Charlotte Appelt", "timestamp": 1566338858}, {"name": "Ingo Burkard", "timestamp": 1508880546}, {"name": "Reinhilde Heil", "timestamp": 1693441295}, {"name": "Stanislav Kaempf", "timestamp": 1265129103}, {"name": "Saban Heller", "timestamp": 1439295490}, {"name": "Denis Helm", "timestamp": 1656952097}, {"name": "Pavel Kroeger", "timestamp": 1274625274}, {"name": "Gebhard Niggemann", "timestamp": 1420807038}, {"name": "Corinna Neubauer", "timestamp": 1605345641}, {"name": "Luka Titze", "timestamp": 1383057574}, {"name": "Eva Steininger", "timestamp": 1450085142}, {"name": "Horst-Guenter Kindermann", "timestamp": 1689629243}, {"name": "Elias Klassen", "timestamp": 1434331265}, {"name": "Reinhard Peukert", "timestamp": 1326699517}, {"name": "Ivan Hey", "timestamp": 1534393255}, {"name": "Niels Lerch", "timestamp": 1348909575}, {"name": "Heidemarie Kugler", "timestamp": 1512055759}, {"name": "Gerda Tews", "timestamp": 1501742743}, {"name": "Ilona Heumann", "timestamp": 1647692774}, {"name": "Ingmar Ferber", "timestamp": 1602705596}, {"name": "Philipp Streit", "timestamp": 1342179195}, {"name": "Holm Schroll", "timestamp": 1387644310}, {"name": "Adriana Buse", "timestamp": 1478117159}, {"name": "Branko Weidlich", "timestamp": 1598630485}, {"name": "Othmar Brucker", "timestamp": 1350899021}, {"name": "Marleen Buehner", "timestamp": 1371334881}, {"name": "Olga Eismann", "timestamp": 1629396724}, {"name": "Marietta Zeidler", "timestamp": 1409283137}, {"name": "Marc Schier", "timestamp": 1264629128}, {"name": "Lilly Juenger", "timestamp": 1633885416}, {"name": "Berndt Troeger", "timestamp": 1355299539}, {"name": "Hans-Guenther Keller", "timestamp": 1553733115}, {"name": "Knut Otte", "timestamp": 1458564269}, {"name": "Almut Mewes", "timestamp": 1419337679}, {"name": "Pasquale Koelbl", "timestamp": 1496882926}, {"name": "Anny Hoeger", "timestamp": 1540664403}, {"name": "Irene Dallmann", "timestamp": 1319718883}, {"name": "Julius Frank", "timestamp": 1636026358}, {"name": "Cetin Stemmer", "timestamp": 1311865251}, {"name": "Anna-Luise Wegmann", "timestamp": 1483734703}, {"name": "Sarina Gerdes", "timestamp": 1671997936}, {"name": "Emilia Moritz", "timestamp": 1310285767}, {"name": "Wojciech Ochs", "timestamp": 1622255852}, {"name": "Augustin Ring", "timestamp": 1633226787}, {"name": "Rupert Michels", "timestamp": 1614959950}, {"name": "Arno Fitz", "timestamp": 1273338135}, {"name": "Lilo Rummel", "timestamp": 1602059465}, {"name": "Kenneth Herr", "timestamp": 1303656529}, {"name": "Simona Gleissner", "timestamp": 1645385990}, {"name": "Jan Schlenker", "timestamp": 1600720556}, {"name": "Serge Schurr", "timestamp": 1670775421}, {"name": "Mirco Koelling", "timestamp": 1596211416}, {"name": "Constance Thiele", "timestamp": 1515217246}, {"name": "Philipp Rau", "timestamp": 1569742245}, {"name": "Erich Lederer", "timestamp": 1521006292}, {"name": "Nuran Platz", "timestamp": 1561174819}, {"name": "Ron Burmester", "timestamp": 1318944344}, {"name": "Arthur Schink", "timestamp": 1689333521}, {"name": "Lioba Hohmann", "timestamp": 1376129507}, {"name": "Ingo Blankenburg", "timestamp": 1568357930}, {"name": "Folker Weigel", "timestamp": 1542527556}, {"name": "Evangelia Voit", "timestamp": 1657073582}, {"name": "Leif Scholl", "timestamp": 1626039996}, {"name": "Romuald Sander", "timestamp": 1622247703}, {"name": "Irmgard Hagel", "timestamp": 1271304228}, {"name": "Sebastiano Casper", "timestamp": 1453091952}, {"name": "Jakob Toepfer", "timestamp": 1317266033}, {"name": "Gabi Hohn", "timestamp": 1404884250}, {"name": "Kenan Jungmann", "timestamp": 1331749185}, {"name": "Rosmarie Thielemann", "timestamp": 1621830107}, {"name": "Vera Hain", "timestamp": 1482906779}, {"name": "Dusan Mehler", "timestamp": 1432089744}, {"name": "Elwira Schoenemann", "timestamp": 1657210747}, {"name": "Kristiane Barthel", "timestamp": 1276511272}, {"name": "Elisa Kempf", "timestamp": 1357316351}, {"name": "Miodrag Krenz", "timestamp": 1287375597}, {"name": "Michael Wenzel", "timestamp": 1424476382}, {"name": "Gordon Hoppe", "timestamp": 1510919140}, {"name": "Wojciech Meinke", "timestamp": 1657602691}, {"name": "Steven Kuehnle", "timestamp": 1327369995}, {"name": "Hermann Majewski", "timestamp": 1268089347}, {"name": "Gottlieb Schuhmacher", "timestamp": 1320174149}, {"name": "Katharina Seibt", "timestamp": 1574489760}, {"name": "Luigi Greif", "timestamp": 1307886917}, {"name": "Gisbert Muench", "timestamp": 1700136177}, {"name": "Bartholomaeus Westermann", "timestamp": 1290297958}, {"name": "Juri Classen", "timestamp": 1442195144}, {"name": "Jens Eisenmann", "timestamp": 1350478538}, {"name": "Hans-Werner Topp", "timestamp": 1388606523}, {"name": "Volkhard Schiemann", "timestamp": 1634762777}, {"name": "Ina Hentschel", "timestamp": 1598759367}, {"name": "Anastasios Reinecke", "timestamp": 1454253696}, {"name": "Lothar Walter", "timestamp": 1609841508}, {"name": "Pietro Linnemann", "timestamp": 1672830469}, {"name": "Manuela Ferstl", "timestamp": 1667639974}, {"name": "Patric Kessler", "timestamp": 1642876333}, {"name": "Cengiz Otto", "timestamp": 1544356036}, {"name": "Viktor Winter", "timestamp": 1496711994}, {"name": "Anne-Katrin Baechle", "timestamp": 1282578115}, {"name": "Friedrich Kliem", "timestamp": 1702563370}, {"name": "Leonie Manske", "timestamp": 1674124181}, {"name": "Alice Wolfram", "timestamp": 1632051838}, {"name": "Cord Schock", "timestamp": 1641170432}, {"name": "Hanni Rasche", "timestamp": 1313595298}, {"name": "Philomena Kollmann", "timestamp": 1652744116}, {"name": "Gertraude Wiemann", "timestamp": 1326927464}, {"name": "Caren Kerkhoff", "timestamp": 1328451884}, {"name": "Ilja Siegl", "timestamp": 1485641248}, {"name": "Oxana Diemer", "timestamp": 1315685008}, {"name": "Traugott Rothe", "timestamp": 1652019986}, {"name": "Annelore Knecht", "timestamp": 1449719929}, {"name": "Felix Zach", "timestamp": 1565393025}, {"name": "Andre Heid", "timestamp": 1498146061}, {"name": "Dieter Schoenberg", "timestamp": 1681561661}, {"name": "Ludmilla Lieder", "timestamp": 1677368271}, {"name": "Bogdan Schindler", "timestamp": 1391835499}, {"name": "Mareen Pausch", "timestamp": 1378631770}, {"name": "Andy Heisig", "timestamp": 1420821652}, {"name": "Mariusz Krupp", "timestamp": 1478064530}, {"name": "Marlies Schock", "timestamp": 1290769724}, {"name": "Ramon Muehlbauer", "timestamp": 1292138557}, {"name": "Steffen Fuetterer", "timestamp": 1659170099}, {"name": "Louise Schwandt", "timestamp": 1276275255}, {"name": "Melita Lippold", "timestamp": 1664735340}, {"name": "Massimo Heilmann", "timestamp": 1483417889}, {"name": "Klaas Philipps", "timestamp": 1357638355}, {"name": "Ortwin Bamberger", "timestamp": 1515083284}, {"name": "Utz Epp", "timestamp": 1354166364}, {"name": "Hardy Reitz", "timestamp": 1350044679}, {"name": "Kathy Heymann", "timestamp": 1344681872}, {"name": "Julia Frings", "timestamp": 1682218129}, {"name": "Benjamin Teichmann", "timestamp": 1597293991}, {"name": "Georg Poser", "timestamp": 1702626306}, {"name": "Mattias Albrecht", "timestamp": 1481789198}, {"name": "Friederike Kasper", "timestamp": 1541490990}, {"name": "Nikolaus Schwabe", "timestamp": 1279642160}, {"name": "Gotthard Kreuzer", "timestamp": 1564257807}, {"name": "Ahmad Veit", "timestamp": 1680145045}, {"name": "Elisa Bergemann", "timestamp": 1671877097}, {"name": "Fridolin Dammann", "timestamp": 1523422989}, {"name": "Jan Schloemer", "timestamp": 1595854476}, {"name": "Witold Anger", "timestamp": 1456204979}, {"name": "Reni Thiele", "timestamp": 1548061957}, {"name": "Annita Weissenborn", "timestamp": 1614596383}, {"name": "Ingelore Gruber", "timestamp": 1685793388}, {"name": "Franz Josef Wimmer", "timestamp": 1339576395}, {"name": "Karlfried Neugebauer", "timestamp": 1307714713}, {"name": "Carla Jankowski", "timestamp": 1385877699}, {"name": "Jann Muecke", "timestamp": 1287871592}, {"name": "Mattias Windisch", "timestamp": 1283285941}, {"name": "Elly Hampe", "timestamp": 1478735134}, {"name": "Raymund Herr", "timestamp": 1602413210}, {"name": "Adelbert Scheele", "timestamp": 1542681214}, {"name": "Carl-Heinz Armbruster", "timestamp": 1399825540}, {"name": "Hans-Hinrich Heinecke", "timestamp": 1456707526}, {"name": "Sibilla Mueck", "timestamp": 1487683230}, {"name": "Raisa Feller", "timestamp": 1264552911}, {"name": "Baerbel Clasen", "timestamp": 1526695964}, {"name": "Meik Dehn", "timestamp": 1692161962}, {"name": "Gabriele Graetz", "timestamp": 1487026758}, {"name": "Vera Brosch", "timestamp": 1677595200}, {"name": "Kunibert Pelzer", "timestamp": 1478146480}, {"name": "Ruth Heinig", "timestamp": 1622885656}, {"name": "Giovanna Moebius", "timestamp": 1620456779}, {"name": "Gundi Thoene", "timestamp": 1501510147}, {"name": "Nuri Gradl", "timestamp": 1478077805}, {"name": "Johannes Goellner", "timestamp": 1385326667}, {"name": "Edeltraud Wilms", "timestamp": 1674607226}, {"name": "Anne-Katrin Willems", "timestamp": 1346849568}, {"name": "Harri Kempe", "timestamp": 1378486701}, {"name": "Bianka Spiekermann", "timestamp": 1564930283}, {"name": "Geraldine Staiger", "timestamp": 1607089311}, {"name": "Dierk Hassel", "timestamp": 1301434916}, {"name": "Nikolaj Ullmann", "timestamp": 1443472405}, {"name": "Nico Singer", "timestamp": 1269402848}, {"name": "Berndt Gruetzner", "timestamp": 1334234474}, {"name": "Sofie Demir", "timestamp": 1339912676}, {"name": "Alla Kortmann", "timestamp": 1665128033}, {"name": "Paula Rausch", "timestamp": 1279181532}, {"name": "Bastian Henke", "timestamp": 1359101570}, {"name": "Monique Kummer", "timestamp": 1383980912}, {"name": "Kerstin Petzold", "timestamp": 1478120430}, {"name": "Hans-Dieter Kasper", "timestamp": 1479494955}, {"name": "Notburga Ruether", "timestamp": 1511016953}, {"name": "Evelyne Wallner", "timestamp": 1678889592}, {"name": "Veronika Wagner", "timestamp": 1542163859}, {"name": "Wenke Hetzel", "timestamp": 1461247531}, {"name": "Athanasios Laube", "timestamp": 1637826135}, {"name": "Carina Schlesinger", "timestamp": 1376545938}, {"name": "Birthe Schaffrath", "timestamp": 1442154634}, {"name": "Nadeshda Wege", "timestamp": 1325763035}, {"name": "Anka Philipps", "timestamp": 1313971515}, {"name": "Patrizia Diederich", "timestamp": 1427522571}, {"name": "Florence Heinze", "timestamp": 1343258834}, {"name": "Danny Fiedler", "timestamp": 1419968177}, {"name": "Klaere Kretzschmar", "timestamp": 1696288365}, {"name": "Klothilde Denker", "timestamp": 1547448465}, {"name": "Theodor Baeuerle", "timestamp": 1265081993}, {"name": "Antonie Schroer", "timestamp": 1361464840}, {"name": "Sabri Reichmann", "timestamp": 1447563851}, {"name": "Henry Kolbeck", "timestamp": 1309547297}, {"name": "Amir Eichmann", "timestamp": 1533701856}, {"name": "Stella Neumann", "timestamp": 1437308044}, {"name": "Nils Fuetterer", "timestamp": 1407435320}, {"name": "Folkert Kugler", "timestamp": 1665849940}, {"name": "Drago Reuss", "timestamp": 1407729590}, {"name": "Leonhard Kaul", "timestamp": 1399478431}, {"name": "Eva Schultes", "timestamp": 1641873813}, {"name": "Hildegart Flick", "timestamp": 1617150324}, {"name": "Vera Weitzel", "timestamp": 1418231185}, {"name": "Dittmar Witte", "timestamp": 1599398930}, {"name": "Irmela Oster", "timestamp": 1374395769}, {"name": "Augustin Dirks", "timestamp": 1518780619}, {"name": "Luigi Taubert", "timestamp": 1510677263}, {"name": "Janko Bergmann", "timestamp": 1525255714}, {"name": "Abdullah Niemeier", "timestamp": 1650504894}, {"name": "Maria Stumpe", "timestamp": 1694147048}, {"name": "Dina Klotz", "timestamp": 1402393618}, {"name": "Marianna Blohm", "timestamp": 1452663807}, {"name": "Anne-Kathrin Krauss", "timestamp": 1402296242}, {"name": "Wilhelm Huegel", "timestamp": 1664319914}, {"name": "Joerg-Peter Noe", "timestamp": 1324935493}, {"name": "Edeltraud Schwarzer", "timestamp": 1586506812}, {"name": "Sergei Mahler", "timestamp": 1566464371}, {"name": "Aleksandar Horn", "timestamp": 1272076531}, {"name": "Helene Soellner", "timestamp": 1328150098}, {"name": "Malte Reuss", "timestamp": 1277296455}, {"name": "Patricia Weissmann", "timestamp": 1506457805}, {"name": "Hardy Schweigert", "timestamp": 1535525191}, {"name": "Vladimir Schaffrath", "timestamp": 1585785029}, {"name": "Leni Mundt", "timestamp": 1369155734}, {"name": "Adeline Pesch", "timestamp": 1461048177}, {"name": "Rocco Seibel", "timestamp": 1479910866}, {"name": "Gretl Jost", "timestamp": 1588750094}, {"name": "Ignatz Huemmer", "timestamp": 1499241796}, {"name": "Christa Pusch", "timestamp": 1466912242}, {"name": "Massimo Biedermann", "timestamp": 1417712397}, {"name": "Franziska Heinemann", "timestamp": 1609817890}, {"name": "Vittorio Geib", "timestamp": 1684374939}, {"name": "Andreas Schaaf", "timestamp": 1339375749}, {"name": "Annita Dietrich", "timestamp": 1641464629}, {"name": "Gabor Weigelt", "timestamp": 1445149556}, {"name": "Agata Kaltenbach", "timestamp": 1483166213}, {"name": "Gretchen Knott", "timestamp": 1264156058}, {"name": "Hanife Manthey", "timestamp": 1549927552}, {"name": "Valerie John", "timestamp": 1487589272}, {"name": "Ann-Kathrin Reinhardt", "timestamp": 1610821419}, {"name": "Otto Wittig", "timestamp": 1284846298}, {"name": "Karl-Juergen Mucha", "timestamp": 1367285448}, {"name": "Alessandro Hoehn", "timestamp": 1688240744}, {"name": "Mirjam Kasper", "timestamp": 1653792880}, {"name": "Vincent Boehme", "timestamp": 1394404888}, {"name": "Roland Zuber", "timestamp": 1372784870}, {"name": "Maren Bartels", "timestamp": 1655635622}, {"name": "Martina Laux", "timestamp": 1415353741}, {"name": "Renate Sobotta", "timestamp": 1587217623}, {"name": "Emilia Nehring", "timestamp": 1582534938}, {"name": "Konstantin Weinberg", "timestamp": 1321500546}, {"name": "Ronald Wunderlich", "timestamp": 1392923068}, {"name": "Roy Eifler", "timestamp": 1430382327}, {"name": "Ernst-Dieter Grewe", "timestamp": 1367501669}, {"name": "Carin Renken", "timestamp": 1323639022}, {"name": "Marlene Stockmann", "timestamp": 1701794835}, {"name": "Franz Josef Pawlik", "timestamp": 1370672735}, {"name": "Ingetraud Nitsche", "timestamp": 1320704622}, {"name": "Vitali Kleinhans", "timestamp": 1699242851}, {"name": "Gert Wilms", "timestamp": 1518850397}, {"name": "Laszlo Lucas", "timestamp": 1296720833}, {"name": "Harriet Gronau", "timestamp": 1473068456}, {"name": "Evangelos Jasper", "timestamp": 1573925611}, {"name": "Justus Haertel", "timestamp": 1543680937}, {"name": "Hildegund Kolodziej", "timestamp": 1352179346}, {"name": "Siegmar Welz", "timestamp": 1336679772}, {"name": "Kuno Radke", "timestamp": 1592580969}, {"name": "Deborah Kellner", "timestamp": 1423133843}, {"name": "Nancy Friedemann", "timestamp": 1406186318}, {"name": "Reimer Loesch", "timestamp": 1361291465}, {"name": "Caterina Naegele", "timestamp": 1450477854}, {"name": "Reginald Orth", "timestamp": 1667062476}, {"name": "Tilman Rick", "timestamp": 1374351841}, {"name": "Lotte Horstmann", "timestamp": 1287942226}, {"name": "Bianka Metzner", "timestamp": 1282895675}, {"name": "Songuel Fleischer", "timestamp": 1286626928}, {"name": "Sigfried Lembke", "timestamp": 1334104606}, {"name": "Kilian Griese", "timestamp": 1597190277}, {"name": "Sina Grahl", "timestamp": 1585492390}, {"name": "Ingbert Bayer", "timestamp": 1421958290}, {"name": "Matthaeus Sandmann", "timestamp": 1298352605}, {"name": "Anett Franck", "timestamp": 1356592009}, {"name": "Gerhild Mielke", "timestamp": 1451681188}, {"name": "Nurten Buechner", "timestamp": 1373074718}, {"name": "Wladimir Bachmann", "timestamp": 1499044687}, {"name": "Ullrich Schwartz", "timestamp": 1628153310}, {"name": "Lissy Reimann", "timestamp": 1387013850}, {"name": "Katy Hoehn", "timestamp": 1636300296}, {"name": "Francoise Laube", "timestamp": 1570731291}, {"name": "Birgit Hoelzer", "timestamp": 1330433017}, {"name": "Erdmute Bamberger", "timestamp": 1384439265}, {"name": "Heinz Reiff", "timestamp": 1329313414}, {"name": "Salvatore Klose", "timestamp": 1314187419}, {"name": "Zoran Kappler", "timestamp": 1395600107}, {"name": "Joerg-Peter Janson", "timestamp": 1373310387}, {"name": "Hartmut Hepp", "timestamp": 1331554586}, {"name": "Mariele Enke", "timestamp": 1460897292}, {"name": "Liliane Bartz", "timestamp": 1371338026}, {"name": "Eberhardt Lanz", "timestamp": 1695661619}, {"name": "Karla Peschke", "timestamp": 1610161885}, {"name": "Cornelius Bamberger", "timestamp": 1289583734}, {"name": "Margarita Aust", "timestamp": 1269171926}, {"name": "Marek Reis", "timestamp": 1480407656}, {"name": "Hubertine Spahn", "timestamp": 1608583079}, {"name": "Ilse Stecher", "timestamp": 1605155057}, {"name": "Ansgar Scheurer", "timestamp": 1370969675}, {"name": "Gotthilf Kutzner", "timestamp": 1298478796}, {"name": "Heinz-Guenter Westphal", "timestamp": 1358014118}, {"name": "Gabriela Seliger", "timestamp": 1699365055}, {"name": "Franco Gilles", "timestamp": 1348097705}, {"name": "Marisa Gerhardt", "timestamp": 1491805778}, {"name": "Helmar Tesch", "timestamp": 1412703519}, {"name": "Hans-Ulrich Bluemel", "timestamp": 1668245931}, {"name": "Reinhardt Artmann", "timestamp": 1546904310}, {"name": "Alban Boehner", "timestamp": 1318355834}, {"name": "Tim Mader", "timestamp": 1619150473}, {"name": "Irmi Hofbauer", "timestamp": 1392933284}, {"name": "Verena Vogt", "timestamp": 1364890131}, {"name": "Maxim Hirt", "timestamp": 1342156473}, {"name": "Johann Langhammer", "timestamp": 1408718121}, {"name": "Insa Schwind", "timestamp": 1691814415}, {"name": "Sibille Best", "timestamp": 1405139673}, {"name": "Annett Menzel", "timestamp": 1662751941}, {"name": "Aribert Schuermann", "timestamp": 1545625511}, {"name": "Lia Schoener", "timestamp": 1653517246}, {"name": "Catharina Lind", "timestamp": 1669899381}]}