{
  "people_interactions_v2": [
    {
      "name": "",
      "description": "",
      "entries": [
        {
      "timestamp": 1674337102,
      "data": {
        "name": "John Smith",
        "uri": "https://www.facebook.com/john.smith.501"
      }
    },
    {
      "timestamp": 1654808280,
      "data": {
        "name": "Mike Johnson",
        "uri": "https://www.facebook.com/mike.johnson.31"
      }
    },
    {
      "timestamp": 1654808177,
      "data": {
        "name": "Robert Williams",
        "uri": "https://www.facebook.com/RobertWilliams"
      }
    },
    {
      "timestamp": 1654691562,
      "data": {
        "name": "James Brown",
        "uri": "https://www.facebook.com/james.brown.522"
      }
    },
    {
      "timestamp": 1654691547,
      "data": {
        "name": "Jessica Davis",
        "uri": "https://www.facebook.com/jessica.davis.9231"
      }
    },
    {
      "timestamp": 1652083264,
      "data": {
        "name": "Thomas Miller",
        "uri": "https://www.facebook.com/profile.php?id=100006873576743"
      }
    },
    {
      "timestamp": 1650746845,
      "data": {
        "name": "Patricia Wilson",
        "uri": "https://www.facebook.com/patricia.wilson"
      }
    },
    {
      "timestamp": 1648722295,
      "data": {
        "name": "Linda Moore",
        "uri": "https://www.facebook.com/linda.moore.167"
      }
    },
    {
      "timestamp": 1648722283,
      "data": {
        "name": "Elizabeth Taylor",
        "uri": "https://www.facebook.com/elizabeth.taylor"
      }
    },
    {
      "timestamp": 1648722273,
      "data": {
        "name": "David Anderson",
        "uri": "https://www.facebook.com/david.anderson"
      }
    },
    {
      "timestamp": 1648404161,
      "data": {
        "name": "Jennifer Thomas",
        "uri": "https://www.facebook.com/jennifer.thomas.7127"
      }
    },
    {
      "timestamp": 1648400931,
      "data": {
        "name": "Emily Jackson",
        "uri": "https://www.facebook.com/emily.jackson.1466"
      }
    },
    {
      "timestamp": 1646744153,
      "data": {
        "name": "Michael White",
        "uri": "https://www.facebook.com/michael.white.7"
      }
    },
    {
      "timestamp": 1645887838,
      "data": {
        "name": "Sarah Harris",
        "uri": "https://www.facebook.com/sarah.harris.7"
      }
    },
    {
      "timestamp": 1643630892,
      "data": {
        "name": "Ashley Clark",
        "uri": "https://www.facebook.com/ashley.clark.71"
      }
    },
    {
      "timestamp": 1636112318,
      "data": {
        "name": "Donna Lewis",
        "uri": "https://www.facebook.com/donna.lewis.96780"
      }
    },
    {
      "timestamp": 1636112318,
      "data": {
        "name": "Brian Robinson",
        "uri": "https://www.facebook.com/brian.robinson.5"
      }
    },
    {
      "timestamp": 1634535938,
      "data": {
        "name": "Anthony Young",
        "uri": "https://www.facebook.com/profile.php?id=100009390184963"
      }
    },
    {
      "timestamp": 1628404818,
      "data": {
        "name": "Laura Martinez",
        "uri": "https://www.facebook.com/innocent.innocentite"
      }
    },
    {
      "timestamp": 1628404749,
      "data": {
        "name": "Helen Hernandez",
        "uri": "https://www.facebook.com/helen.hernandez.92"
      }
    },
    {
      "timestamp": 1623152519,
      "data": {
        "name": "Amanda Cooper",
        "uri": "https://www.facebook.com/amanda.cooper.3975"
      }
    },
    {
      "timestamp": 1623152506,
      "data": {
        "name": "Alex Gonzalez",
        "uri": "https://www.facebook.com/alex.gonzalez.75457"
      }
    },
    {
      "timestamp": 1608999484,
      "data": {
        "name": "Nick Perry",
        "uri": "https://www.facebook.com/nick.perry.902"
      }
    }
  ]
    }
  ]
}
