{
  "groups_joined_v2": [
    {
      "timestamp": 1310471835,
      "data": [
        {
          "name": "WHG '11"
        }
      ],
      "title": "Du bist WHG '11 beigetreten."
    },
    {
      "timestamp": 1319552174,
      "data": [
        {
          "name": "Mikrosystemtechnik Ersties Uni Berlin WS 11/12"
        }
      ],
      "title": "Du bist Mikrosystemtechnik Ersties Uni Berlin WS 11/12 beigetreten."
    },
    {
      "timestamp": 1320154760,
      "data": [
        {
          "name": "TF Fr Jahrgang WS 11"
        }
      ],
      "title": "Du bist TF Fr Jahrgang WS 11 beigetreten."
    },
    {
      "timestamp": 1336153135,
      "data": [
        {
          "name": "Mitfahrzentrale Berlin"
        }
      ],
      "title": "Du bist Mitfahrzentrale Berlin beigetreten."
    },
    {
      "timestamp": 1371020501,
      "data": [
        {
          "name": "Southside 2013"
        }
      ],
      "title": "Du bist Southside 2013 beigetreten."
    },
    {
      "timestamp": 1379587437,
      "data": [
        {
          "name": "Abinections"
        }
      ],
      "title": "Du bist Abinections beigetreten."
    },
    {
      "timestamp": 14049123456789,
      "data": [
        {
          "name": "Rock'n'Heim '14"
        }
      ],
      "title": "Du bist Rock'n'Heim '14 beigetreten."
    },
    {
      "timestamp": 1591302557,
      "data": [
        {
          "name": "JOHE TATTOOS"
        }
      ],
      "title": "Du bist JOHE TATTOOS beigetreten."
    }
  ]
}