{
  "group_comments_v2": [
    {
      "timestamp": 1317642040,
      "data": [
        {
          "comment": {
            "timestamp": 1317642040,
            "comment": "Mikrosystemtechnik is Berlin",
            "author": "Marcia Husen",
            "group": "WHG '11"
          }
        }
      ],
      "title": "Marcia Husen hat Dustin Whites Beitrag kommentiert."
    },
    {
      "timestamp": 1342909914,
      "data": [
        {
          "comment": {
            "timestamp": 1342909914,
            "comment": "Kommt mal alle nach Berlin ! Ist geil hier :D",
            "author": "Marcia Husen",
            "group": "WHG '11"
          }
        }
      ],
      "title": "Marcia Husen hat Jill Ges Beitrag kommentiert."
    },
    {
      "timestamp": 1342965510,
      "data": [
        {
          "comment": {
            "timestamp": 1342965510,
            "comment": "ja, das sollte sich machen lassen denk ich :D",
            "author": "Marcia Husen",
            "group": "WHG '11"
          }
        }
      ],
      "title": "Marcia Husen hat Jill Ges Beitrag kommentiert."
    },
    {
      "timestamp": 137149123456789,
      "data": [
        {
          "comment": {
            "timestamp": 137149123456789,
            "comment": "Duschen und Toiletten find ich Super!",
            "author": "Marcia Husen",
            "group": "Southside 2013"
          }
        }
      ],
      "title": "Marcia Husen hat Lukas Ketterers Beitrag kommentiert."
    },
    {
      "timestamp": 1386850901,
      "data": [
        {
          "comment": {
            "timestamp": 1386850901,
            "comment": "Die Punkte f\u00c3\u00bcr die KM Zeichnungen",
            "author": "Marcia Husen",
            "group": "Mikrosystemtechnik Ersties Uni Berlin WS 11/12"
          }
        }
      ],
      "title": "Marcia Husen hat ihren eigenen Beitrag kommentiert."
    },
    {
      "timestamp": 1396909891,
      "data": [
        {
          "comment": {
            "timestamp": 1396909891,
            "comment": "Hab auch nichts bekommen",
            "author": "Marcia Husen",
            "group": "Mikrosystemtechnik Ersties Uni Berlin WS 11/12"
          }
        }
      ],
      "title": "Marcia Husen hat Lukas Klars Beitrag kommentiert."
    }
  ]
}