{
  "page_likes_v2": [
    {
      "name": "Altes F\u00c3\u00a4hrhaus Hamm",
      "timestamp": 1648153032,
      "url": "https://www.facebook.com/604129023336512"
    },
    {
      "name": "Hey Cheeky",
      "timestamp": 1628711377,
      "url": "https://www.facebook.com/101228375532170"
    },
    {
      "name": "Ego Style Beauty",
      "timestamp": 1614856071,
      "url": "https://www.facebook.com/112071640445502"
    },
    {
      "name": "Brauhaus Henin",
      "timestamp": 1609110474,
      "url": "https://www.facebook.com/1986615281566269"
    },
    {
      "name": "Gasthaus Zum Stefan",
      "timestamp": 1609110454,
      "url": "https://www.facebook.com/481896208545522"
    },
    {
      "name": "Hummelbruch",
      "timestamp": 1606406727,
      "url": "https://www.facebook.com/105837721355153"
    },
    {
      "name": "Tennis-Studio Wolf",
      "timestamp": 1597929802,
      "url": "https://www.facebook.com/149088685168653"
    },
    {
      "name": "Zahnarztpraxis-Maier-Gorbowski",
      "timestamp": 1579939036,
      "url": "https://www.facebook.com/107566660725508"
    },
    {
      "name": "Zweirad Niehues",
      "timestamp": 1549794561,
      "url": "https://www.facebook.com/438354026232267"
    },
    {
      "name": "Fitness-Loft",
      "timestamp": 1521274954,
      "url": "https://www.facebook.com/1282118735217432"
    },
    {
      "name": "Worst of Chefkoch",
      "timestamp": 1507825092,
      "url": "https://www.facebook.com/126917944599985"
    },
    {
      "name": "187 Strassenbande",
      "timestamp": 1491648884,
      "url": "https://www.facebook.com/144688242217924"
    },
    {
      "name": "Openair Frauenfeld",
      "timestamp": 1481797737,
      "url": "https://www.facebook.com/248001215579"
    },
    {
      "name": "Johe Van Der One",
      "timestamp": 1476299954,
      "url": "https://www.facebook.com/510502682472883"
    },
    {
      "name": "Johe Tattoos",
      "timestamp": 1476188820,
      "url": "https://www.facebook.com/109476579142116"
    },
    {
      "name": "Antiek Tattoo",
      "timestamp": 1476188792,
      "url": "https://www.facebook.com/1379098289006588"
    },
    {
      "name": "Jodel - Hyperlokale Community",
      "timestamp": 1474319157,
      "url": "https://www.facebook.com/1537621163120090"
    },
    {
      "name": "Nachdenkliche Spr\u00c3\u00bcche mit Bilder",
      "timestamp": 1472759566,
      "url": "https://www.facebook.com/681124738680619"
    },
    {
      "name": "Anker Tattoo & Piercing Freiburg",
      "timestamp": 1472219538,
      "url": "https://www.facebook.com/209454365794514"
    },
    {
      "name": "Mike Amanita",
      "timestamp": 1472219529,
      "url": "https://www.facebook.com/526217070739191"
    },
    {
      "name": "Tattoofrei - Es ist sch\u00c3\u00b6n, keine Tattoos zu haben",
      "timestamp": 1471288291,
      "url": "https://www.facebook.com/1607827632784987"
    },
    {
      "name": "Salon Stephanie Goebel",
      "timestamp": 1460047798,
      "url": "https://www.facebook.com/229639777377313"
    },
    {
      "name": "fudder.de",
      "timestamp": 1445343058,
      "url": "https://www.facebook.com/188384757839011"
    },
    {
      "name": "smee machts",
      "timestamp": 1440677468,
      "url": "https://www.facebook.com/169901323342707"
    },
    {
      "name": "Du wei\u00c3\u009ft Du bist Freiburger, wenn",
      "timestamp": 1437026723,
      "url": "https://www.facebook.com/158804574197149"
    },
    {
      "name": "Ted",
      "timestamp": 1430783852,
      "url": "https://www.facebook.com/412210372123861"
    },
    {
      "name": "K.I.Z.",
      "timestamp": 1426062100,
      "url": "https://www.facebook.com/44438564784"
    },
    {
      "name": "CASTRO",
      "timestamp": 1417606090,
      "url": "https://www.facebook.com/117921918224795"
    },
    {
      "name": "Late Night Berlin",
      "timestamp": 1412143304,
      "url": "https://www.facebook.com/189244634555020"
    },
    {
      "name": "Der Postillon",
      "timestamp": 1409290330,
      "url": "https://www.facebook.com/268611646525"
    },
    {
      "name": "The Prodigy",
      "timestamp": 1408566775,
      "url": "https://www.facebook.com/18452288248"
    },
    {
      "name": "Pavel Samov-Art",
      "timestamp": 1403986334,
      "url": "https://www.facebook.com/154552591366481"
    },
    {
      "name": "Rock 'n' Heim",
      "timestamp": 1403008692,
      "url": "https://www.facebook.com/406748686073258"
    },
    {
      "name": "B\u00c3\u00bcrgerinitiative Pro Nachtleben Freiburg",
      "timestamp": 1384338268,
      "url": "https://www.facebook.com/512635938829201"
    },
    {
      "name": "M\u00c3\u00bcnster HOLIday",
      "timestamp": 1373229207,
      "url": "https://www.facebook.com/258572157614847"
    },
    {
      "name": "Left Boy",
      "timestamp": 1341661021,
      "url": "https://www.facebook.com/44905433726"
    },
    {
      "name": "Adventure Time",
      "timestamp": 1337018469,
      "url": "https://www.facebook.com/321031023382"
    },
    {
      "name": "Korn",
      "timestamp": 1329238228,
      "url": "https://www.facebook.com/21230560760"
    },
    {
      "name": "Poolkatze",
      "timestamp": 1321431446,
      "url": "https://www.facebook.com/227414807284673"
    },
    {
      "name": "Limp Bizkit",
      "timestamp": 1319916893,
      "url": "https://www.facebook.com/48793492547"
    },
    {
      "name": "Angry Birds",
      "timestamp": 1309794534,
      "url": "https://www.facebook.com/314467614927"
    },
    {
      "name": "Rodrigo y Gabriela",
      "timestamp": 1304084468,
      "url": "https://www.facebook.com/12922850458"
    },
    {
      "name": "Volbeat",
      "timestamp": 1297602123,
      "url": "https://www.facebook.com/153722023672"
    },
    {
      "name": "LittleBigPlanet",
      "timestamp": 1296584513,
      "url": "https://www.facebook.com/12427296830"
    },
    {
      "name": "Greyfriars Bobby",
      "timestamp": 1286914073,
      "url": "https://www.facebook.com/pages/Greyfriars-Bobby/112740002109229"
    },
    {
      "name": "Inception",
      "timestamp": 1281341524,
      "url": "https://www.facebook.com/91290503700"
    },
    {
      "name": "M\u00c3\u00bcnster",
      "timestamp": 1272563896,
      "url": "https://www.facebook.com/119249723034"
    }
  ]
}