{
  "pages_followed_v2": [
    {
      "timestamp": 1272563896,
      "data": [
        {
          "name": "M\u00c3\u00bcnster"
        }
      ],
      "title": "M\u00c3\u00bcnster"
    },
    {
      "timestamp": 1281341524,
      "data": [
        {
          "name": "Inception"
        }
      ],
      "title": "Inception"
    },
    {
      "timestamp": 1297602123,
      "data": [
        {
          "name": "Volbeat"
        }
      ],
      "title": "Volbeat"
    },
    {
      "timestamp": 1319916893,
      "data": [
        {
          "name": "Limp Bizkit"
        }
      ],
      "title": "Limp Bizkit"
    },
    {
      "timestamp": 1321431446,
      "data": [
        {
          "name": "Poolkatze"
        }
      ],
      "title": "Poolkatze"
    },
    {
      "timestamp": 1329238228,
      "data": [
        {
          "name": "Korn"
        }
      ],
      "title": "Korn"
    },
    {
      "timestamp": 1337018469,
      "data": [
        {
          "name": "Adventure Time"
        }
      ],
      "title": "Adventure Time"
    },
    {
      "timestamp": 1341661021,
      "data": [
        {
          "name": "Left Boy"
        }
      ],
      "title": "Left Boy"
    },
    {
      "timestamp": 1373229207,
      "data": [
        {
          "name": "M\u00c3\u00bcnster HOLIday"
        }
      ],
      "title": "M\u00c3\u00bcnster HOLIday"
    },
    {
      "timestamp": 1384338268,
      "data": [
        {
          "name": "B\u00c3\u00bcrgerinitiative Pro Nachtleben Freiburg"
        }
      ],
      "title": "B\u00c3\u00bcrgerinitiative Pro Nachtleben Freiburg"
    },
    {
      "timestamp": 1403008692,
      "data": [
        {
          "name": "Rock 'n' Heim"
        }
      ],
      "title": "Rock 'n' Heim"
    },
    {
      "timestamp": 1403986334,
      "data": [
        {
          "name": "Pavel Samov-Art"
        }
      ],
      "title": "Pavel Samov-Art"
    },
    {
      "timestamp": 1408566775,
      "data": [
        {
          "name": "The Prodigy"
        }
      ],
      "title": "The Prodigy"
    },
    {
      "timestamp": 1409290330,
      "data": [
        {
          "name": "Der Postillon"
        }
      ],
      "title": "Der Postillon"
    },
    {
      "timestamp": 1412143304,
      "data": [
        {
          "name": "Late Night Berlin"
        }
      ],
      "title": "Late Night Berlin"
    },
    {
      "timestamp": 1417606090,
      "data": [
        {
          "name": "CASTRO"
        }
      ],
      "title": "CASTRO"
    },
    {
      "timestamp": 1426062100,
      "data": [
        {
          "name": "K.I.Z."
        }
      ],
      "title": "K.I.Z."
    },
    {
      "timestamp": 1430783852,
      "data": [
        {
          "name": "Ted"
        }
      ],
      "title": "Ted"
    },
    {
      "timestamp": 1437026723,
      "data": [
        {
          "name": "Du wei\u00c3\u009ft Du bist Freiburger, wenn"
        }
      ],
      "title": "Du wei\u00c3\u009ft Du bist Freiburger, wenn"
    },
    {
      "timestamp": 1440677468,
      "data": [
        {
          "name": "smee machts"
        }
      ],
      "title": "smee machts"
    },
    {
      "timestamp": 1445343058,
      "data": [
        {
          "name": "fudder.de"
        }
      ],
      "title": "fudder.de"
    },
    {
      "timestamp": 1460047798,
      "data": [
        {
          "name": "Salon Stephanie Goebel"
        }
      ],
      "title": "Salon Stephanie Goebel"
    },
    {
      "timestamp": 1471288291,
      "data": [
        {
          "name": "Tattoofrei - Es ist sch\u00c3\u00b6n, keine Tattoos zu haben"
        }
      ],
      "title": "Tattoofrei - Es ist sch\u00c3\u00b6n, keine Tattoos zu haben"
    },
    {
      "timestamp": 1472219529,
      "data": [
        {
          "name": "Mike Amanita"
        }
      ],
      "title": "Mike Amanita"
    },
    {
      "timestamp": 1472219538,
      "data": [
        {
          "name": "Anker Tattoo & Piercing Freiburg"
        }
      ],
      "title": "Anker Tattoo & Piercing Freiburg"
    },
    {
      "timestamp": 1472759566,
      "data": [
        {
          "name": "Nachdenkliche Spr\u00c3\u00bcche mit Bilder"
        }
      ],
      "title": "Nachdenkliche Spr\u00c3\u00bcche mit Bilder"
    },
    {
      "timestamp": 1474319157,
      "data": [
        {
          "name": "Jodel - Hyperlokale Community"
        }
      ],
      "title": "Jodel - Hyperlokale Community"
    },
    {
      "timestamp": 1476188792,
      "data": [
        {
          "name": "Antiek Tattoo"
        }
      ],
      "title": "Antiek Tattoo"
    },
    {
      "timestamp": 1476188820,
      "data": [
        {
          "name": "Johe Tattoos"
        }
      ],
      "title": "Johe Tattoos"
    },
    {
      "timestamp": 1476299954,
      "data": [
        {
          "name": "Johe Van Der One"
        }
      ],
      "title": "Johe Van Der One"
    },
    {
      "timestamp": 1481797737,
      "data": [
        {
          "name": "Openair Frauenfeld"
        }
      ],
      "title": "Openair Frauenfeld"
    },
    {
      "timestamp": 1491648884,
      "data": [
        {
          "name": "187 Strassenbande"
        }
      ],
      "title": "187 Strassenbande"
    },
    {
      "timestamp": 1507825092,
      "data": [
        {
          "name": "Worst of Chefkoch"
        }
      ],
      "title": "Worst of Chefkoch"
    },
    {
      "timestamp": 1521274954,
      "data": [
        {
          "name": "Fitness-Loft"
        }
      ],
      "title": "Fitness-Loft"
    },
    {
      "timestamp": 1549794561,
      "data": [
        {
          "name": "Zweirad Niehues"
        }
      ],
      "title": "Zweirad Niehues"
    },
    {
      "timestamp": 1597929802,
      "data": [
        {
          "name": "Tennis-Studio Wolf"
        }
      ],
      "title": "Tennis-Studio Wolf"
    },
    {
      "timestamp": 1606406727,
      "data": [
        {
          "name": "Hummelbruch"
        }
      ],
      "title": "Hummelbruch"
    },
    {
      "timestamp": 1609110454,
      "data": [
        {
          "name": "Gasthaus Zum Stefan"
        }
      ],
      "title": "Gasthaus Zum Stefan"
    },
    {
      "timestamp": 1609110474,
      "data": [
        {
          "name": "Brauhaus Henin"
        }
      ],
      "title": "Brauhaus Henin"
    },
    {
      "timestamp": 1614856071,
      "data": [
        {
          "name": "Ego Style Beauty"
        }
      ],
      "title": "Ego Style Beauty"
    },
    {
      "timestamp": 1615494971,
      "data": [
        {
          "name": "Tierheim Hamm"
        }
      ],
      "title": "Tierheim Hamm"
    },
    {
      "timestamp": 1628711378,
      "data": [
        {
          "name": "Hey Cheeky"
        }
      ],
      "title": "Hey Cheeky"
    },
    {
      "timestamp": 1648153033,
      "data": [
        {
          "name": "Altes F\u00c3\u00a4hrhaus Hamm"
        }
      ],
      "title": "Altes F\u00c3\u00a4hrhaus Hamm"
    }
  ]
}