{
  "address_book_v2": {
    "address_book": [
      {
        "name": "Harvard University",
        "details": [
          {
            "contact_point": "+16175551234"
          }
        ],
        "created_timestamp": 1673721026,
        "updated_timestamp": 1673721026
      },
      {
        "name": "Stanford International",
        "details": [
          {
            "contact_point": "+16505554321"
          }
        ],
        "created_timestamp": 1673629469,
        "updated_timestamp": 1673629469
      },
      {
        "name": "University Support",
        "details": [
          {
            "contact_point": "+18005551234"
          }
        ],
        "created_timestamp": 1673595267,
        "updated_timestamp": 1674786626
      },
      {
        "name": "Lisa",
        "details": [
          {
            "contact_point": "+18555551234"
          }
        ],
        "created_timestamp": 1671261980,
        "updated_timestamp": 1671261980
      },
      {
        "name": "Rachel",
        "details": [
          {
            "contact_point": "+19555551234"
          }
        ],
        "created_timestamp": 1671167015,
        "updated_timestamp": 1672075000
      },
      {
        "name": "Diana",
        "details": [
          {
            "contact_point": "+19085551234"
          }
        ],
        "created_timestamp": 1671167015,
        "updated_timestamp": 1674786626
      },
      {
        "name": "Rebecca",
        "details": [
          {
            "contact_point": "+17375551234"
          }
        ],
        "created_timestamp": 1671167015,
        "updated_timestamp": 1672075000
      },
      {
        "name": "Michael",
        "details": [
          {
            "contact_point": "+17675551234"
          }
        ],
        "created_timestamp": 1671167015,
        "updated_timestamp": 1672075000
      },
      {
        "name": "xyz",
        "details": [
          {
            "contact_point": "+15755551234"
          }
        ],
        "created_timestamp": 1670441891,
        "updated_timestamp": 1674786626
      },
      {
        "name": "Mamie Jane",
        "details": [
          {
            "contact_point": "+15955551234"
          }
        ],
        "created_timestamp": 1670317347,
        "updated_timestamp": 1672075000
      },
      {
        "name": "James",
        "details": [
          {
            "contact_point": "+16195551234"
          }
        ],
        "created_timestamp": 1670317347,
        "updated_timestamp": 1674786626
      },
      {
        "name": "Emily Thompson",
        "details": [
          {
            "contact_point": "+17621821249"
          }
        ],
        "created_timestamp": 1670317347,
        "updated_timestamp": 1674786626
      },
      {
        "name": "Frederick Wilson",
        "details": [
          {
            "contact_point": "+1721505225"
          }
        ],
        "created_timestamp": 1670317347,
        "updated_timestamp": 1674786626
      },
      {
        "name": "simde Number",
        "details": [
          {
            "contact_point": "+17684914713"
          }
        ],
        "created_timestamp": 1670317344,
        "updated_timestamp": 1670317344
      },
      {
        "name": "Jessie Turner",
        "details": [
          {
            "contact_point": "+1530481474"
          }
        ],
        "created_timestamp": 1669502734,
        "updated_timestamp": 1674786626
      },
      {
        "name": "Shawn",
        "details": [
          {
            "contact_point": "+17657856475"
          }
        ],
        "created_timestamp": 1669502734,
        "updated_timestamp": 1672075000
      },
      {
        "name": "Nelson Davis",
        "details": [
          {
            "contact_point": "+17680575624"
          }
        ],
        "created_timestamp": 1669502734,
        "updated_timestamp": 1672075000
      },
      {
        "name": "Alice",
        "details": [
          {
            "contact_point": "+15758068272"
          }
        ],
        "created_timestamp": 1669502734,
        "updated_timestamp": 1672075001
      },
      {
        "name": "Aaron Thompson",
        "details": [
          {
            "contact_point": "+15531024906"
          }
        ],
        "created_timestamp": 1669502734,
        "updated_timestamp": 1672075001
      },
      {
        "name": "John Arlington",
        "details": [
          {
            "contact_point": "+19876543210"
          }
        ],
        "created_timestamp": 1673721026,
        "updated_timestamp": 1673721026
      },
      {
        "name": "San Francisco Library",
        "details": [
          {
            "contact_point": "+14155552674"
          }
        ],
        "created_timestamp": 1673629469,
        "updated_timestamp": 1673629469
      },
      {
        "name": "Sarah Williams",
        "details": [
          {
            "contact_point": "+12065551234"
          }
        ],
        "created_timestamp": 1673595267,
        "updated_timestamp": 1674786626
      },
      {
        "name": "Boston Cafe",
        "details": [
          {
            "contact_point": "+16175551337"
          }
        ],
        "created_timestamp": 1673595267,
        "updated_timestamp": 1673595267
      },
      {
        "name": "Andrew Hamilton",
        "details": [
          {
            "contact_point": "+12565558464"
          }
        ],
        "created_timestamp": 1671261980,
        "updated_timestamp": 1671261980
      }
    ]
  }
}
