{
  "friends_v2": [
    {
      "name": "Joshua Hernandez",
      "timestamp": 1644607398
    },
    {
      "name": "Jasmine Adams",
      "timestamp": 1638378138
    },
    {
      "name": "Jonathan Allen",
      "timestamp": 1630681115
    },
    {
      "name": "Katherine Turner",
      "timestamp": 1628532823
    },
    {
      "name": "Kyle Cooper",
      "timestamp": 1627036317
    },
    {
      "name": "Kaitlyn Parker",
      "timestamp": 1614193346
    },
    {
      "name": "Landon Wright",
      "timestamp": 1598872953
    },
    {
      "name": "Leah Anderson",
      "timestamp": 1598862642
    },
    {
      "name": "Logan Hall",
      "timestamp": 1595701298
    },
    {
      "name": "Lauren Rivera",
      "timestamp": 1595662734
    },
    {
      "name": "Lucas Phillips",
      "timestamp": 1595653127
    },
    {
      "name": "Lila Mitchell",
      "timestamp": 1595461684
    },
    {
      "name": "Mason Peterson",
      "timestamp": 1586194989
    },
    {
      "name": "Madison Cook",
      "timestamp": 1581530683
    },
    {
      "name": "Makayla Campbell",
      "timestamp": 1576514278
    },
    {
      "name": "Matthew Baker",
      "timestamp": 1575587940
    },
    {
      "name": "Maya Scott",
      "timestamp": 1573509014
    },
    {
      "name": "Megan Morris",
      "timestamp": 1573140622
    },
    {
      "name": "Natalie Brooks",
      "timestamp": 1570558858
    },
    {
      "name": "Nathan Cooper",
      "timestamp": 1570122920
    },
    {
      "name": "Nicholas Wood",
      "timestamp": 1569423973
    },
    {
      "name": "Nicole Reed",
      "timestamp": 1569255513
    },
    {
      "name": "Noah Wright",
      "timestamp": 1569254198
    },
    {
      "name": "Nora Campbell",
      "timestamp": 1569068380
    },
    {
      "name": "Oliver Parker",
      "timestamp": 1565168734
    },
    {
      "name": "Owen Cox",
      "timestamp": 1561895800
    },
    {
      "name": "Olivia Phillips",
      "timestamp": 1558900427
    },
    {
      "name": "Peyton Hall",
      "timestamp": 1558527238
    },
    {
      "name": "Paige Baker",
      "timestamp": 1554232389
    },
    {
      "name": "Parker Peterson",
      "timestamp": 1551828421
    },
    {
      "name": "Quinn Green",
      "timestamp": 1549527174
    },
    {
      "name": "Rachel Bell",
      "timestamp": 1539724087
    },
    {
      "name": "Abigail Wright",
      "timestamp": 1539375649
    },
    {
      "name": "Adam Davis",
      "timestamp": 1531232884
    },
    {
      "name": "Avery Lee",
      "timestamp": 1531154476
    },
    {
      "name": "Brooklyn Martinez",
      "timestamp": 1530701339
    },
    {
      "name": "Brandon Wilson",
      "timestamp": 1530002773
    },
    {
      "name": "Brianna Thompson",
      "timestamp": 1526143181
    },
    {
      "name": "Benjamin Clark",
      "timestamp": 1526058849
    },
    {
      "name": "Caroline Rodriguez",
      "timestamp": 1523402824
    },
    {
      "name": "Christopher Martin",
      "timestamp": 1523271097
    },
    {
      "name": "Cameron Harris",
      "timestamp": 1523187697
    },
    {
      "name": "Chloe King",
      "timestamp": 1521951852
    },
    {
      "name": "Daniel Robinson",
      "timestamp": 1521765061
    },
    {
      "name": "Delilah White",
      "timestamp": 1520517052
    },
    {
      "name": "David Taylor",
      "timestamp": 1519845924
    },
    {
      "name": "Dakota Brown",
      "timestamp": 1519667543
    },
    {
      "name": "Emily Johnson",
      "timestamp": 1519324787
    },
    {
      "name": "Ethan Smith",
      "timestamp": 1517760218
    },
    {
      "name": "Ella Young",
      "timestamp": 1517262632
    },
    {

      "name": "Faith Lewis",
      "timestamp": 1516009050
    },
    {
      "name": "Finn Harris",
      "timestamp": 1513877087
    },
    {
      "name": "Gabriella Davis",
      "timestamp": 1512177976
    },
    {
      "name": "Gavin Martinez",
      "timestamp": 1507471337
    },
    {
      "name": "Grace Wilson",
      "timestamp": 1506029053
    },
    {
      "name": "Henry Thompson",
      "timestamp": 1504239238
    },
    {
      "name": "Hazel Garcia",
      "timestamp": 1503255175
    },
    {
      "name": "Ian Rodriguez",
      "timestamp": 1502317426
    },
    {
      "name": "Isaac Taylor",
      "timestamp": 1496593191
    },
    {
      "name": "Isabella White",
      "timestamp": 1492528895
    },
    {
      "name": "Jacob Clark",
      "timestamp": 1490955572
    },
    {
      "name": "Jayden King",
      "timestamp": 1490738993
    },
    {
      "name": "Jessica Wright",
      "timestamp": 1490183755
    },
    {
      "name": "James Young",
      "timestamp": 1490094563
    },
    {
      "name": "Joshua Hernandez",
      "timestamp": 1489676981
    },
    {
      "name": "Jasmine Adams",
      "timestamp": 1489669456
    },
    {
      "name": "Michael Baker",
      "timestamp": 1489669358
    },
    {
      "name": "Elizabeth Smith",
      "timestamp": 1489669279
    },
    {
      "name": "Nathan Brown",
      "timestamp": 1489253655
    },
    {
      "name": "Gops",
      "timestamp": 1486739682
    },
    {
      "name": "Eddie Harris",
      "timestamp": 1485884789
    },
    {
      "name": "Sally Taylor",
      "timestamp": 1485545538
    },
    {
      "name": "Alexander Green",
      "timestamp": 1485469436
    },
    {
      "name": "Maurice Russell",
      "timestamp": 1485384067
    },
    {
      "name": "Sharon Majeed",
      "timestamp": 1485370798
    },
    {
      "name": "Olivia Foster",
      "timestamp": 1484710348
    },
    {
      "name": "Fiona Clark",
      "timestamp": 1484603127
    },
    {
      "name": "David Davis",
      "timestamp": 1484517178
    },
    {
      "name": "Eric Cook",
      "timestamp": 1482929256
    },
    {
      "name": "James Parker",
      "timestamp": 1482453546
    },
    {
      "name": "Oscar Wilson",
      "timestamp": 1482347705
    },
    {
      "name": "Eric Young",
      "timestamp": 1481821882
    },
    {
      "name": "Eric King",
      "timestamp": 1481041957
    },
    {
      "name": "Nicholas Hall",
      "timestamp": 1479998754
    },
    {
      "name": "Matthew Rice",
      "timestamp": 1479986511
    },
    {
      "name": "Brenda Thompson",
      "timestamp": 1479738944
    },
    {
      "name": "Zachary Baker",
      "timestamp": 1478905597
    },
    {
      "name": "Victor Scott",
      "timestamp": 1478595280
    },
    {
      "name": "Shawn Singh",
      "timestamp": 1478469624
    },
    {
      "name": "Howard Ross",
      "timestamp": 1478186414
    }
   
  ]
}