{
  "friends_v2": [
{
  "name": "Joshua Hernandez",
  "timestamp": 1599379571
},
{
  "name": "Jasmine Adams",
  "timestamp": 1599162114
},
{
  "name": "Jonathan Allen",
  "timestamp": 1598713190
},
{
  "name": "Katherine Turner",
  "timestamp": 1598666918
},
{
  "name": "Kyle Cooper",
  "timestamp": 1597989309
},
{
  "name": "Kaitlyn Parker",
  "timestamp": 1597776465
},
{
  "name": "Landon Wright",
  "timestamp": 1597180547
},
{
  "name": "Leah Anderson",
  "timestamp": 1596614789
},
{
  "name": "Logan Hall",
  "timestamp": 1596169012
},
{
  "name": "Lauren Rivera",
  "timestamp": 1595575861
},
{
  "name": "Lucas Phillips",
  "timestamp": 1595240663
},
{
  "name": "Lila Mitchell",
  "timestamp": 1595089442
},
{
  "name": "Mason Peterson",
  "timestamp": 1594382957
},
{
  "name": "Madison Cook",
  "timestamp": 1593907930
},
{
  "name": "Makayla Campbell",
  "timestamp": 1593573462
},
{
  "name": "Matthew Baker",
  "timestamp": 1592847211
},
{
  "name": "Maya Scott",
  "timestamp": 1592588726
},
{
  "name": "Megan Morris",
  "timestamp": 1592369982
},
{
  "name": "Natalie Brooks",
  "timestamp": 1591905832
},
{
  "name": "Nathan Cooper",
  "timestamp": 1591639730
},
{
  "name": "Naomi Collins",
  "timestamp": 1591310693
},
{
  "name": "Nicholas Wood",
  "timestamp": 1590675932
},
{
  "name": "Nicole Reed",
  "timestamp": 1590499210
},
{
  "name": "Noah Wright",
  "timestamp": 1589922697
},
{
  "name": "Nora Campbell",
  "timestamp": 1589679839
},
{
  "name": "Oliver Parker",
  "timestamp": 1588966853
},
{
  "name": "Owen Cox",
  "timestamp": 1588532225
},
{
  "name": "Olivia Phillips",
  "timestamp": 1588187172
},
{
  "name": "Peyton Hall",
  "timestamp": 1587898749
},
{
  "name": "Paige Baker",
  "timestamp": 1587628836
},
{
  "name": "Parker Peterson",
  "timestamp": 1587364243
},
{
  "name": "Quinn Green",
  "timestamp": 1586989311
},
{
  "name": "Rachel Bell",
  "timestamp": 1586341387
},
    {
      "name": "Abigail Wright",
      "timestamp": 1650707398
    },
    {
      "name": "Adam Davis",
      "timestamp": 1650278138
    },
    {
      "name": "Avery Lee",
      "timestamp": 1650021115
    },
    {
      "name": "Brooklyn Martinez",
      "timestamp": 1649932823
    },
    {
      "name": "Brandon Wilson",
      "timestamp": 1648036317
    },
    {
      "name": "Brianna Thompson",
      "timestamp": 1645293346
    },
    {
      "name": "Benjamin Clark",
      "timestamp": 1640072953
    },
    {
      "name": "Caroline Rodriguez",
      "timestamp": 1639962642
    },
    {
      "name": "Christopher Martin",
      "timestamp": 1636701298
    },
    {
      "name": "Cameron Harris",
      "timestamp": 1636662734
    },
    {
      "name": "Chloe King",
      "timestamp": 1636653127
    },
    {
      "name": "Daniel Robinson",
      "timestamp": 1636461684
    },
    {
      "name": "Delilah White",
      "timestamp": 1627294989
    },
    {
      "name": "David Taylor",
      "timestamp": 1622630683
    },
    {
      "name": "Dakota Brown",
      "timestamp": 1617514278
    },
    {
      "name": "Emily Johnson",
      "timestamp": 1616587940
    },
    {
      "name": "Ethan Smith",
      "timestamp": 1614509014
    },
    {
      "name": "Ella Young",
      "timestamp": 1614140622
    },
    {
      "name": "Faith Lewis",
      "timestamp": 1611558858
    },
    {
      "name": "Finn Harris",
      "timestamp": 1611122920
    },
    {
      "name": "Gabriella Davis",
      "timestamp": 1608987324
    },
    {
      "name": "Gavin Martinez",
      "timestamp": 1608383521
    },
    {
      "name": "Grace Wilson",
      "timestamp": 1607795683
    },
    {
      "name": "Henry Thompson",
      "timestamp": 1607788492
    },
    {
      "name": "Hazel Garcia",
      "timestamp": 1605904647
    },
    {
      "name": "Ian Rodriguez",
      "timestamp": 1605559146
    },
    {
      "name": "Isaac Taylor",
      "timestamp": 1603577316
    },
    {
      "name": "Isabella White",
      "timestamp": 1602931565
    },
    {
      "name": "Jacob Clark",
      "timestamp": 1601064493
    },
    {
      "name": "Jayden King",
      "timestamp": 1600512363
    },
    {
      "name": "Jessica Wright",
      "timestamp": 1599928374
    },
    {
      "name": "James Young",
      "timestamp": 1599746888
    }
  ]
    }