{
  "received_requests_v2": [
    {
      "name": "Emily Morgan",
      "timestamp": 1983469512
    },
    {
      "name": "Jacob Wilson",
      "timestamp": 1982349512
    },
    {
      "name": "Ava Rodriguez",
      "timestamp": 1981229513
    },
    {
      "name": "Olivia Smith",
      "timestamp": 1980629513
    },
    {
      "name": "Isabella Davis",
      "timestamp": 1979629513
    },
    {
      "name": "Sophia Martinez",
      "timestamp": 1978629513
    },
    {
      "name": "Mia Hernandez",
      "timestamp": 1977629513
    },
    {
      "name": "Charlotte Johnson",
      "timestamp": 1976529513
    }
  ]
}
