{
  "rejected_requests_v2": [
    {
      "name": "Emily Johnson",
      "timestamp": 1633981201
    },
    {
      "name": "Michael Smith",
      "timestamp": 1662515280
    },
    {
      "name": "Sophia Williams",
      "timestamp": 1617554475
    },
    {
      "name": "James Brown",
      "timestamp": 1586369893
    },
    {
      "name": "Olivia Davis",
      "timestamp": 1550087567
    },
    {
      "name": "William Garcia",
      "timestamp": 1511428789
    },
    {
      "name": "Isabella Miller",
      "timestamp": 1473620862
    },
    {
      "name": "Benjamin Wilson",
      "timestamp": 1445532561
    },
    {
      "name": "Charlotte Moore",
      "timestamp": 1408241612
    },
    {
      "name": "Ethan Taylor",
      "timestamp": 1370958937
    },
    {
      "name": "Ava Anderson",
      "timestamp": 1343401582
    },
    {
      "name": "Daniel Thomas",
      "timestamp": 1315842653
    },
    {
      "name": "Mia Jackson",
      "timestamp": 1278519153
    },
    {
      "name": "Lucas White",
      "timestamp": 1248587636
    },
    {
      "name": "Harper Harris",
      "timestamp": 1217878255
    },
    {
      "name": "Elijah Martin",
      "timestamp": 1189355355
    },
    {
      "name": "Grace Thompson",
      "timestamp": 1161198298
    },
    {
      "name": "Henry Rodriguez",
      "timestamp": 1133057352
    },
    {
      "name": "Chloe Walker",
      "timestamp": 1104697028
    },
    {
      "name": "Noah Hall",
      "timestamp": 1077930981
    },
    {
      "name": "Liam Wright",
      "timestamp": 1050378474
    }
  ]
}
