{
  "deleted_friends_v2": [
    {
      "name": "Michael Johnson",
      "timestamp": 1567397007
    },
    {
      "name": "Emily Smith",
      "timestamp": 1510348153
    },
    {
      "name": "David Williams",
      "timestamp": 1510348141
    },
    {
      "name": "Sophia Brown",
      "timestamp": 1510348138
    },
    {
      "name": "Oliver Jones",
      "timestamp": 1510348137
    },
    {
      "name": "Lucas Miller",
      "timestamp": 1510348135
    },
    {
      "name": "Ava Davis",
      "timestamp": 1510348110
    },
    {
      "name": "Mia Garcia",
      "timestamp": 1510348100
    },
    {
      "name": "Charlotte Rodriguez",
      "timestamp": 1510348083
    },
    {
      "name": "Amelia Martinez",
      "timestamp": 1510348077
    },
    {
      "name": "Harper Perez",
      "timestamp": 1510348066
    },
    {
      "name": "Evelyn Wilson",
      "timestamp": 1510348030
    },
    {
      "name": "Abigail Taylor",
      "timestamp": 1510348026
    },
    {
      "name": "Emily Anderson",
      "timestamp": 1510348024
    },
    {
      "name": "Elizabeth Thomas",
      "timestamp": 1510348006
    },
    {
      "name": "Sofia Jackson",
      "timestamp": 1510347942
    },
    {
      "name": "Avery White",
      "timestamp": 1510347937
    },
    {
      "name": "Ella Harris",
      "timestamp": 1502045810
    },
    {
      "name": "Scarlett Clark",
      "timestamp": 1488931822
    },
    {
      "name": "Grace Lewis",
      "timestamp": 1488901523
    },
    {
      "name": "Chloe Lee",
      "timestamp": 1488901329
    },
    {
      "name": "Victoria Walker",
      "timestamp": 1488896410
    },
    {
      "name": "Riley Hall",
      "timestamp": 1479038009
    },
    {
      "name": "Aria Young",
      "timestamp": 1479037995
    },
    {
      "name": "Layla Hernandez",
      "timestamp": 1479018658
    },
    {
      "name": "Zoe King",
      "timestamp": 1479017936
    },
    {
      "name": "Mila Wright",
      "timestamp": 1479017735
    },
    {
      "name": "James Smith",
      "timestamp": 1479017351
    },
    {
      "name": "Olivia Johnson",
      "timestamp": 1479017263
    },
    {
      "name": "Olivia Johnson",
      "timestamp": 1479017248
    },
    {
      "name": "Emily Brown",
      "timestamp": 1479017118
    },
    {
      "name": "Michael Jones",
      "timestamp": 1479017115
    },
    {
      "name": "Elizabeth Davis",
      "timestamp": 1479017057
    },
    {
      "name": "William Miller",
      "timestamp": 1479017055
    },
    {
      "name": "Sophia Wilson",
      "timestamp": 1479017041
    },
    {
      "name": "David Taylor",
      "timestamp": 1479017038
    },
    {
      "name": "Ava Anderson",
      "timestamp": 1479017010
    },
    {
      "name": "Benjamin Thomas",
      "timestamp": 1479016886
    },
    {
      "name": "Isabella Jackson",
      "timestamp": 1479016863
    },
    {
      "name": "Samuel White",
      "timestamp": 1479016855
    },
    {
      "name": "Emma Harris",
      "timestamp": 1479016853
    },
    {
      "name": "Joseph Thompson",
      "timestamp": 1479016741
    },
    {
      "name": "Amelia Martin",
      "timestamp": 1479016664
    },
    {
      "name": "Charles Rodriguez",
      "timestamp": 1479016627
    },
    {
      "name": "Charlotte Lewis",
      "timestamp": 1479016516
    },
    {
      "name": "Christopher Walker",
      "timestamp": 1479016475
    },
    {
      "name": "Harper Lee",
      "timestamp": 1479016457
    },
    {
      "name": "Daniel Young",
      "timestamp": 1479016444
    },
    {
      "name": "Mia Hall",
      "timestamp": 1479016434
    },
    {
      "name": "Henry Allen",
      "timestamp": 1479016392
    },
    {
      "name": "Emre Akturk",
      "timestamp": 1479016381
    },
    {
      "name": "Kaan Sertkaya",
      "timestamp": 1479016371
    },
    {
      "name": "Madzia Napora",
      "timestamp": 1479016359
    },
    {
      "name": "Chloe King",
      "timestamp": 1479016353
    },
    {
      "name": "Alexander Wright",
      "timestamp": 1479016314
    },
    {
      "name": "Ella Clark",
      "timestamp": 1479016291
    },
   
    {
      "name": "Sebastian Green",
      "timestamp": 1479012335
    },
    {
      "name": "Lily Adams",
      "timestamp": 1479012333
    },
    {
      "name": "Jack Nelson",
      "timestamp": 1479011869
    },
    {
      "name": "Aria Baker",
      "timestamp": 1479011830
    },
  
    {
      "name": "Lucas Hill",
      "timestamp": 1454529149
    },
    {
      "name": "Olivia Moreau",
      "timestamp": 1290299616
    }
  ]
}