{
  "deleted_friends_v2": [
    {
      "name": "Michael Johnson",
      "timestamp": 1578397407
    },
    {
      "name": "Emily Smith",
      "timestamp": 1531347153
    },
    {
      "name": "David Williams",
      "timestamp": 1590349141
    },
    {
      "name": "Sophia Brown",
      "timestamp": 1580349138
    },
    {
      "name": "Oliver Jones",
      "timestamp": 1640349137
    },
    {
      "name": "Lucas Miller",
      "timestamp": 1670349135
    },
    {
      "name": "Ava Davis",
      "timestamp": 1620349110
    },
    {
      "name": "Mia Garcia",
      "timestamp": 1600349100
    },
    {
      "name": "Charlotte Rodriguez",
      "timestamp": 1520349083
    },
    {
      "name": "Amelia Martinez",
      "timestamp": 1540349077
    },
    {
      "name": "Harper Perez",
      "timestamp": 1560349066
    },
    {
      "name": "Evelyn Wilson",
      "timestamp": 1590349030
    },
    {
      "name": "Abigail Taylor",
      "timestamp": 1610349026
    },
    {
      "name": "Emily Anderson",
      "timestamp": 1630349024
    },
    {
      "name": "Elizabeth Thomas",
      "timestamp": 1650349006
    },
    {
      "name": "Sofia Jackson",
      "timestamp": 1670348942
    },
    {
      "name": "Avery White",
      "timestamp": 1690348937
    },
    {
      "name": "Ella Harris",
      "timestamp": 1710348810
    },
    {
      "name": "Scarlett Clark",
      "timestamp": 1730348822
    },
    {
      "name": "Grace Lewis",
      "timestamp": 1750348523
    },
    {
      "name": "Chloe Lee",
      "timestamp": 1770348329
    },
    {
      "name": "Victoria Walker",
      "timestamp": 1790348410
    },
    {
      "name": "Riley Hall",
      "timestamp": 1810348009
    },
    {
      "name": "Aria Young",
      "timestamp": 1830347995
    },
    {
      "name": "Layla Hernandez",
      "timestamp": 1850348658
    },
    {
      "name": "Zoe King",
      "timestamp": 1870348936
    },
    {
      "name": "Mila Wright",
      "timestamp": 1890348735
    }
  ]
  }
