{
  "following_v2": [
    {
      "name": "National Geographic",
      "timestamp": 1675637824
    },
    {
      "name": "Smithsonian Magazine",
      "timestamp": 1664029878
    },
    {
      "name": "The Atlantic",
      "timestamp": 1659341167
    },
    {
      "name": "The New Yorker",
      "timestamp": 1656568921
    },
    {
      "name": "BBC News",
      "timestamp": 1643121132
    },
    {
      "name": "The Guardian",
      "timestamp": 1638904823
    },
    {
      "name": "CNN",
      "timestamp": 1634425405
    },
    {
      "name": "The New York Times",
      "timestamp": 1632661224
    },
    {
      "name": "The Economist",
      "timestamp": 1629928866
    },
    {
      "name": "Time",
      "timestamp": 1627263548
    },
    {
      "name": "MIT Technology Review",
      "timestamp": 1624293927
    },
    {
      "name": "Harvard Business Review",
      "timestamp": 1619481250
    },
    {
      "name": "Forbes",
      "timestamp": 1615677827
    },
    {
      "name": "Wired",
      "timestamp": 1613456582
    },
    {
      "name": "Al Jazeera English",
      "timestamp": 1608712659
    },
    {
      "name": "BBC World Service",
      "timestamp": 1604972914
    },
    {
      "name": "The Wall Street Journal",
      "timestamp": 1602350298
    },
    {
      "name": "TED Talks",
      "timestamp": 1598467213
    },
    {
      "name": "Netflix",
      "timestamp": 1594714472
    },
    {
      "name": "Duolingo",
      "timestamp": 1592091856
    }
  ]
}
