{
  "page_likes_v2": [
    {
      "name": "redacted",
      "timestamp": 1648153032,
      "url": "https://www.facebook.com/redacted
    },
    {
      "name": "redacted",
      "timestamp": 1628711377,
      "url": "https://www.facebook.com/redacted
    },
    {
      "name": "redacted",
      "timestamp": 1614856071,
      "url": "https://www.facebook.com/redacted
    },
    {
      "name": "redacted",
      "timestamp": 1609110474,
      "url": "https://www.facebook.com/redacted
    },
    {
      "name": "redacted",
      "timestamp": 1609110454,
      "url": "https://www.facebook.com/redacted
    },
    {
      "name": "redacted",
      "timestamp": 1606406727,
      "url": "https://www.facebook.com/redacted
    },
    {
      "name": "redacted",
      "timestamp": 1597929802,
      "url": "https://www.facebook.com/redacted
    },
    {
      "name": "redacted",
      "timestamp": 1579939036,
      "url": "https://www.facebook.com/redacted
    },
    {
      "name": "redacted",
      "timestamp": 1549794561,
      "url": "https://www.facebook.com/redacted
    },
    {
      "name": "redacted",
      "timestamp": 1521274954,
      "url": "https://www.facebook.com/redacted
    },
    {
      "name": "redacted",
      "timestamp": 1507825092,
      "url": "https://www.facebook.com/redacted
    },
    {
      "name": "redacted",
      "timestamp": 1491648884,
      "url": "https://www.facebook.com/redacted
    },
    {
      "name": "redacted",
      "timestamp": 1481797737,
      "url": "https://www.facebook.com/redacted
    },
    {
      "name": "redacted",
      "timestamp": 1476299954,
      "url": "https://www.facebook.com/redacted
    },
    {
      "name": "redacted",
      "timestamp": 1476188820,
      "url": "https://www.facebook.com/redacted
    },
    {
      "name": "redacted",
      "timestamp": 1476188792,
      "url": "https://www.facebook.com/redacted
    },
    {
      "name": "redacted",
      "timestamp": 1474319157,
      "url": "https://www.facebook.com/redacted
    },
    {
      "name": "redacted",
      "timestamp": 1472759566,
      "url": "https://www.facebook.com/redacted
    },
    {
      "name": "redacted",
      "timestamp": 1472219538,
      "url": "https://www.facebook.com/redacted
    },
    {
      "name": "redacted",
      "timestamp": 1472219529,
      "url": "https://www.facebook.com/redacted
    },
    {
      "name": "redacted",
      "timestamp": 1471288291,
      "url": "https://www.facebook.com/redacted
    },
    {
      "name": "redacted",
      "timestamp": 1460047798,
      "url": "https://www.facebook.com/redacted
    },
    {
      "name": "redacted",
      "timestamp": 1445343058,
      "url": "https://www.facebook.com/redacted
    },
    {
      "name": "redacted",
      "timestamp": 1440677468,
      "url": "https://www.facebook.com/redacted
    },
    {
      "name": "redacted",
      "timestamp": 1437026723,
      "url": "https://www.facebook.com/redacted
    },
    {
      "name": "redacted",
      "timestamp": 1430783852,
      "url": "https://www.facebook.com/redacted
    },
    {
      "name": "redacted",
      "timestamp": 1426062100,
      "url": "https://www.facebook.com/redacted
    },
    {
      "name": "redacted",
      "timestamp": 1417606090,
      "url": "https://www.facebook.com/redacted
    },
    {
      "name": "redacted",
      "timestamp": 1412143304,
      "url": "https://www.facebook.com/redacted
    },
    {
      "name": "redacted",
      "timestamp": 1409290330,
      "url": "https://www.facebook.com/redacted
    },
    {
      "name": "redacted",
      "timestamp": 1408566775,
      "url": "https://www.facebook.com/redacted
    },
    {
      "name": "redacted",
      "timestamp": 1403986334,
      "url": "https://www.facebook.com/redacted
    },
    {
      "name": "redacted",
      "timestamp": 1403008692,
      "url": "https://www.facebook.com/redacted
    },
    {
      "name": "redacted",
      "timestamp": 1384338268,
      "url": "https://www.facebook.com/redacted
    },
    {
      "name": "redacted",
      "timestamp": 1373229207,
      "url": "https://www.facebook.com/redacted
    },
    {
      "name": "redacted",
      "timestamp": 1341661021,
      "url": "https://www.facebook.com/redacted
    },
    {
      "name": "redacted",
      "timestamp": 1337018469,
      "url": "https://www.facebook.com/redacted
    },
    {
      "name": "redacted",
      "timestamp": 1329238228,
      "url": "https://www.facebook.com/redacted
    },
    {
      "name": "redacted",
      "timestamp": 1321431446,
      "url": "https://www.facebook.com/redacted
    },
    {
      "name": "redacted",
      "timestamp": 1319916893,
      "url": "https://www.facebook.com/redacted
    },
    {
      "name": "redacted",
      "timestamp": 1309794534,
      "url": "https://www.facebook.com/redacted
    },
    {
      "name": "redacted",
      "timestamp": 1304084468,
      "url": "https://www.facebook.com/redacted
    },
    {
      "name": "redacted",
      "timestamp": 1297602123,
      "url": "https://www.facebook.com/redacted
    },
    {
      "name": "redacted",
      "timestamp": 1296584513,
      "url": "https://www.facebook.com/redacted
    },
    {
      "name": "redacted",
      "timestamp": 1286914073,
      "url": "https://www.facebook.com/redacted
    },
    {
      "name": "redacted",
      "timestamp": 1281341524,
      "url": "https://www.facebook.com/redacted
    },
    {
      "name": "redacted",
      "timestamp": 1272563896,
      "url": "https://www.facebook.com/redacted
    }
  ]
}