{
  "account_activity_v2": [
    {
      "action": "Login",
      "timestamp": 1701194987,
      "ip_address": "2003:00e0:571c:d5ec:455d:53c0:4b71:85a6",
      "user_agent": "Mozilla/5.0 (iPhone; CPU iPhone OS 17_1_1 like Mac OS X) AppleWebKit/605.1.15 (KHTML, like Gecko) Version/17.1.1 Mobile/15E148 Safari/604.1",
      "datr_cookie": "5Sxm********************",
      "city": "Berlin",
      "region": "Nordrhein-Westfalen",
      "country": "DE",
      "site_name": "redacted"
    },
    {
      "action": "Web Session Terminated",
      "timestamp": 1701194987,
      "ip_address": "2003:00e0:571c:d5ec:455d:53c0:4b71:85a6",
      "user_agent": "Mozilla/5.0 (iPhone; CPU iPhone OS 17_1_1 like Mac OS X) AppleWebKit/605.1.15 (KHTML, like Gecko) Version/17.1.1 Mobile/15E148 Safari/604.1",
      "datr_cookie": "5Sxm********************",
      "city": "Berlin",
      "region": "Nordrhein-Westfalen",
      "country": "DE",
      "site_name": "redacted"
    },
    {
      "action": "Login",
      "timestamp": 1701194986,
      "ip_address": "2003:00e0:571c:d5ec:455d:53c0:4b71:85a6",
      "user_agent": "Mozilla/5.0 (iPhone; CPU iPhone OS 17_1_1 like Mac OS X) AppleWebKit/605.1.15 (KHTML, like Gecko) Version/17.1.1 Mobile/15E148 Safari/604.1",
      "datr_cookie": "5Sxm********************",
      "city": "Berlin",
      "region": "Nordrhein-Westfalen",
      "country": "DE",
      "site_name": "redacted"
    }
  ]
}