{
  "used_ip_address_v2": [
    {
      "ip": "2003:00e0:571c:d5ec:455d:53c0:4b71:85a6",
      "action": "Login",
      "timestamp": 1701194987,
      "user_agent": "Mozilla/5.0 (iPhone; CPU iPhone OS 17_1_1 like Mac OS X) AppleWebKit/605.1.15 (KHTML, like Gecko) Version/17.1.1 Mobile/15E148 Safari/604.1"
    },
    {
      "ip": "127.0.0.1",
      "action": "Password Change",
      "timestamp": 1607353147,
      "user_agent": "Mozilla/5.0 (iPhone; CPU iPhone OS 14_2 like Mac OS X) AppleWebKit/605.1.15 (KHTML, like Gecko) Version/14.0.1 Mobile/15E148 Safari/604.1"
    },
    {
      "ip": "127.0.0.1",
      "action": "Remove Profile Photo",
      "timestamp": 1398149502,
      "user_agent": "Mozilla/5.0 (iPhone; CPU iPhone OS 7_1 like Mac OS X) AppleWebKit/537.51.2 (KHTML, like Gecko) Mobile/11D167 [FBAN/FBIOS;FBAV/127.0.0.1.31;FBBV/2102024;FBDV/iPhone6,2;FBMD/iPhone;FBSN/iPhone OS;FBSV/7.1;FBSS/2; FBCR/Vodafone.de;FBID/phone;FBLC/de_DE;FBOP/5]"
    },
    {
      "ip": "127.0.0.1",
      "action": "Email change",
      "timestamp": 1390636067,
      "user_agent": ""
    },
    {
      "ip": "127.0.0.1",
      "action": "Email change",
      "timestamp": 1384519842,
      "user_agent": "Mozilla/5.0 (iPhone; CPU iPhone OS 7_0 like Mac OS X) AppleWebKit/537.51.1 (KHTML, like Gecko) Mobile/11A465 [FBAN/MessengerForiOS;FBAV/3.0;FBBV/605693;FBDV/iPhone4,1;FBMD/iPhone;FBSN/iPhone OS;FBSV/7.0;FBSS/2; FBCR/Vodafone.de;FBID/phone;FBLC/de_DE;FBOP/1]"
    },
    {
      "ip": "127.0.0.1",
      "action": "Checkpoint completed",
      "timestamp": 1309201459,
      "user_agent": ""
    }
  ]
}