{
  "devices_v2": [
    {
      "type": "iPhone14,7",
      "os": "iPhone OS 17.1.1",
      "update_time": 1700807297,
      "advertiser_id": "cc85f4af-044e-42ce-a142-e58fae9c8cbf",
      "redact_tokens": [
        "2a10********************",
        "0904********************",
        "2452********************",
        "8962********************"
      ],
      "push_tokens": [
        {
          "disabled": false,
          "client_update_time": 1660059074,
          "creation_time": 1634843200,
          "app_version": "127.0.0.1.107",
          "locale": "de_DE",
          "os_version": "15.6",
          "token": "2a10********************",
          "device_id": "FFBF2C92-1DB5-4802-AEC9-A699BA4EEC03"
        },
        {
          "disabled": false,
          "client_update_time": 1660059074,
          "creation_time": 1611389482,
          "app_version": "127.0.0.1.107",
          "locale": "de_DE",
          "os_version": "15.6",
          "token": "0904********************",
          "device_id": "FFBF2C92-1DB5-4802-AEC9-A699BA4EEC03"
        },
        {
          "disabled": false,
          "client_update_time": 1649773245,
          "creation_time": 1638478218,
          "app_version": "127.0.0.1.114",
          "locale": "de_DE",
          "os_version": "15.4.1",
          "token": "2452********************",
          "device_id": "FFBF2C92-1DB5-4802-AEC9-A699BA4EEC03"
        },
        {
          "disabled": false,
          "client_update_time": 1649773245,
          "creation_time": 1582877998,
          "app_version": "127.0.0.1.114",
          "locale": "de_DE",
          "os_version": "15.4.1",
          "token": "8962********************",
          "device_id": "FFBF2C92-1DB5-4802-AEC9-A699BA4EEC03"
        }
      ],
      "family_device_id": "582255B0****************************",
      "device_locale": "de_DE"
    }
  ]
}