{
  "recognized_devices_v2": [
    {
      "name": "redacted",
      "created_timestamp": 1390635712,
      "updated_timestamp": 1447773162,
      "ip_address": "127.0.0.1",
      "user_agent": "Mozilla/5.0 (iPhone; CPU iPhone OS 7_0_4 like Mac OS X) AppleWebKit/537.51.1 (KHTML, like Gecko) Mobile/11B554a [FBAN/FBIOS;FBAV/6.8;FBBV/745892;FBDV/iPhone6,2;FBMD/iPhone;FBSN/iPhone OS;FBSV/7.0.4;FBSS/2; FBCR/Vodafone.de;FBID/phone;FBLC/de_DE;FBOP/5]",
      "datr_cookie": "vGrj********************"
    },
    {
      "name": "redacted",
      "created_timestamp": 1386344950,
      "ip_address": "127.0.0.1",
      "user_agent": "Mozilla/5.0 (iPhone; CPU iPhone OS 7_0_2 like Mac OS X) AppleWebKit/537.51.1 (KHTML, like Gecko) Mobile/11A501 [FBAN/FBIOS;FBAV/6.7.2;FBBV/603804;FBDV/iPhone4,1;FBMD/iPhone;FBSN/iPhone OS;FBSV/7.0.2;FBSS/2; FBCR/Vodafone.de;FBID/phone;FBLC/de_DE;FBOP/5]",
      "datr_cookie": "8fGh********************"
    }
  ]
}