{
  "active_sessions_v2": [
    {
      "created_timestamp": 1701194985,
      "updated_timestamp": 1701198586,
      "ip_address": "2003:e0:571c:d5ec:455d:53c0:4b71:85a6",
      "user_agent": "Mozilla/5.0 (iPhone; CPU iPhone OS 17_1_1 like Mac OS X) AppleWebKit/605.1.15 (KHTML, like Gecko) Version/17.1.1 Mobile/15E148 Safari/604.1",
      "datr_cookie": "5Sxm********************",
      "device": "iPhone",
      "location": "Berlin, Germany",
      "app": "Mobile Safari",
      "session_type": "mobile_web"
    }
  ]
}