{
  "profile_account_insights": [
    {
      "title": "",
      "media_map_data": {
        
      },
      "string_map_data": {
        "Contact Syncing": {
          "href": "",
          "value": "True",
          "timestamp": 0
        },
        "First Country Code": {
          "href": "",
          "value": "DE",
          "timestamp": 0
        },
        "Has Shared Live Video": {
          "href": "",
          "value": "False",
          "timestamp": 0
        },
        "Last Login": {
          "href": "",
          "value": "",
          "timestamp": 1643553554
        },
        "Last Logout": {
          "href": "",
          "value": "",
          "timestamp": 1641736791
        },
        "First Story Time": {
          "href": "",
          "value": "",
          "timestamp": 1534678291
        },
        "Last Story Time": {
          "href": "",
          "value": "",
          "timestamp": 1683613629
        },
        "First Close Friends Story Time": {
          "href": "",
          "value": "",
          "timestamp": 0
        }
      }
    }
  ]
}