{
  "profile_user": [
    {
      "title": "User Information",
      "media_map_data": {
        "Profile Photo": {
          "uri": "media/other/3324242424_43424242_566654646.jpg",
          "creation_timestamp": 1623415689,
          "title": ""
        }
      },
      "string_map_data": {
        "Email": {
          "href": "",
          "value": "ninapinta@abc.com",
          "timestamp": 0
        },
        "Phone Confirmed": {
          "href": "",
          "value": "True",
          "timestamp": 0
        },
        "Username": {
          "href": "",
          "value": "niña",
          "timestamp": 0
        },
        "Name": {
          "href": "",
          "value": "Nina Pinta",
          "timestamp": 0
        },
        "Gender": {
          "href": "",
          "value": "unspecified",
          "timestamp": 0
        },
        "Date of birth": {
          "href": "",
          "value": "2000-12-13",
          "timestamp": 0
        },
        "Private Account": {
          "href": "",
          "value": "True",
          "timestamp": 0
        }
      }
    }
  ]
}