{
  "people_interactions_v2": [
    {
      "name": "",
      "description": "",
      "entries": [
        {
          "timestamp": 1633170065,
          "data": {
            "name": "redacted",
            "uri": "https://www.facebook.com/redacted
          }
        },
        {
          "timestamp": 1633170065,
          "data": {
            "name": "redacted",
            "uri": "https://www.facebook.com/redacted
          }
        },
        {
          "timestamp": 1615230100,
          "data": {
            "name": "redacted",
            "uri": "https://www.facebook.com/redacted
          }
        },
        {
          "timestamp": 1613407955,
          "data": {
            "name": "redacted",
            "uri": "https://www.facebook.com/redacted
          }
        },
        {
          "timestamp": 1596708215,
          "data": {
            "name": "redacted",
            "uri": "https://www.facebook.com/redacted
          }
        },
        {
          "timestamp": 1596138614,
          "data": {
            "name": "redacted",
            "uri": "https://www.facebook.com/redacted
          }
        },
        {
          "timestamp": 1591639421,
          "data": {
            "name": "redacted",
            "uri": "https://www.facebook.com/redacted
          }
        },
        {
          "timestamp": 1589997067,
          "data": {
            "name": "redacted",
            "uri": "https://www.facebook.com/redacted
          }
        },
        {
          "timestamp": 1587225211,
          "data": {
            "name": "redacted",
            "uri": "https://www.facebook.com/redacted
          }
        },
        {
          "timestamp": 1586589197,
          "data": {
            "name": "redacted",
            "uri": "https://www.facebook.com/redacted
          }
        },
        {
          "timestamp": 1578461897,
          "data": {
            "name": "redacted",
            "uri": "https://www.facebook.com/redacted
          }
        },
        {
          "timestamp": 1575965313,
          "data": {
            "name": "redacted",
            "uri": "https://www.facebook.com/redacted
          }
        },
        {
          "timestamp": 1550734555,
          "data": {
            "name": "redacted",
            "uri": "https://www.facebook.com/redacted
          }
        },
        {
          "timestamp": 1545037064,
          "data": {
            "name": "redacted",
            "uri": "https://www.facebook.com/redacted
          }
        },
        {
          "timestamp": 1542895394,
          "data": {
            "name": "redacted",
            "uri": "https://www.facebook.com/redacted
          }
        },
        {
          "timestamp": 1539025455,
          "data": {
            "name": "redacted",
            "uri": "https://www.facebook.com/redacted
          }
        },
        {
          "timestamp": 1512899895,
          "data": {
            "name": "redacted",
            "uri": "https://www.facebook.com/redacted
          }
        },
        {
          "timestamp": 1511467584,
          "data": {
            "name": "redacted",
            "uri": "https://www.facebook.com/redacted
          }
        },
        {
          "timestamp": 1508142132,
          "data": {
            "name": "redacted",
            "uri": "https://www.facebook.com/redacted
          }
        },
        {
          "timestamp": 1507619326,
          "data": {
            "name": "redacted",
            "uri": "https://www.facebook.com/redacted
          }
        },
        {
          "timestamp": 1501249427,
          "data": {
            "name": "redacted",
            "uri": "https://www.facebook.com/redacted
          }
        }
      ]
    }
  ]
}
