{
    "group_interactions_v2": [
      {
        "name": "",
        "description": "",
        "entries": [
          {
            "data": {
              "name": "English Literature Lovers",
              "value": "45 times",
              "uri": "https://www.facebook.com/groups/englishlitlovers/"
            }
          },
          {
            "data": {
              "name": "Photography Tips & Tricks",
              "value": "35 times",
              "uri": "https://www.facebook.com/groups/photoTipsTricks/"
            }
          },
          {
            "data": {
              "name": "DIY Home Decor",
              "value": "28 times",
              "uri": "https://www.facebook.com/groups/diyHomeDecor/"
            }
          },
          {
            "data": {
              "name": "Fitness and Nutrition Enthusiasts",
              "value": "22 times",
              "uri": "https://www.facebook.com/groups/fitnessNutritionEnthusiasts/"
            }
          },
          {
            "data": {
              "name": "Global Chefs",
              "value": "18 times",
              "uri": "https://www.facebook.com/groups/globalChefs/"
            }
          },
          {
            "data": {
              "name": "Travel Experiences",
              "value": "15 times",
              "uri": "https://www.facebook.com/groups/travelExperiences/"
            }
          },
          {
            "data": {
              "name": "Nature Photographers",
              "value": "13 times",
              "uri": "https://www.facebook.com/groups/naturePhotographers/"
            }
          },
          {
            "data": {
              "name": "Classical Music Appreciation",
              "value": "10 times",
              "uri": "https://www.facebook.com/groups/classicalMusicAppreciation/"
            }
          },
          {
            "data": {
              "name": "Sustainable Living Ideas",
              "value": "8 times",
              "uri": "https://www.facebook.com/groups/sustainableLivingIdeas/"
            }
          },
          {
            "data": {
              "name": "Science Fiction Fans",
              "value": "7 times",
              "uri": "https://www.facebook.com/groups/scifiFans/"
            }
          },
          {
            "data": {
              "name": "Film Critics Corner",
              "value": "5 times",
              "uri": "https://www.facebook.com/groups/filmCriticsCorner/"
            }
          },
          {
            "data": {
              "name": "Urban Gardening",
              "value": "3 times",
              "uri": "https://www.facebook.com/groups/urbanGardening/"
            }
          },
          {
            "data": {
              "name": "Investing for Beginners",
              "value": "2 times",
              "uri": "https://www.facebook.com/groups/investingBeginners/"
            }
          },
          {
            "data": {
              "name": "Yoga and Mindfulness",
              "value": "1 time",
              "uri": "https://www.facebook.com/groups/yogaMindfulness/"
            }
          }
        ]
      }
    ]
  }
  