{
  "profile_v2": {
    "name": {
      "full_name": "Marcia Husen",
      "first_name": "Marcia",
      "middle_name": "",
      "last_name": "Husen"
    },
    "emails": {
      "emails": [
        "smith.linda@hotmail.de"
      ],
      "previous_emails": [
        "linda.smith.5@facebook.com"
      ],
      "pending_emails": [
        
      ],
      "ad_account_emails": [
        
      ]
    },
    "birthday": {
      "year": 1990,
      "month": 10,
      "day": 1
    },
    "gender": {
      "gender_option": "FEMALE",
      "pronoun": "FEMALE"
    },
    "previous_names": [
      
    ],
    "other_names": [
      
    ],
    "relationship": {
      "status": "",
      "timestamp": 1622398709
    },
    "previous_relationships": [
      {
        "name": "John Doe",
        "timestamp": 0
      },
      {
        "name": "Jane Doe",
        "timestamp": 0
      }
    ],
    "family_members": [
      {
        "name": "Emily Brown",
        "relation": "Cousin",
        "timestamp": 1451392726
      },
      {
        "name": "Sophie Wilson",
        "relation": "Niece",
        "timestamp": 1400149123456789
      }
    ],
    "education_experiences": [
      {
        "name": "Hilltop High School",
        "end_timestamp": 1293868800,
        "graduated": true,
        "concentrations": [
          
        ],
        "school_type": "School",
        "timestamp": 1298933334
      }
    ],
    "work_experiences": [
      
    ],
    "blood_info": {
      "blood_donor_status": "unregistered"
    },
    "websites": [
      
    ],
    "phone_numbers": [
      {
        "phone_type": "Mobile",
        "phone_number": "+49123456789",
        "verified": true,
        "creation_time": 1384519842
      },
      {
        "phone_type": "Mobile",
        "phone_number": "+49123456789",
        "verified": true,
        "creation_time": 1390636068
      }
    ],
    "registration_timestamp": 127203527
  }    
}

