{
  "profile_updates_v2": [
    {
      "timestamp": 1272563897,
      "title": "Marcia Husen added M\u00c3\u00bcnster to her Profil."
    },
    {
      "timestamp": 1281341525,
      "title": "Marcia Husen added Inception to her Profil."
    },
    {
      "timestamp": 1296584514,
      "title": "Marcia Husen added LittleBigPlanet to her Profil."
    },
    {
      "timestamp": 1297602123,
      "title": "Marcia Husen added Volbeat to her Profil."
    },
    {
      "timestamp": 1304084469,
      "title": "Marcia Husen added Rodrigo y Gabriela to her Profil."
    },
    {
      "timestamp": 1309794536,
      "title": "Marcia Husen added Angry Birds to her Profil."
    },
    {
      "timestamp": 1319916894,
      "title": "Marcia Husen added Limp Bizkit to her Profil."
    },
    {
      "timestamp": 1321431446,
      "title": "Marcia Husen added Poolkatze to her Profil."
    },
    {
      "timestamp": 1329238229,
      "title": "Marcia Husen added Korn to her Profil."
    },
    {
      "timestamp": 1337018471,
      "title": "Marcia Husen added Adventure Time to her Profil."
    },
    {
      "timestamp": 1341661022,
      "title": "Marcia Husen added Left Boy to her Profil."
    },
    {
      "timestamp": 1373229208,
      "title": "Marcia Husen added M\u00c3\u00bcnster HOLIday to her Lieblings-Websites."
    },
    {
      "timestamp": 1384338268,
      "title": "Marcia Husen added B\u00c3\u00bcrgerinitiative Pro Nachtleben Berlin to her Profil."
    },
    {
      "timestamp": 1398978119,
      "title": "Marcia Husen added Ted to her Profil."
    },
    {
      "timestamp": 1403008692,
      "title": "Marcia Husen added Rock 'n' Heim to her Profil."
    },
    {
      "timestamp": 1403986334,
      "title": "Marcia Husen added Pavel Samov-Art to her Profil."
    },
    {
      "timestamp": 1408566775,
      "title": "Marcia Husen added The Prodigy to her Profil."
    },
    {
      "timestamp": 1409290330,
      "title": "Marcia Husen added Der Postillon to her Profil."
    },
    {
      "timestamp": 1412143304,
      "title": "Marcia Husen added Late Night Berlin to her Profil."
    },
    {
      "timestamp": 1426062100,
      "title": "Marcia Husen added K.I.Z. to her Profil."
    },
    {
      "timestamp": 1437026724,
      "title": "Marcia Husen added Du wei\u00c3\u009ft Du bist Berliner, wenn to her Profil."
    },
    {
      "timestamp": 1440677468,
      "title": "Marcia Husen added smee machts to her Profil."
    },
    {
      "timestamp": 1445343059,
      "title": "Marcia Husen added fudder.de to her Profil."
    },
    {
      "timestamp": 1460047799,
      "title": "Marcia Husen added Salon Stephanie Goebel to her Profil."
    },
    {
      "timestamp": 1471288292,
      "title": "Marcia Husen added Tattoofrei - Es ist sch\u00c3\u00b6n, keine Tattoos zu haben to her Profil."
    },
    {
      "timestamp": 1472219529,
      "title": "Marcia Husen added Mike Amanita to her Profil."
    },
    {
      "timestamp": 1472219538,
      "title": "Marcia Husen added Anker Tattoo & Piercing Berlin to her Profil."
    },
    {
      "timestamp": 1472759566,
      "title": "Marcia Husen added Nachdenkliche Spr\u00c3\u00bcche mit Bilder to her Profil."
    },
    {
      "timestamp": 1474319158,
      "title": "Marcia Husen added Jodel - Hyperlokale Community to her Profil."
    },
    {
      "timestamp": 1476188792,
      "title": "Marcia Husen added Antiek Tattoo to her Profil."
    },
    {
      "timestamp": 1476188820,
      "title": "Marcia Husen added Johe Tattoos to her Profil."
    },
    {
      "timestamp": 1476299954,
      "title": "Marcia Husen added Johe Van Der One to her Profil."
    },
    {
      "timestamp": 1481797738,
      "title": "Marcia Husen added Openair Frauenfeld to her Profil."
    },
    {
      "timestamp": 149123456789,
      "title": "Marcia Husen added 187 Strassenbande to her Profil."
    },
    {
      "timestamp": 149123456789,
      "attachments": [
        {
          "data": [
            {
              "media": {
                "uri": "https://www.facebook.com/redacted",
                "creation_timestamp": 149123456789,
                "media_metadata": {
                  "photo_metadata": {
                    "exif_data": [
                      {
                        "upload_ip": "46.223.1.14",
                        "taken_timestamp": 149123456789
                      }
                    ]
                  }
                },
                "title": "Profilbilder"
              }
            }
          ]
        }
      ],
      "title": "Marcia Husen hat ihr Profilbild aktualisiert."
    },
    {
      "timestamp": 1507825093,
      "title": "Marcia Husen added Worst of Chefkoch to her Profil."
    },
    {
      "timestamp": 15212749123456789,
      "title": "Marcia Husen added Fitness-Loft to her Profil."
    },
    {
      "timestamp": 1549123456789,
      "title": "Marcia Husen added Zweirad Niehues to her Profil."
    },
    {
      "timestamp": 1579939037,
      "title": "Marcia Husen added Zahnarztpraxis-Husen-Gorbowski to her Profil."
    },
    {
      "timestamp": 1597929803,
      "title": "Marcia Husen added Tennis-Studio Wolf to her Profil."
    },
    {
      "timestamp": 1606406729,
      "title": "Marcia Husen added Hummelbruch to her Profil."
    },
    {
      "timestamp": 1609110455,
      "title": "Marcia Husen added Gasthaus Zum Stefan to her Profil."
    },
    {
      "timestamp": 1609110475,
      "title": "Marcia Husen added Brauhaus Henin to her Profil."
    },
    {
      "timestamp": 1614856072,
      "title": "Marcia Husen added Ego Style Beauty to her Profil."
    },
    {
      "timestamp": 1628711378,
      "title": "Marcia Husen added Hey Cheeky to her Profil."
    },
    {
      "timestamp": 1648153033,
      "title": "Marcia Husen added Altes F\u00c3\u00a4hrhaus Unna to her favorite restaurants."
    }
  ]
}