{
  "ig_custom_audiences_all_types": [
    {
      "advertiser_name": "Slow Ride",
      "has_data_file_custom_audience": true,
      "has_remarketing_custom_audience": false,
      "has_in_person_store_visit": false
    },
    {
      "advertiser_name": "VishnuK",
      "has_data_file_custom_audience": true,
      "has_remarketing_custom_audience": false,
      "has_in_person_store_visit": false
    },
    {
      "advertiser_name": "EarthBolt",
      "has_data_file_custom_audience": true,
      "has_remarketing_custom_audience": false,
      "has_in_person_store_visit": false
    },
    {
      "advertiser_name": "Cond\u00c3\u00a9 Nast Thailand - Digital",
      "has_data_file_custom_audience": true,
      "has_remarketing_custom_audience": false,
      "has_in_person_store_visit": false
    },
    {
      "advertiser_name": "Cullen U.S.",
      "has_data_file_custom_audience": true,
      "has_remarketing_custom_audience": false,
      "has_in_person_store_visit": false
    },
    {
      "advertiser_name": "YourMoneyChant",
      "has_data_file_custom_audience": true,
      "has_remarketing_custom_audience": false,
      "has_in_person_store_visit": false
    },
    {
      "advertiser_name": "Cubic Communications",
      "has_data_file_custom_audience": true,
      "has_remarketing_custom_audience": false,
      "has_in_person_store_visit": false
    },
    {
      "advertiser_name": "MELA Money",
      "has_data_file_custom_audience": true,
      "has_remarketing_custom_audience": false,
      "has_in_person_store_visit": false
    },
    {
      "advertiser_name": "UM HENNA",
      "has_data_file_custom_audience": true,
      "has_remarketing_custom_audience": false,
      "has_in_person_store_visit": false
    },
    {
      "advertiser_name": "REWE",
      "has_data_file_custom_audience": true,
      "has_remarketing_custom_audience": false,
      "has_in_person_store_visit": false
    },
    {
      "advertiser_name": "JUNGLE.de",
      "has_data_file_custom_audience": true,
      "has_remarketing_custom_audience": false,
      "has_in_person_store_visit": false
    },
    {
      "advertiser_name": "ANTIGRAVITY Local Marketing",
      "has_data_file_custom_audience": true,
      "has_remarketing_custom_audience": false,
      "has_in_person_store_visit": false
    },
    {
      "advertiser_name": "Pinnect",
      "has_data_file_custom_audience": true,
      "has_remarketing_custom_audience": false,
      "has_in_person_store_visit": false
    },
    {
      "advertiser_name": "Local Mccann",
      "has_data_file_custom_audience": true,
      "has_remarketing_custom_audience": false,
      "has_in_person_store_visit": false
    },
    {
      "advertiser_name": "Lapiva",
      "has_data_file_custom_audience": true,
      "has_remarketing_custom_audience": false,
      "has_in_person_store_visit": false
    },
    {
      "advertiser_name": "Difficult Trip Scheduler Pvt Ltd",
      "has_data_file_custom_audience": true,
      "has_remarketing_custom_audience": false,
      "has_in_person_store_visit": false
    },
    {
      "advertiser_name": "QWER",
      "has_data_file_custom_audience": true,
      "has_remarketing_custom_audience": false,
      "has_in_person_store_visit": false
    },
    {
      "advertiser_name": "Rare",
      "has_data_file_custom_audience": true,
      "has_remarketing_custom_audience": false,
      "has_in_person_store_visit": false
    },
    {
      "advertiser_name": "No More Clients",
      "has_data_file_custom_audience": true,
      "has_remarketing_custom_audience": false,
      "has_in_person_store_visit": false
    },
    {
      "advertiser_name": "Sameverse",
      "has_data_file_custom_audience": true,
      "has_remarketing_custom_audience": false,
      "has_in_person_store_visit": false
    },
    {
      "advertiser_name": "Surflix",
      "has_data_file_custom_audience": true,
      "has_remarketing_custom_audience": false,
      "has_in_person_store_visit": false
    }
  ]
}