{
  "following_v3": [
    {
      "name": "Altes F\u00c3\u00a4hrhaus Unna",
      "timestamp": 1648153033
    },
    {
      "name": "Hey Cheeky",
      "timestamp": 1628711378
    },
    {
      "name": "Nike",
      "timestamp": 1628711378
    },
    {
      "name": "McDonalds",
      "timestamp": 1628711378
    },{
      "name": "Moldy Memes",
      "timestamp": 1628711378
    },{
      "name": "Memator",
      "timestamp": 1628711378
    },{
      "name": "lustich",
      "timestamp": 1628711378
    },{
      "name": "C & A",
      "timestamp": 1628711378
    },{
      "name": "Zalando",
      "timestamp": 1628711378
    }
  ]
}
