{
  "following_v3": [
    {
      "name": "Altes F\u00c3\u00a4hrhaus Hamm",
      "timestamp": 1648153033
    },
    {
      "name": "Hey Cheeky",
      "timestamp": 1628711378
    },
    {
      "name": "Tierheim Hamm",
      "timestamp": 1615494971
    },
    {
      "name": "Ego Style Beauty",
      "timestamp": 1614856071
    },
    {
      "name": "Brauhaus Henin",
      "timestamp": 1609110474
    },
    {
      "name": "Gasthaus Zum Stefan",
      "timestamp": 1609110454
    },
    {
      "name": "Hummelbruch",
      "timestamp": 1606406727
    },
    {
      "name": "Tennis-Studio Wolf",
      "timestamp": 1597929802
    },
    {
      "name": "Zahnarztpraxis-Maier-Gorbowski",
      "timestamp": 1579939036
    },
    {
      "name": "Zweirad Niehues",
      "timestamp": 1549794561
    },
    {
      "name": "Fitness-Loft",
      "timestamp": 1521274954
    },
    {
      "name": "Worst of Chefkoch",
      "timestamp": 1507825092
    },
    {
      "name": "187 Strassenbande",
      "timestamp": 1491648884
    },
    {
      "name": "Openair Frauenfeld",
      "timestamp": 1481797737
    },
    {
      "name": "Johe Van Der One",
      "timestamp": 1476299954
    },
    {
      "name": "Johe Tattoos",
      "timestamp": 1476188820
    },
    {
      "name": "Antiek Tattoo",
      "timestamp": 1476188792
    },
    {
      "name": "Jodel - Hyperlokale Community",
      "timestamp": 1474319157
    },
    {
      "name": "Nachdenkliche Spr\u00c3\u00bcche mit Bilder",
      "timestamp": 1472759566
    },
    {
      "name": "Anker Tattoo & Piercing Freiburg",
      "timestamp": 1472219538
    },
    {
      "name": "Mike Amanita",
      "timestamp": 1472219529
    },
    {
      "name": "Tattoofrei - Es ist sch\u00c3\u00b6n, keine Tattoos zu haben",
      "timestamp": 1471288291
    },
    {
      "name": "Salon Stephanie Goebel",
      "timestamp": 1460047798
    },
    {
      "name": "fudder.de",
      "timestamp": 1445343058
    },
    {
      "name": "smee machts",
      "timestamp": 1440677468
    },
    {
      "name": "Du wei\u00c3\u009ft Du bist Freiburger, wenn",
      "timestamp": 1437026723
    },
    {
      "name": "Ted",
      "timestamp": 1430783852
    },
    {
      "name": "K.I.Z.",
      "timestamp": 1426062100
    },
    {
      "name": "CASTRO",
      "timestamp": 1417606090
    },
    {
      "name": "Late Night Berlin",
      "timestamp": 1412143304
    },
    {
      "name": "Der Postillon",
      "timestamp": 1409290330
    },
    {
      "name": "The Prodigy",
      "timestamp": 1408566775
    },
    {
      "name": "Pavel Samov-Art",
      "timestamp": 1403986334
    },
    {
      "name": "Rock 'n' Heim",
      "timestamp": 1403008692
    },
    {
      "name": "B\u00c3\u00bcrgerinitiative Pro Nachtleben Freiburg",
      "timestamp": 1384338268
    },
    {
      "name": "M\u00c3\u00bcnster HOLIday",
      "timestamp": 1373229207
    },
    {
      "name": "Left Boy",
      "timestamp": 1341661021
    },
    {
      "name": "Adventure Time",
      "timestamp": 1337018469
    },
    {
      "name": "Korn",
      "timestamp": 1329238228
    },
    {
      "name": "Poolkatze",
      "timestamp": 1321431446
    },
    {
      "name": "Limp Bizkit",
      "timestamp": 1319916893
    },
    {
      "name": "Volbeat",
      "timestamp": 1297602123
    },
    {
      "name": "Inception",
      "timestamp": 1281341524
    },
    {
      "name": "M\u00c3\u00bcnster",
      "timestamp": 1272563896
    }
  ]
}