{
  "history_v2": [
    {
      "title": "kaufDA - Leaflets & Flyer",
      "action": "Clicked ad",
      "timestamp": 1676941562
    },
    {
      "title": "Sign up Disneyland",
      "action": "Clicked ad",
      "timestamp": 1675201135
    },
    {
      "title": "Entdecke Nike",
      "action": "Clicked ad",
      "timestamp": 1676995750
    },
    {
      "title": "REWE - Angebote & Aktionen",
      "action": "Clicked ad",
      "timestamp": 1677670084
    },
    {
      "title": "Eco Green Home Essentials",
      "action": "Clicked ad",
      "timestamp": 1676940070
    },
    {
      "title": "Nature Quest Adventures",
      "action": "Clicked ad",
      "timestamp": 1675200060
    },
    {
      "title": "Bright Ideas Marketing",
      "action": "Clicked ad",
      "timestamp": 1676990045
    },
    {
      "title": "Tech Fusion Solutions",
      "action": "Clicked ad",
      "timestamp": 1677670030
    }
  ]
}
