[
  {
    "type_INTERNAL": "sample_type1",
    "timestamp": 1315005874,
    "attachments": [
      {
        "data": [
          {
            "media": {
              "uri": "posts/media/Sampleuploads_NfZ_kl8TZ/268721_235678924195802_2556582_o_235678924195802.jpg",
              "media_path_INTERNAL": "path/to/media/file",
              "type_INTERNAL": "photo",
              "creation_timestamp": 1315005874,
              "media_metadata": {
                "photo_metadata": {
                  "exif_data": [
                    {
                      "upload_ip": "192.156.23.45"
                    }
                  ]
                }
              },
              "title": "Sample uploads"
            }
          }
        ]
      }
    ],
    "data": [],
    "title": "M\u00c3\u00bak\u00c3\u00bbl S\u00c3\u00a0chd\u00c3\u00abv\u00c3\u00a2 added a new photo."
  },
  {
    "type_INTERNAL": "sample_type2",
    "timestamp": 1318504895,
    "attachments": [
      {
        "data": [
          {
            "media": {
              "uri": "posts/media/SampleTimelinephotos_Plx4tx5gYw/274158_237358947353243_2281849_o_237358947353243.jpg",
              "media_path_INTERNAL": "path/to/media/file",
              "type_INTERNAL": "photo",
              "creation_timestamp": 1318504895,
              "media_metadata": {
                "photo_metadata": {
                  "exif_data": [
                    {
                      "upload_ip": "34.60.215.70"
                    }
                  ]
                }
              },
              "title": "Sample Timeline photos"
            }
          }
        ]
      }
    ],
    "data": [],
    "title": "M\u00c3\u00bak\u00c3\u00bbl S\u00c3\u00a0chd\u00c3\u00abv\u00c3\u00a2 added a new photo."
  },
  {
    "type_INTERNAL": "sample_type3",
    "timestamp": 1321586879,
    "data": [
      {
        "post": "This is a dummy text post."
      }
    ]
  }
]