{
  "impressions_history_ads_seen": [
    {
      "string_map_data": {
        "Author": {
          "value": "CgatGPT"
        },
        "Time": {
          "value": "20 Oct 2022, 11:43"
        }
      }
    },
    {
      "string_map_data": {
        "Author": {
          "value": "victoriabeckhambeauty"
        },
        "Time": {
          "value": "20 Oct 2022, 11:45"
        }
      }
    },
    {
      "string_map_data": {
        "Author": {
          "value": "Sushipaderborn"
        },
        "Time": {
          "value": "20 Oct 2022, 11:47"
        }
      }
    },
    {
      "string_map_data": {
        "Author": {
          "value": "iandMewatches"
        },
        "Time": {
          "value": "20 Oct 2022, 11:49"
        }
      }
    },
    {
      "string_map_data": {
        "Author": {
          "value": "dyson_uk"
        },
        "Time": {
          "value": "20 Oct 2022, 11:49"
        }
      }
    },
    {
      "string_map_data": {
        "Author": {
          "value": "warnerbrouk"
        },
        "Time": {
          "value": "20 Oct 2022, 11:51"
        }
      }
    },
    {
      "string_map_data": {
        "Author": {
          "value": "smile"
        },
        "Time": {
          "value": "20 Oct 2022, 11:52"
        }
      }
    },
    {
      "string_map_data": {
        "Author": {
          "value": "leakage"
        },
        "Time": {
          "value": "20 Oct 2022, 11:52"
        }
      }
    },
    {
      "string_map_data": {
        "Author": {
          "value": "outerernationsorg"
        },
        "Time": {
          "value": "20 Oct 2022, 11:53"
        }
      }
    },
    {
      "string_map_data": {
        "Author": {
          "value": "musicPader"
        },
        "Time": {
          "value": "20 Oct 2022, 11:53"
        }
      }
    },
    {
      "string_map_data": {
        "Author": {
          "value": "career_lautry"
        },
        "Time": {
          "value": "20 Oct 2022, 11:54"
        }
      }
    },
    {
      "string_map_data": {
        "Author": {
          "value": "chopard"
        },
        "Time": {
          "value": "20 Oct 2022, 11:54"
        }
      }
    },
    {
      "string_map_data": {
        "Author": {
          "value": "bobbibrownuk"
        },
        "Time": {
          "value": "20 Oct 2022, 11:54"
        }
      }
    },
    {
      "string_map_data": {
        "Author": {
          "value": "lorealparisuk"
        },
        "Time": {
          "value": "20 Oct 2022, 11:56"
        }
      }
    },
    {
      "string_map_data": {
        "Author": {
          "value": "Gobicashmere"
        },
        "Time": {
          "value": "20 Oct 2022, 11:58"
        }
      }
    },
    {
      "string_map_data": {
        "Author": {
          "value": "Kylie.uk"
        },
        "Time": {
          "value": "20 Oct 2022, 11:58"
        }
      }
    },
    {
      "string_map_data": {
        "Author": {
          "value": "Praline"
        },
        "Time": {
          "value": "20 Oct 2022, 12:02"
        }
      }
    },
    {
      "string_map_data": {
        "Author": {
          "value": "Bramhastra"
        },
        "Time": {
          "value": "20 Oct 2022, 07:36"
        }
      }
    },
    {
      "string_map_data": {
        "Author": {
          "value": "victoriabeckhambeautyuk"
        },
        "Time": {
          "value": "20 Oct 2022, 07:39"
        }
      }
    },
    {
      "string_map_data": {
        "Author": {
          "value": "louisvuittonuk"
        },
        "Time": {
          "value": "22 Oct 2022, 07:42"
        }
      }
    },
    {
      "string_map_data": {
        "Author": {
          "value": "michaelkorsUSA"
        },
        "Time": {
          "value": "22 Oct 2022, 08:14"
        }
      }
    },
    {
      "string_map_data": {
        "Author": {
          "value": "deutschland"
        },
        "Time": {
          "value": "22 Oct 2022, 08:14"
        }
      }
    },
    {
      "string_map_data": {
        "Author": {
          "value": "Guess"
        },
        "Time": {
          "value": "23 Oct 2022, 13:29"
        }
      }
    },
    {
      "string_map_data": {
        "Author": {
          "value": "driscollsberry"
        },
        "Time": {
          "value": "23 Oct 2022, 13:30"
        }
      }
    },
    {
      "string_map_data": {
        "Author": {
          "value": "BonnPie"
        },
        "Time": {
          "value": "23 Oct 2022, 09:13"
        }
      }
    },
    {
      "string_map_data": {
        "Author": {
          "value": "uniqloJapan"
        },
        "Time": {
          "value": "23 Oct 2022, 09:13"
        }
      }
    },
    {
      "string_map_data": {
        "Author": {
          "value": "Dear_beauty"
        },
        "Time": {
          "value": "23 Oct 2022, 09:13"
        }
      }
    },
    {
      "string_map_data": {
        "Author": {
          "value": "ameli.zurich"
        },
        "Time": {
          "value": "24 Oct 2022, 00:19"
        }
      }
    },
    {
      "string_map_data": {
        "Author": {
          "value": "petFriendlyprinted"
        },
        "Time": {
          "value": "24 Oct 2022, 00:21"
        }
      }
    },
    {
      "string_map_data": {
        "Author": {
          "value": "chanelofficial"
        },
        "Time": {
          "value": "24 Oct 2022, 00:21"
        }
      }
    },
    {
      "string_map_data": {
        "Author": {
          "value": "DeadBaker"
        },
        "Time": {
          "value": "26 Oct 2022, 12:42"
        }
      }
    }
  ]
}