{
  "impressions_history_posts_seen": [
    {
      "string_map_data": {
        "Author": {
          "value": "MAC"
        },
        "Time": {
          "value": "20 Oct 2022, 11:43"
        }
      }
    },
    {
      "string_map_data": {
        "Author": {
          "value": "shyam_narayan_prasad"
        },
        "Time": {
          "value": "20 Oct 2022, 11:50"
        }
      }
    },
    {
      "string_map_data": {
        "Author": {
          "value": "stylebyami"
        },
        "Time": {
          "value": "20 Oct 2022, 11:52"
        }
      }
    },
    {
      "string_map_data": {
        "Author": {
          "value": "pallodofficial"
        },
        "Time": {
          "value": "20 Oct 2022, 11:53"
        }
      }
    },
    {
      "string_map_data": {
        "Author": {
          "value": "dresshow"
        },
        "Time": {
          "value": "20 Oct 2022, 11:53"
        }
      }
    },
    {
      "string_map_data": {
        "Author": {
          "value": "natgeo"
        },
        "Time": {
          "value": "20 Oct 2022, 11:53"
        }
      }
    },
    {
      "string_map_data": {
        "Author": {
          "value": "uni_paderborn"
        },
        "Time": {
          "value": "20 Oct 2022, 11:54"
        }
      }
    },
    {
      "string_map_data": {
        "Author": {
          "value": "nomadfervor"
        },
        "Time": {
          "value": "20 Oct 2022, 11:56"
        }
      }
    },
    {
      "string_map_data": {
        "Author": {
          "value": "brasseriecinq"
        },
        "Time": {
          "value": "20 Oct 2022, 11:57"
        }
      }
    },
    {
      "string_map_data": {
        "Author": {
          "value": "mogra.in"
        },
        "Time": {
          "value": "20 Oct 2022, 11:57"
        }
      }
    },
    {
      "string_map_data": {
        "Author": {
          "value": "esteelauder"
        },
        "Time": {
          "value": "20 Oct 2022, 12:01"
        }
      }
    },
    {
      "string_map_data": {
        "Author": {
          "value": "thesivanastore"
        },
        "Time": {
          "value": "15 Oct 2022, 00:03"
        }
      }
    },
    {
      "string_map_data": {
        "Author": {
          "value": "fayedsouza"
        },
        "Time": {
          "value": "22 Oct 2022, 07:39"
        }
      }
    },

    {
      "string_map_data": {
        "Author": {
          "value": "gulabo_jaipur"
        },
        "Time": {
          "value": "22 Oct 2022, 07:41"
        }
      }
    },
    {
      "string_map_data": {
        "Author": {
          "value": "papadontpreachbyshubhika"
        },
        "Time": {
          "value": "22 Oct 2022, 07:42"
        }
      }
    },
    {
      "string_map_data": {
        "Author": {
          "value": "fizzygoblet"
        },
        "Time": {
          "value": "22 Oct 2022, 00:06"
        }
      }
    },
    {
      "string_map_data": {
        "Author": {
          "value": "shopmorninglavender"
        },
        "Time": {
          "value": "22 Oct 2022, 00:08"
        }
      }
    },
    {
      "string_map_data": {
        "Author": {
          "value": "mogra.in"
        },
        "Time": {
          "value": "22 Oct 2022, 00:08"
        }
      }
    },
    {
      "string_map_data": {
        "Author": {
          "value": "beaumondeaccessories"
        },
        "Time": {
          "value": "22 Oct 2022, 00:08"
        }
      }
    },
    {
      "string_map_data": {
        "Author": {
          "value": "architeckure"
        },
        "Time": {
          "value": "24 Oct 2022, 06:22"
        }
      }
    },
    {
      "string_map_data": {
        "Author": {
          "value": "pallodofficial"
        },
        "Time": {
          "value": "26 Oct 2022, 05:12"
        }
      }
    },
    {
      "string_map_data": {
        "Author": {
          "value": "power_peaks_"
        },
        "Time": {
          "value": "27 Oct 2022, 06:14"
        }
      }
    },

    {
      "string_map_data": {
        "Author": {
          "value": "Jockey"
        },
        "Time": {
          "value": "27 Oct 2022, 03:06"
        }
      }
    }
  ]
}