{
  "profile_account_insights": [
    {
      "title": "",
      "media_map_data": {
        
      },
      "string_map_data": {
        "Contact syncing": {
          "href": "",
          "value": "True",
          "timestamp": 0
        },
        "First country code": {
          "href": "",
          "value": "DE",
          "timestamp": 0
        },
        "Has shared live video": {
          "href": "",
          "value": "False",
          "timestamp": 0
        },
        "Last login": {
          "href": "",
          "value": "",
          "timestamp": 1643553554
        },
        "Last logout": {
          "href": "",
          "value": "",
          "timestamp": 1641736791
        },
        "First story time": {
          "href": "",
          "value": "",
          "timestamp": 1534678291
        },
        "Last story time": {
          "href": "",
          "value": "",
          "timestamp": 1683613629
        },
        "First Close Friends story time": {
          "href": "",
          "value": "",
          "timestamp": 0
        }
      }
    }
  ]
}