{
  "profile_linked_meta_accounts": [
    {
      "title": "",
      "media_map_data": {
        
      },
      "string_map_data": {
        "Account type": {
          "href": "",
          "value": "Facebook",
          "timestamp": 0
        },
        "User name": {
          "href": "",
          "value": "Nina Pinta",
          "timestamp": 0
        },
        "Identifier": {
          "href": "",
          "value": "231846783",
          "timestamp": 0
        },
        "Email address": {
          "href": "",
          "value": "ninapinta@abc.com",
          "timestamp": 0
        },
        "Phone number": {
          "href": "",
          "value": "+49343426124",
          "timestamp": 0
        }
      }
    }
  ]
}