{
  "profile_user": [
    {
      "title": "User information",
      "media_map_data": {
        "Profile photo": {
          "uri": "media/other/3324242424_43424242_566654646.jpg",
          "creation_timestamp": 1623415689,
          "title": ""
        }
      },
      "string_map_data": {
        "Email address": {
          "href": "",
          "value": "ninapinta@abc.com",
          "timestamp": 0
        },
        "Phone number": {
          "href": "",
          "value": "+493413930181",
          "timestamp": 0
        },
        "Phone number confirmed": {
          "href": "",
          "value": "True",
          "timestamp": 0
        },
        "Phone confirmation method": {
          "href": "",
          "value": "Auto",
          "timestamp": 0
        },
        "Username": {
          "href": "",
          "value": "niña",
          "timestamp": 0
        },
        "Name": {
          "href": "",
          "value": "Nina Pinta",
          "timestamp": 0
        },
        "Gender": {
          "href": "",
          "value": "unspecified",
          "timestamp": 0
        },
        "Private account": {
          "href": "",
          "value": "True",
          "timestamp": 0
        }
      }
    }
  ]
}