{
  "name": "Uploads von Mobilger\u00c3\u00a4ten",
  "photos": [
    {
      "uri": "https://www.facebook.com/redacted",
      "creation_timestamp": 1447769247,
      "media_metadata": {
        "photo_metadata": {
          "exif_data": [
            {
              "upload_ip": "109.42.3.107",
              "taken_timestamp": 1447769627
            }
          ]
        }
      },
      "title": "Uploads von Mobilger\u00c3\u00a4ten",
      "description": "Auf Klassenfahrt\u00f0\u009f\u008c\u00b4 \u00f0\u009f\u008e\u0089"
    }
  ],
  "cover_photo": {
    "uri": "https://www.facebook.com/redacted",
    "creation_timestamp": 1447769247,
    "media_metadata": {
      "photo_metadata": {
        "exif_data": [
          {
            "upload_ip": "109.42.3.107",
            "taken_timestamp": 1447769627
          }
        ]
      }
    },
    "title": "Uploads von Mobilger\u00c3\u00a4ten",
    "description": "Auf Klassenfahrt\u00f0\u009f\u008c\u00b4 \u00f0\u009f\u008e\u0089"
  },
  "last_modified_timestamp": 1577720826,
  "description": ""
}
