{
  "playlists": [
    {
      "name": "Beachen22",
      "lastModifiedDate": "2022-08-03",
      "items": [
        {
          "track": {
            "trackName": "EASY X FELIX JAEHN REMIX",
            "artistName": "CRO",
            "albumName": "EASY X FELIX JAEHN REMIX",
            "trackUri": "spotify:track:1V7hCj57YOvAGFKUzUMzQ1"
          },
          "episode": null,
          "localTrack": null,
          "addedDate": "2022-04-13"
        },
        {
          "track": {
            "trackName": "Don't Wanna Fall In Love",
            "artistName": "KYLE",
            "albumName": "Smyle",
            "trackUri": "spotify:track:1YakuHfzKxjnseCEeVQtrY"
          },
          "episode": null,
          "localTrack": null,
          "addedDate": "2022-04-13"
        },
        {
          "track": {
            "trackName": "Starstruck",
            "artistName": "Years & Years",
            "albumName": "Starstruck",
            "trackUri": "spotify:track:2WJVFqVQ3ivhAoAQWzEzeL"
          },
          "episode": null,
          "localTrack": null,
          "addedDate": "2022-04-13"
        },
        {
          "track": {
            "trackName": "L.O.V.E. (feat. EARTHGANG, Jon Batiste & Sherwyn)",
            "artistName": "Yung Bae",
            "albumName": "L.O.V.E. (feat. EARTHGANG, Jon Batiste & Sherwyn)",
            "trackUri": "spotify:track:3h3szgXLd2FJ0WSWj8om9t"
          },
          "episode": null,
          "localTrack": null,
          "addedDate": "2022-04-13"
        },
        {
          "track": {
            "trackName": "When Will I See You Again",
            "artistName": "Shakka",
            "albumName": "When Will I See You Again",
            "trackUri": "spotify:track:5FSt6K70gANsecaAtXFVbR"
          },
          "episode": null,
          "localTrack": null,
          "addedDate": "2022-07-01"
        },
        {
          "track": {
            "trackName": "Wo bist Du? (feat. Alligatoah)",
            "artistName": "Swiss",
            "albumName": "Wo bist Du?",
            "trackUri": "spotify:track:6LTAD2yiPqyYVtX1wqLfDc"
          },
          "episode": null,
          "localTrack": null,
          "addedDate": "2022-07-15"
        },
        {
          "track": {
            "trackName": "Heavy Metal Love",
            "artistName": "twocolors",
            "albumName": "Heavy Metal Love",
            "trackUri": "spotify:track:07VcTAooOBP8hIluuUS5xr"
          },
          "episode": null,
          "localTrack": null,
          "addedDate": "2022-08-03"
        },
        {
          "track": {
            "trackName": "Stay With Me (with Justin Timberlake, Halsey, & Pharrell)",
            "artistName": "Calvin Harris",
            "albumName": "Stay With Me (with Justin Timberlake, Halsey, & Pharrell)",
            "trackUri": "spotify:track:5lfWrciYtohtIMVDVZd0Rf"
          },
          "episode": null,
          "localTrack": null,
          "addedDate": "2022-08-03"
        },
        {
          "track": {
            "trackName": "Morning Blue",
            "artistName": "Giant Rooks",
            "albumName": "Morning Blue",
            "trackUri": "spotify:track:71qr4SoRZ61SKxhH4XhAqP"
          },
          "episode": null,
          "localTrack": null,
          "addedDate": "2022-08-03"
        },
        {
          "track": {
            "trackName": "Trouble (with Georgia Ku)",
            "artistName": "Jonasu",
            "albumName": "Trouble (with Georgia Ku)",
            "trackUri": "spotify:track:7HHRiPCwjaYcUzxjbOK1lO"
          },
          "episode": null,
          "localTrack": null,
          "addedDate": "2022-08-03"
        }
      ],
      "description": null,
      "numberOfFollowers": 0
    },
    {
      "name": "Beachen21",
      "lastModifiedDate": "2022-07-01",
      "items": [
        {
          "track": {
            "trackName": "Dandelion",
            "artistName": "Galantis",
            "albumName": "Dandelion",
            "trackUri": "spotify:track:4NexTaCZZ7Ehnf03A6SVjt"
          },
          "episode": null,
          "localTrack": null,
          "addedDate": "2021-09-01"
        },
        {
          "track": {
            "trackName": "Clouds (feat. The Wombats)",
            "artistName": "Whethan",
            "albumName": "Fantasy",
            "trackUri": "spotify:track:1vKhN4uPpLXW91qQ1Gu0z8"
          },
          "episode": null,
          "localTrack": null,
          "addedDate": "2021-09-01"
        },
        {
          "track": {
            "trackName": "Feed The Fire (feat. Lucky Daye)",
            "artistName": "SG Lewis",
            "albumName": "Feed The Fire (feat. Lucky Daye)",
            "trackUri": "spotify:track:0yU8ftsMI0LDMtee8TDsDR"
          },
          "episode": null,
          "localTrack": null,
          "addedDate": "2021-09-01"
        },
        {
          "track": {
            "trackName": "Problems",
            "artistName": "Don Diablo",
            "albumName": "Problems",
            "trackUri": "spotify:track:2dyrLrVopYKGc3H9oOYSmZ"
          },
          "episode": null,
          "localTrack": null,
          "addedDate": "2021-09-01"
        },
        {
          "track": {
            "trackName": "R U HIGH (feat. Mallrat)",
            "artistName": "The Knocks",
            "albumName": "R U HIGH (feat. Mallrat)",
            "trackUri": "spotify:track:1nyyEarKbjbGm3iJqvZknV"
          },
          "episode": null,
          "localTrack": null,
          "addedDate": "2021-09-01"
        },
        {
          "track": {
            "trackName": "Bitch",
            "artistName": "Von Wegen Lisbeth",
            "albumName": "Grande",
            "trackUri": "spotify:track:0EOCkfEn4axSeo5N2GhMas"
          },
          "episode": null,
          "localTrack": null,
          "addedDate": "2021-09-01"
        },
        {
          "track": {
            "trackName": "Sushi",
            "artistName": "Von Wegen Lisbeth",
            "albumName": "Grande",
            "trackUri": "spotify:track:7mnl4Lj12hllf83OAtyJpv"
          },
          "episode": null,
          "localTrack": null,
          "addedDate": "2021-09-01"
        },
        {
          "track": {
            "trackName": "Sundress",
            "artistName": "A$AP Rocky",
            "albumName": "Sundress",
            "trackUri": "spotify:track:2aPTvyE09vUCRwVvj0I8WK"
          },
          "episode": null,
          "localTrack": null,
          "addedDate": "2021-09-01"
        },
        {
          "track": {
            "trackName": "Everyday (feat. Rod Stewart, Miguel & Mark Ronson)",
            "artistName": "A$AP Rocky",
            "albumName": "AT.LONG.LAST.A$AP",
            "trackUri": "spotify:track:2N3U8uTYhjX2KwGT0pf5x0"
          },
          "episode": null,
          "localTrack": null,
          "addedDate": "2021-09-01"
        },
        {
          "track": {
            "trackName": "Every Single Summer",
            "artistName": "Ferdinand fka Left Boy",
            "albumName": "Every Single Summer",
            "trackUri": "spotify:track:6kH7M3PGTTQhxZkIlOGV3v"
          },
          "episode": null,
          "localTrack": null,
          "addedDate": "2021-09-01"
        },
        {
          "track": {
            "trackName": "Tangerine",
            "artistName": "Glass Animals",
            "albumName": "Dreamland",
            "trackUri": "spotify:track:40rOlDoGejXXF4B0BYsjx8"
          },
          "episode": null,
          "localTrack": null,
          "addedDate": "2021-09-01"
        },
        {
          "track": {
            "trackName": "Feels (feat. Pharrell Williams, Katy Perry & Big Sean)",
            "artistName": "Calvin Harris",
            "albumName": "Funk Wav Bounces Vol.1",
            "trackUri": "spotify:track:5bcTCxgc7xVfSaMV3RuVke"
          },
          "episode": null,
          "localTrack": null,
          "addedDate": "2021-09-01"
        },
        {
          "track": {
            "trackName": "Would You Ever",
            "artistName": "Skrillex",
            "albumName": "Would You Ever",
            "trackUri": "spotify:track:57p8CBvPOxrvyCbn6ttl5r"
          },
          "episode": null,
          "localTrack": null,
          "addedDate": "2021-09-01"
        },
        {
          "track": {
            "trackName": "Summertime Magic",
            "artistName": "Childish Gambino",
            "albumName": "Summer Pack",
            "trackUri": "spotify:track:4j3GWI86JvSaF0BLdmgcfF"
          },
          "episode": null,
          "localTrack": null,
          "addedDate": "2021-09-01"
        },
        {
          "track": {
            "trackName": "Melatonin",
            "artistName": "UPSAHL",
            "albumName": "Melatonin",
            "trackUri": "spotify:track:6LKPd0yNYWbcwkTL0bx3DV"
          },
          "episode": null,
          "localTrack": null,
          "addedDate": "2021-09-01"
        },
        {
          "track": {
            "trackName": "Poolside",
            "artistName": "THE ANXIETY",
            "albumName": "THE ANXIETY",
            "trackUri": "spotify:track:1aNiHxopNsQDGRCrrAw9FX"
          },
          "episode": null,
          "localTrack": null,
          "addedDate": "2021-09-01"
        },
        {
          "track": {
            "trackName": "D.A.N.C.E",
            "artistName": "Justice",
            "albumName": "Justice",
            "trackUri": "spotify:track:33yAEqzKXexYM3WlOYtTfQ"
          },
          "episode": null,
          "localTrack": null,
          "addedDate": "2021-09-01"
        },
        {
          "track": {
            "trackName": "Hands On",
            "artistName": "Planet Giza",
            "albumName": "Hands On",
            "trackUri": "spotify:track:0YmU22gCHDKFejuvI8nDou"
          },
          "episode": null,
          "localTrack": null,
          "addedDate": "2021-09-01"
        },
        {
          "track": {
            "trackName": "Photo ID (with Dominic Fike)",
            "artistName": "Remi Wolf",
            "albumName": "We Love Dogs!",
            "trackUri": "spotify:track:1F35Dmog9pekyCVnH1eQpl"
          },
          "episode": null,
          "localTrack": null,
          "addedDate": "2021-09-01"
        },
        {
          "track": {
            "trackName": "That's How Much",
            "artistName": "Ferdinand fka Left Boy",
            "albumName": "Permanent Midnight",
            "trackUri": "spotify:track:2eS4le31XmWpJDk3242Rg9"
          },
          "episode": null,
          "localTrack": null,
          "addedDate": "2021-09-01"
        },
        {
          "track": {
            "trackName": "Complicated",
            "artistName": "Mac Miller",
            "albumName": "Circles",
            "trackUri": "spotify:track:2GgG5EVjKccjAwCDJM0ogG"
          },
          "episode": null,
          "localTrack": null,
          "addedDate": "2021-09-01"
        },
        {
          "track": {
            "trackName": "EARFQUAKE",
            "artistName": "Tyler, The Creator",
            "albumName": "IGOR",
            "trackUri": "spotify:track:5hVghJ4KaYES3BFUATCYn0"
          },
          "episode": null,
          "localTrack": null,
          "addedDate": "2021-09-01"
        },
        {
          "track": {
            "trackName": "Niemand bringt Marten um",
            "artistName": "Marteria",
            "albumName": "Niemand bringt Marten um",
            "trackUri": "spotify:track:0nYSnbFVX5ghrERjwVZgwZ"
          },
          "episode": null,
          "localTrack": null,
          "addedDate": "2021-09-01"
        },
        {
          "track": {
            "trackName": "GOOD VIBES",
            "artistName": "CRO",
            "albumName": "trip",
            "trackUri": "spotify:track:6zQMH08DIdONuGBVtCF1hS"
          },
          "episode": null,
          "localTrack": null,
          "addedDate": "2021-09-01"
        },
        {
          "track": {
            "trackName": "In The Dark (with Jhené Aiko)",
            "artistName": "Swae Lee",
            "albumName": "In The Dark (with Jhené Aiko)",
            "trackUri": "spotify:track:4ZB2yAZyPHI6SHdFPPT9sa"
          },
          "episode": null,
          "localTrack": null,
          "addedDate": "2021-09-01"
        },
        {
          "track": {
            "trackName": "Marilyn",
            "artistName": "Marteria",
            "albumName": "Marilyn",
            "trackUri": "spotify:track:6xR3FozPJRyIlaNU48pXV7"
          },
          "episode": null,
          "localTrack": null,
          "addedDate": "2021-09-24"
        },
        {
          "track": {
            "trackName": "Black Satin",
            "artistName": "Benji.",
            "albumName": "Smile, You're Alive!",
            "trackUri": "spotify:track:0fttTdBf9wJDMwXcK9BUUv"
          },
          "episode": null,
          "localTrack": null,
          "addedDate": "2021-10-01"
        },
        {
          "track": {
            "trackName": "Fireworks (feat. Moss Kena & The Knocks)",
            "artistName": "Purple Disco Machine",
            "albumName": "Fireworks (feat. Moss Kena & The Knocks)",
            "trackUri": "spotify:track:1kTlT3phtU2yqTJYT1x6hb"
          },
          "episode": null,
          "localTrack": null,
          "addedDate": "2021-10-01"
        },
        {
          "track": {
            "trackName": "Summer Days (feat. Macklemore & Patrick Stump of Fall Out Boy)",
            "artistName": "Martin Garrix",
            "albumName": "Summer Days (feat. Macklemore & Patrick Stump of Fall Out Boy)",
            "trackUri": "spotify:track:7Feaw9WAEREY0DUOSXJLOM"
          },
          "episode": null,
          "localTrack": null,
          "addedDate": "2021-10-01"
        }
      ],
      "description": null,
      "numberOfFollowers": 0
    },
    {
      "name": "\\Summer",
      "lastModifiedDate": "2022-05-23",
      "items": [
        {
          "track": {
            "trackName": "Cooler Than Me",
            "artistName": "Lucky Luke",
            "albumName": "Cooler Than Me",
            "trackUri": "spotify:track:525GY0mXYnxajolwgS8Eaz"
          },
          "episode": null,
          "localTrack": null,
          "addedDate": "2020-05-22"
        },
        {
          "track": {
            "trackName": "Some Say - Felix Jaehn Remix",
            "artistName": "Nea",
            "albumName": "Some Say",
            "trackUri": "spotify:track:7C1trmcQQ5n5RNy4l6ziCv"
          },
          "episode": null,
          "localTrack": null,
          "addedDate": "2020-05-22"
        },
        {
          "track": {
            "trackName": "17",
            "artistName": "MK",
            "albumName": "17",
            "trackUri": "spotify:track:15DwFznkBJir7AK9PyMyRR"
          },
          "episode": null,
          "localTrack": null,
          "addedDate": "2020-05-26"
        },
        {
          "track": {
            "trackName": "Moon Rider (feat. Wrabel)",
            "artistName": "Jai Wolf",
            "albumName": "Moon Rider (feat. Wrabel)",
            "trackUri": "spotify:track:3PP9CXeE0PYaM5GIGQqBIV"
          },
          "episode": null,
          "localTrack": null,
          "addedDate": "2020-06-13"
        },
        {
          "track": {
            "trackName": "Into the Blue (feat. Pearl Andersson)",
            "artistName": "Jewelz & Sparks",
            "albumName": "Into The Blue (feat. Pearl Andersson)",
            "trackUri": "spotify:track:5LjUA2CYBNR0Rehpv6XryW"
          },
          "episode": null,
          "localTrack": null,
          "addedDate": "2020-06-21"
        },
        {
          "track": {
            "trackName": "FEEL THE BEAT",
            "artistName": "Black Eyed Peas",
            "albumName": "TRANSLATION",
            "trackUri": "spotify:track:0pGC7cwCOakpvCFYiawNhM"
          },
          "episode": null,
          "localTrack": null,
          "addedDate": "2020-06-24"
        },
        {
          "track": {
            "trackName": "You and I",
            "artistName": "COLIN",
            "albumName": "You and I",
            "trackUri": "spotify:track:6D2hMhtxJLGQvQWI3b5DtD"
          },
          "episode": null,
          "localTrack": null,
          "addedDate": "2020-06-24"
        },
        {
          "track": {
            "trackName": "Live Like We're Dancing",
            "artistName": "Mura Masa",
            "albumName": "Live Like We're Dancing",
            "trackUri": "spotify:track:02WREPaxGAP4Mtlb4Txykd"
          },
          "episode": null,
          "localTrack": null,
          "addedDate": "2020-07-30"
        },
        {
          "track": {
            "trackName": "Chicken Tenders",
            "artistName": "Dominic Fike",
            "albumName": "Chicken Tenders",
            "trackUri": "spotify:track:3D8sT8D3f5egWSQnF0fbqu"
          },
          "episode": null,
          "localTrack": null,
          "addedDate": "2020-08-01"
        },
        {
          "track": {
            "trackName": "Dandelion",
            "artistName": "Galantis",
            "albumName": "Dandelion",
            "trackUri": "spotify:track:4NexTaCZZ7Ehnf03A6SVjt"
          },
          "episode": null,
          "localTrack": null,
          "addedDate": "2021-12-10"
        },
        {
          "track": {
            "trackName": "Peaches (feat. Daniel Caesar & Giveon)",
            "artistName": "Justin Bieber",
            "albumName": "Justice",
            "trackUri": "spotify:track:4iJyoBOLtHqaGxP12qzhQI"
          },
          "episode": null,
          "localTrack": null,
          "addedDate": "2021-12-10"
        },
        {
          "track": {
            "trackName": "Mystery Lady (feat. Don Toliver)",
            "artistName": "Masego",
            "albumName": "Mystery Lady (feat. Don Toliver)",
            "trackUri": "spotify:track:2Ee9amLUslOwgoJWZEpSSD"
          },
          "episode": null,
          "localTrack": null,
          "addedDate": "2021-12-10"
        },
        {
          "track": {
            "trackName": "Tangerine",
            "artistName": "Glass Animals",
            "albumName": "Dreamland",
            "trackUri": "spotify:track:40rOlDoGejXXF4B0BYsjx8"
          },
          "episode": null,
          "localTrack": null,
          "addedDate": "2021-12-10"
        },
        {
          "track": {
            "trackName": "Please Tell Rosie",
            "artistName": "Alle Farben",
            "albumName": "Music Is My Best Friend",
            "trackUri": "spotify:track:2IDDQFHRf9iH35jeL89uNs"
          },
          "episode": null,
          "localTrack": null,
          "addedDate": "2021-12-10"
        },
        {
          "track": {
            "trackName": "Deep Sea Blue",
            "artistName": "Alle Farben",
            "albumName": "Music Is My Best Friend",
            "trackUri": "spotify:track:7tXZkV7DG8qWOQsm1Ck0gU"
          },
          "episode": null,
          "localTrack": null,
          "addedDate": "2021-12-10"
        },
        {
          "track": {
            "trackName": "Slide (feat. Frank Ocean & Migos)",
            "artistName": "Calvin Harris",
            "albumName": "Funk Wav Bounces Vol.1",
            "trackUri": "spotify:track:7tr2za8SQg2CI8EDgrdtNl"
          },
          "episode": null,
          "localTrack": null,
          "addedDate": "2021-12-10"
        },
        {
          "track": {
            "trackName": "Feels (feat. Pharrell Williams, Katy Perry & Big Sean)",
            "artistName": "Calvin Harris",
            "albumName": "Funk Wav Bounces Vol.1",
            "trackUri": "spotify:track:5bcTCxgc7xVfSaMV3RuVke"
          },
          "episode": null,
          "localTrack": null,
          "addedDate": "2021-12-10"
        },
        {
          "track": {
            "trackName": "Holiday (feat. Snoop Dogg, John Legend & Takeoff)",
            "artistName": "Calvin Harris",
            "albumName": "Funk Wav Bounces Vol.1",
            "trackUri": "spotify:track:08Wc3X7XNSyF8WYBPt2L8E"
          },
          "episode": null,
          "localTrack": null,
          "addedDate": "2021-12-10"
        },
        {
          "track": {
            "trackName": "Prayers Up (feat. Travis Scott & A-Trak)",
            "artistName": "Calvin Harris",
            "albumName": "Funk Wav Bounces Vol.1",
            "trackUri": "spotify:track:4KaIJ1FWXUoAAnOts1YWjD"
          },
          "episode": null,
          "localTrack": null,
          "addedDate": "2021-12-10"
        },
        {
          "track": {
            "trackName": "Cash Out (feat. ScHoolboy Q, PARTYNEXTDOOR & D.R.A.M.)",
            "artistName": "Calvin Harris",
            "albumName": "Funk Wav Bounces Vol.1",
            "trackUri": "spotify:track:0Ws8D3EWUDgY962Xftb0h5"
          },
          "episode": null,
          "localTrack": null,
          "addedDate": "2021-12-10"
        },
        {
          "track": {
            "trackName": "After The Storm (feat. Tyler, The Creator & Bootsy Collins)",
            "artistName": "Kali Uchis",
            "albumName": "Isolation",
            "trackUri": "spotify:track:1otG6j1WHNvl9WgXLWkHTo"
          },
          "episode": null,
          "localTrack": null,
          "addedDate": "2021-12-10"
        },
        {
          "track": {
            "trackName": "Saturday",
            "artistName": "Twenty One Pilots",
            "albumName": "Scaled And Icy",
            "trackUri": "spotify:track:60dwJ8dnqZ4WrIdiu7LkNR"
          },
          "episode": null,
          "localTrack": null,
          "addedDate": "2021-12-10"
        },
        {
          "track": {
            "trackName": "Would You Ever",
            "artistName": "Skrillex",
            "albumName": "Would You Ever",
            "trackUri": "spotify:track:57p8CBvPOxrvyCbn6ttl5r"
          },
          "episode": null,
          "localTrack": null,
          "addedDate": "2021-12-10"
        },
        {
          "track": {
            "trackName": "Jubel - Radio Edit",
            "artistName": "Klingande",
            "albumName": "Jubel",
            "trackUri": "spotify:track:0D2VYiRlBv43asKUgieZaM"
          },
          "episode": null,
          "localTrack": null,
          "addedDate": "2021-12-10"
        },
        {
          "track": {
            "trackName": "Summertime Magic",
            "artistName": "Childish Gambino",
            "albumName": "Summer Pack",
            "trackUri": "spotify:track:4j3GWI86JvSaF0BLdmgcfF"
          },
          "episode": null,
          "localTrack": null,
          "addedDate": "2021-12-10"
        },
        {
          "track": {
            "trackName": "Melatonin",
            "artistName": "UPSAHL",
            "albumName": "Melatonin",
            "trackUri": "spotify:track:6LKPd0yNYWbcwkTL0bx3DV"
          },
          "episode": null,
          "localTrack": null,
          "addedDate": "2021-12-10"
        },
        {
          "track": {
            "trackName": "Poolside",
            "artistName": "THE ANXIETY",
            "albumName": "THE ANXIETY",
            "trackUri": "spotify:track:1aNiHxopNsQDGRCrrAw9FX"
          },
          "episode": null,
          "localTrack": null,
          "addedDate": "2021-12-10"
        },
        {
          "track": {
            "trackName": "D.A.N.C.E",
            "artistName": "Justice",
            "albumName": "Justice",
            "trackUri": "spotify:track:33yAEqzKXexYM3WlOYtTfQ"
          },
          "episode": null,
          "localTrack": null,
          "addedDate": "2021-12-10"
        },
        {
          "track": {
            "trackName": "Koala",
            "artistName": "Grady",
            "albumName": "Koala",
            "trackUri": "spotify:track:4agJNTrmTBFsZ8wrBlIXqx"
          },
          "episode": null,
          "localTrack": null,
          "addedDate": "2021-12-10"
        },
        {
          "track": {
            "trackName": "All I Know",
            "artistName": "DaniLeigh",
            "albumName": "Summer With Friends",
            "trackUri": "spotify:track:4dxM44QcHvrbTqCtBsNprG"
          },
          "episode": null,
          "localTrack": null,
          "addedDate": "2021-12-10"
        }
      ],
      "description": null,
      "numberOfFollowers": 0
    },
    {
      "name": "Electronic",
      "lastModifiedDate": "2022-10-06",
      "items": [
        {
          "track": {
            "trackName": "Those Eyes",
            "artistName": "ARTY",
            "albumName": "Those Eyes",
            "trackUri": "spotify:track:4KqA0GwEKbc96WyfIZn3SV"
          },
          "episode": null,
          "localTrack": null,
          "addedDate": "2022-05-14"
        },
        {
          "track": {
            "trackName": "So What (feat. A R I Z O N A)",
            "artistName": "Louis The Child",
            "albumName": "So What (feat. A R I Z O N A)",
            "trackUri": "spotify:track:3By9IFm4E2BvKQygT04O8g"
          },
          "episode": null,
          "localTrack": null,
          "addedDate": "2022-05-14"
        },
        {
          "track": {
            "trackName": "Please Don't Go",
            "artistName": "Mike Posner",
            "albumName": "31 Minutes to Takeoff",
            "trackUri": "spotify:track:1Z8j3DHxRi1u6cOAXemLgn"
          },
          "episode": null,
          "localTrack": null,
          "addedDate": "2022-05-15"
        },
        {
          "track": {
            "trackName": "Good Exposure",
            "artistName": "Delaney Minta",
            "albumName": "Good Exposure",
            "trackUri": "spotify:track:7aMTMz5aOXoOOd9ygGV76D"
          },
          "episode": null,
          "localTrack": null,
          "addedDate": "2022-05-19"
        },
        {
          "track": {
            "trackName": "Remedy",
            "artistName": "Leony",
            "albumName": "Remedy",
            "trackUri": "spotify:track:5JVA0t7r2Y7m9NaHmgaeiC"
          },
          "episode": null,
          "localTrack": null,
          "addedDate": "2022-05-23"
        },
        {
          "track": {
            "trackName": "Seven Nation Army (feat. KOYSINA)",
            "artistName": "Dance Fruits Music",
            "albumName": "Seven Nation Army (feat. KOYSINA)",
            "trackUri": "spotify:track:2fzqpmKuYcNQS7clW1XxAS"
          },
          "episode": null,
          "localTrack": null,
          "addedDate": "2022-06-11"
        },
        {
          "track": {
            "trackName": "Heartbeat",
            "artistName": "MorganJ",
            "albumName": "Heartbeat",
            "trackUri": "spotify:track:2DjvjFwsOSc0qRt7OM1XWj"
          },
          "episode": null,
          "localTrack": null,
          "addedDate": "2022-06-11"
        },
        {
          "track": {
            "trackName": "Cool for the Summer - Dave Audé Remix",
            "artistName": "Demi Lovato",
            "albumName": "Cool for the Summer: The Remixes",
            "trackUri": "spotify:track:6ia56LFmPwlg8X4T10EkyB"
          },
          "episode": null,
          "localTrack": null,
          "addedDate": "2022-06-12"
        },
        {
          "track": {
            "trackName": "DJ Wait a Minute",
            "artistName": "DJ Exe",
            "albumName": "DJ Wait a Minute",
            "trackUri": "spotify:track:6cwDwpmXAPotjEmDvMDkSX"
          },
          "episode": null,
          "localTrack": null,
          "addedDate": "2022-06-24"
        },
        {
          "track": {
            "trackName": "Take You On",
            "artistName": "James Mercy",
            "albumName": "Take You On",
            "trackUri": "spotify:track:1YxGxw82Jn4jmwh2uhOhfC"
          },
          "episode": null,
          "localTrack": null,
          "addedDate": "2022-06-24"
        },
        {
          "track": {
            "trackName": "Move Your Body",
            "artistName": "Öwnboss",
            "albumName": "Move Your Body",
            "trackUri": "spotify:track:6GomT970rCOkKAyyrwJeZi"
          },
          "episode": null,
          "localTrack": null,
          "addedDate": "2022-06-24"
        },
        {
          "track": {
            "trackName": "Follow",
            "artistName": "Martin Garrix",
            "albumName": "Follow",
            "trackUri": "spotify:track:5aXTfpNOqLj35ydEiLio67"
          },
          "episode": null,
          "localTrack": null,
          "addedDate": "2022-08-05"
        },
        {
          "track": {
            "trackName": "Ferrari",
            "artistName": "James Hype",
            "albumName": "Ferrari",
            "trackUri": "spotify:track:4zN21mbAuaD0WqtmaTZZeP"
          },
          "episode": null,
          "localTrack": null,
          "addedDate": "2022-08-26"
        },
        {
          "track": {
            "trackName": "2 Things",
            "artistName": "Don Diablo",
            "albumName": "2 Things",
            "trackUri": "spotify:track:23YAweZPLgWqOTJdpvSv1O"
          },
          "episode": null,
          "localTrack": null,
          "addedDate": "2022-10-06"
        }
      ],
      "description": null,
      "numberOfFollowers": 0
    },
    {
      "name": "RapClassics",
      "lastModifiedDate": "2022-01-16",
      "items": [
        {
          "track": {
            "trackName": "Why I Love You",
            "artistName": "JAY-Z",
            "albumName": "Watch The Throne",
            "trackUri": "spotify:track:4lLmG1fatRUgnRz0Ol0WUi"
          },
          "episode": null,
          "localTrack": null,
          "addedDate": "2021-07-24"
        },
        {
          "track": {
            "trackName": "Holy Grail",
            "artistName": "JAY-Z",
            "albumName": "Magna Carta... Holy Grail",
            "trackUri": "spotify:track:1q9bLSeIlGf2xBvbOkp2Wr"
          },
          "episode": null,
          "localTrack": null,
          "addedDate": "2021-07-24"
        },
        {
          "track": {
            "trackName": "Empire State Of Mind",
            "artistName": "JAY-Z",
            "albumName": "The Blueprint 3",
            "trackUri": "spotify:track:2igwFfvr1OAGX9SKDCPBwO"
          },
          "episode": null,
          "localTrack": null,
          "addedDate": "2021-12-10"
        }
      ],
      "description": null,
      "numberOfFollowers": 0
    },
    {
      "name": "\\Pop",
      "lastModifiedDate": "2022-10-02",
      "items": [
        {
          "track": {
            "trackName": "Yellow",
            "artistName": "Paige",
            "albumName": "Yellow",
            "trackUri": "spotify:track:0ztJV74UOL4haip4gLuQvd"
          },
          "episode": null,
          "localTrack": null,
          "addedDate": "2020-05-17"
        },
        {
          "track": {
            "trackName": "ECHO",
            "artistName": "KATIE",
            "albumName": "ECHO",
            "trackUri": "spotify:track:6OSFO9R4wCNxksLMSzNEQx"
          },
          "episode": null,
          "localTrack": null,
          "addedDate": "2020-05-17"
        },
        {
          "track": {
            "trackName": "Find an Island",
            "artistName": "BENEE",
            "albumName": "STELLA & STEVE",
            "trackUri": "spotify:track:4Ve0Jx7MXjU4aPrFHJRZK7"
          },
          "episode": null,
          "localTrack": null,
          "addedDate": "2020-05-17"
        },
        {
          "track": {
            "trackName": "Sunlight",
            "artistName": "Maty Noyes",
            "albumName": "Sunlight",
            "trackUri": "spotify:track:3Al8M1SNgG2A1NLuPwwaAw"
          },
          "episode": null,
          "localTrack": null,
          "addedDate": "2020-05-17"
        },
        {
          "track": {
            "trackName": "Aliens (her er jeg)",
            "artistName": "Ina Wroldsen",
            "albumName": "Aliens (her er jeg)",
            "trackUri": "spotify:track:666giOd0Pl0qo2hAJ3X415"
          },
          "episode": null,
          "localTrack": null,
          "addedDate": "2020-05-17"
        },
        {
          "track": {
            "trackName": "Superstar Sh*t",
            "artistName": "Dominic Fike",
            "albumName": "What Could Possibly Go Wrong",
            "trackUri": "spotify:track:20j7l6tFtc5lynXpbOQg1O"
          },
          "episode": null,
          "localTrack": null,
          "addedDate": "2022-03-13"
        },
        {
          "track": {
            "trackName": "Sweater Weather",
            "artistName": "The Neighbourhood",
            "albumName": "I Love You.",
            "trackUri": "spotify:track:2QjOHCTQ1Jl3zawyYOpxh6"
          },
          "episode": null,
          "localTrack": null,
          "addedDate": "2021-12-11"
        },
        {
          "track": {
            "trackName": "snowflake (feat. Jaden & Sarcastic Sounds)",
            "artistName": "Powfu",
            "albumName": "tell me your feelings and i won't tell you mine",
            "trackUri": "spotify:track:7KW1AtQKFToSoF1kmyk2wE"
          },
          "episode": null,
          "localTrack": null,
          "addedDate": "2021-12-11"
        },
        {
          "track": {
            "trackName": "In the Water - MASS AVE Remix",
            "artistName": "CAL",
            "albumName": "In the Water",
            "trackUri": "spotify:track:1DZvKSTYG8wwnlQ4799FfU"
          },
          "episode": null,
          "localTrack": null,
          "addedDate": "2021-12-18"
        },
        {
          "track": {
            "trackName": "Wildfire",
            "artistName": "Cautious Clay",
            "albumName": "Deadpan Love",
            "trackUri": "spotify:track:2GQomOm5bdbNnUooS3HEuF"
          },
          "episode": null,
          "localTrack": null,
          "addedDate": "2021-12-19"
        },
        {
          "track": {
            "trackName": "let you",
            "artistName": "iann dior",
            "albumName": "let you",
            "trackUri": "spotify:track:5OJmt1xiOHZJGx8wTUAjEC"
          },
          "episode": null,
          "localTrack": null,
          "addedDate": "2022-01-02"
        },
        {
          "track": {
            "trackName": "Infinity",
            "artistName": "Jaymes Young",
            "albumName": "Feel Something",
            "trackUri": "spotify:track:1SOClUWhOi8vHZYMz3GluK"
          },
          "episode": null,
          "localTrack": null,
          "addedDate": "2022-01-02"
        },
        {
          "track": {
            "trackName": "AM I DREAMING (feat. Miley Cyrus)",
            "artistName": "Lil Nas X",
            "albumName": "MONTERO",
            "trackUri": "spotify:track:6isTQfKXhNO3EyJd9mSxx8"
          },
          "episode": null,
          "localTrack": null,
          "addedDate": "2022-01-08"
        },
        {
          "track": {
            "trackName": "Cold Heart - PNAU Remix",
            "artistName": "Elton John",
            "albumName": "Cold Heart",
            "trackUri": "spotify:track:6zSpb8dQRaw0M1dK8PBwQz"
          },
          "episode": null,
          "localTrack": null,
          "addedDate": "2022-01-23"
        },
        {
          "track": {
            "trackName": "Yellow Hearts",
            "artistName": "Ant Saunders",
            "albumName": "Yellow Hearts",
            "trackUri": "spotify:track:2W4yABdLc4Jnds67Poi5Nl"
          },
          "episode": null,
          "localTrack": null,
          "addedDate": "2022-04-05"
        },
        {
          "track": {
            "trackName": "Beg For You (feat. Rina Sawayama)",
            "artistName": "Charli XCX",
            "albumName": "Beg For You (feat. Rina Sawayama)",
            "trackUri": "spotify:track:50ZFpw2wS6ERvLmW8TINhq"
          },
          "episode": null,
          "localTrack": null,
          "addedDate": "2022-04-13"
        },
        {
          "track": {
            "trackName": "UH OH! (feat. BENEE)",
            "artistName": "Sub Urban",
            "albumName": "UH OH! (feat. BENEE)",
            "trackUri": "spotify:track:3smlpsXoDcTvDqHZTYfJLe"
          },
          "episode": null,
          "localTrack": null,
          "addedDate": "2022-04-24"
        },
        {
          "track": {
            "trackName": "Numb Little Bug",
            "artistName": "Em Beihold",
            "albumName": "Numb Little Bug",
            "trackUri": "spotify:track:3o9kpgkIcffx0iSwxhuNI2"
          },
          "episode": null,
          "localTrack": null,
          "addedDate": "2022-07-04"
        },
        {
          "track": {
            "trackName": "Low Brow",
            "artistName": "Rae Morris",
            "albumName": "Rachel@Fairyland",
            "trackUri": "spotify:track:7zlMmCrMYzO47H0nuEzLuD"
          },
          "episode": null,
          "localTrack": null,
          "addedDate": "2022-07-09"
        },
        {
          "track": {
            "trackName": "Third Wheel",
            "artistName": "Zoe Wees",
            "albumName": "Third Wheel",
            "trackUri": "spotify:track:1RF6WXFDCKPnk5HrtzF7Cn"
          },
          "episode": null,
          "localTrack": null,
          "addedDate": "2022-08-03"
        },
        {
          "track": {
            "trackName": "NIGHTS LIKE THESE",
            "artistName": "Benson Boone",
            "albumName": "Walk Me Home...",
            "trackUri": "spotify:track:33vZRjxJScapmRShRJq8I0"
          },
          "episode": null,
          "localTrack": null,
          "addedDate": "2022-08-03"
        },
        {
          "track": {
            "trackName": "I Ain't Worried",
            "artistName": "OneRepublic",
            "albumName": "I Ain’t Worried",
            "trackUri": "spotify:track:4h9wh7iOZ0GGn8QVp4RAOB"
          },
          "episode": null,
          "localTrack": null,
          "addedDate": "2022-10-02"
        }
      ],
      "description": null,
      "numberOfFollowers": 0
    }
  ]
}
