[
  {
    "endTime" : "2022-04-25 07:49",
    "artistName" : "6LACK",
    "trackName" : "Thugger’s Interlude",
    "msPlayed" : 71997
  },
  {
    "endTime" : "2022-04-25 07:52",
    "artistName" : "6LACK",
    "trackName" : "Balenciaga Challenge (feat. Offset)",
    "msPlayed" : 187216
  },
  {
    "endTime" : "2022-04-25 07:55",
    "artistName" : "6LACK",
    "trackName" : "Scripture",
    "msPlayed" : 176647
  },
  {
    "endTime" : "2022-05-05 05:53",
    "artistName" : "Rex Orange County",
    "trackName" : "KEEP IT UP",
    "msPlayed" : 183000
  },
  {
    "endTime" : "2022-05-05 06:02",
    "artistName" : "Rex Orange County",
    "trackName" : "OPEN A WINDOW (feat. Tyler, The Creator)",
    "msPlayed" : 218586
  },
  {
    "endTime" : "2022-05-05 06:05",
    "artistName" : "Rex Orange County",
    "trackName" : "WORTH IT",
    "msPlayed" : 164733
  },
  {
    "endTime" : "2022-05-05 06:08",
    "artistName" : "Rex Orange County",
    "trackName" : "AMAZING",
    "msPlayed" : 209200
  },
  {
    "endTime" : "2022-05-05 06:11",
    "artistName" : "Rex Orange County",
    "trackName" : "ONE IN A MILLION",
    "msPlayed" : 194893
  },
  {
    "endTime" : "2022-05-05 06:18",
    "artistName" : "Rex Orange County",
    "trackName" : "IF YOU WANT IT",
    "msPlayed" : 373716
  },
  {
    "endTime" : "2022-05-05 06:21",
    "artistName" : "Rex Orange County",
    "trackName" : "7AM",
    "msPlayed" : 199200
  },
  {
    "endTime" : "2022-05-05 06:24",
    "artistName" : "Rex Orange County",
    "trackName" : "THE SHADE",
    "msPlayed" : 181506
  },
  {
    "endTime" : "2022-05-05 06:26",
    "artistName" : "Rex Orange County",
    "trackName" : "MAKING TIME",
    "msPlayed" : 115400
  },
  {
    "endTime" : "2022-05-05 06:31",
    "artistName" : "Rex Orange County",
    "trackName" : "SHOOT ME DOWN",
    "msPlayed" : 292466
  },
  {
    "endTime" : "2022-05-05 06:33",
    "artistName" : "Rex Orange County",
    "trackName" : "WHO CARES?",
    "msPlayed" : 149480
  },
  {
    "endTime" : "2022-05-05 06:37",
    "artistName" : "Rex Orange County",
    "trackName" : "KEEP IT UP",
    "msPlayed" : 183000
  },
  {
    "endTime" : "2022-05-05 06:42",
    "artistName" : "Rex Orange County",
    "trackName" : "OPEN A WINDOW (feat. Tyler, The Creator)",
    "msPlayed" : 218586
  },
  {
    "endTime" : "2022-05-05 06:45",
    "artistName" : "Rex Orange County",
    "trackName" : "WORTH IT",
    "msPlayed" : 164733
  },
  {
    "endTime" : "2022-05-05 06:48",
    "artistName" : "Rex Orange County",
    "trackName" : "AMAZING",
    "msPlayed" : 209200
  },
  {
    "endTime" : "2022-05-05 06:49",
    "artistName" : "Rex Orange County",
    "trackName" : "ONE IN A MILLION",
    "msPlayed" : 14407
  },
  {
    "endTime" : "2022-05-05 06:50",
    "artistName" : "Miwata",
    "trackName" : "Weg heraus",
    "msPlayed" : 15860
  },
  {
    "endTime" : "2022-05-05 06:50",
    "artistName" : "Miwata",
    "trackName" : "Phantasiewelt",
    "msPlayed" : 1190
  },
  {
    "endTime" : "2022-05-05 06:50",
    "artistName" : "Miwata",
    "trackName" : "Nur zu Besuch",
    "msPlayed" : 2217
  },
  {
    "endTime" : "2022-05-05 06:50",
    "artistName" : "Mac Miller",
    "trackName" : "Hurt Feelings",
    "msPlayed" : 2264
  },
  {
    "endTime" : "2022-05-05 06:50",
    "artistName" : "Mac Miller",
    "trackName" : "Come Back to Earth",
    "msPlayed" : 77200
  },
  {
    "endTime" : "2022-05-05 06:53",
    "artistName" : "Miwata",
    "trackName" : "Über mich hinaus",
    "msPlayed" : 13831
  },
  {
    "endTime" : "2022-05-05 06:53",
    "artistName" : "Miwata",
    "trackName" : "Nie mehr weg",
    "msPlayed" : 184928
  },
  {
    "endTime" : "2022-05-05 06:54",
    "artistName" : "Miwata",
    "trackName" : "So wie du bist",
    "msPlayed" : 29437
  },
  {
    "endTime" : "2022-05-05 06:54",
    "artistName" : "Miwata",
    "trackName" : "Irgendwann",
    "msPlayed" : 1337
  },
  {
    "endTime" : "2022-05-05 06:57",
    "artistName" : "Miwata",
    "trackName" : "Oh Baby",
    "msPlayed" : 183245
  },
  {
    "endTime" : "2022-05-05 07:00",
    "artistName" : "Miwata",
    "trackName" : "Für immer",
    "msPlayed" : 186993
  },
  {
    "endTime" : "2022-05-05 07:01",
    "artistName" : "Miwata",
    "trackName" : "Was fehlt dir",
    "msPlayed" : 9417
  },
  {
    "endTime" : "2022-05-05 07:01",
    "artistName" : "Miwata",
    "trackName" : "Wie soll ich sein",
    "msPlayed" : 3062
  },
  {
    "endTime" : "2022-05-05 07:01",
    "artistName" : "Miwata",
    "trackName" : "Eukalyptus",
    "msPlayed" : 20036
  },
  {
    "endTime" : "2022-05-05 07:04",
    "artistName" : "Miwata",
    "trackName" : "Entkommen",
    "msPlayed" : 189921
  },
  {
    "endTime" : "2022-05-05 07:06",
    "artistName" : "Rakede",
    "trackName" : "Dicker Bass / dünnes Kabel",
    "msPlayed" : 8934
  },
  {
    "endTime" : "2022-05-05 07:09",
    "artistName" : "Rakede",
    "trackName" : "Mach die Augen zu",
    "msPlayed" : 185986
  },
  {
    "endTime" : "2022-05-05 07:13",
    "artistName" : "Rakede",
    "trackName" : "Nimmst du mich mit",
    "msPlayed" : 233746
  },
  {
    "endTime" : "2022-05-05 07:14",
    "artistName" : "Rakede",
    "trackName" : "Tijuana, Japan",
    "msPlayed" : 35026
  },
  {
    "endTime" : "2022-05-05 07:17",
    "artistName" : "Rakede",
    "trackName" : "Mein schönster Tag in deinem Leben",
    "msPlayed" : 12314
  },
  {
    "endTime" : "2022-05-05 07:17",
    "artistName" : "Rakede",
    "trackName" : "Bruce Lee",
    "msPlayed" : 192093
  },
  {
    "endTime" : "2022-05-05 07:18",
    "artistName" : "Rakede",
    "trackName" : "Affe und die Bohnenranke",
    "msPlayed" : 31493
  },
  {
    "endTime" : "2022-05-05 07:18",
    "artistName" : "Rakede",
    "trackName" : "Keine Liebe",
    "msPlayed" : 25689
  },
  {
    "endTime" : "2022-05-05 07:19",
    "artistName" : "Rakede",
    "trackName" : "Olympia Beach",
    "msPlayed" : 32146
  },
  {
    "endTime" : "2022-05-05 07:22",
    "artistName" : "Rakede",
    "trackName" : "Es geht mir gut",
    "msPlayed" : 204720
  },
  {
    "endTime" : "2022-05-05 07:23",
    "artistName" : "Rakede",
    "trackName" : "Boogiemann",
    "msPlayed" : 8307
  },
  {
    "endTime" : "2022-05-05 07:23",
    "artistName" : "Rakede",
    "trackName" : "Pest im Paradies",
    "msPlayed" : 16430
  },
  {
    "endTime" : "2022-05-05 07:23",
    "artistName" : "Rakede",
    "trackName" : "Flug Null Acht Eins Fünf",
    "msPlayed" : 19468
  },
  {
    "endTime" : "2022-05-05 07:24",
    "artistName" : "Rakede",
    "trackName" : "Papa",
    "msPlayed" : 17167
  },
  {
    "endTime" : "2022-05-05 07:32",
    "artistName" : "Rakede",
    "trackName" : "Schwarz",
    "msPlayed" : 518377
  },
  {
    "endTime" : "2022-05-05 13:53",
    "artistName" : "Kali Uchis",
    "trackName" : "Just A Stranger (feat. Steve Lacy)",
    "msPlayed" : 1866
  },
  {
    "endTime" : "2022-05-05 13:53",
    "artistName" : "Kali Uchis",
    "trackName" : "Body Language - Intro",
    "msPlayed" : 3970
  },
  {
    "endTime" : "2022-05-05 13:54",
    "artistName" : "Kali Uchis",
    "trackName" : "Your Teeth In My Neck",
    "msPlayed" : 39150
  },
  {
    "endTime" : "2022-05-05 13:57",
    "artistName" : "Kali Uchis",
    "trackName" : "Tyrant (feat. Jorja Smith)",
    "msPlayed" : 204289
  },
  {
    "endTime" : "2022-05-05 14:00",
    "artistName" : "Kali Uchis",
    "trackName" : "In My Dreams",
    "msPlayed" : 2203
  },
  {
    "endTime" : "2022-05-05 14:00",
    "artistName" : "Kali Uchis",
    "trackName" : "Dead To Me",
    "msPlayed" : 199505
  },
  {
    "endTime" : "2022-05-05 14:00",
    "artistName" : "Kali Uchis",
    "trackName" : "Gotta Get Up - Interlude",
    "msPlayed" : 5545
  },
  {
    "endTime" : "2022-05-05 14:00",
    "artistName" : "Kali Uchis",
    "trackName" : "Nuestro Planeta (feat. Reykon)",
    "msPlayed" : 2296
  },
  {
    "endTime" : "2022-05-05 14:13",
    "artistName" : "Kali Uchis",
    "trackName" : "Tomorrow",
    "msPlayed" : 140623
  },
  {
    "endTime" : "2022-05-05 17:39",
    "artistName" : "Kali Uchis",
    "trackName" : "Tomorrow",
    "msPlayed" : 49900
  },
  {
    "endTime" : "2022-05-05 17:42",
    "artistName" : "Kali Uchis",
    "trackName" : "Coming Home - Interlude",
    "msPlayed" : 159852
  },
  {
    "endTime" : "2022-05-05 17:45",
    "artistName" : "Kali Uchis",
    "trackName" : "After The Storm (feat. Tyler, The Creator & Bootsy Collins)",
    "msPlayed" : 207454
  },
  {
    "endTime" : "2022-05-05 17:48",
    "artistName" : "Kali Uchis",
    "trackName" : "Feel Like A Fool",
    "msPlayed" : 185239
  },
  {
    "endTime" : "2022-05-05 17:51",
    "artistName" : "Kali Uchis",
    "trackName" : "Killer",
    "msPlayed" : 172357
  },
  {
    "endTime" : "2022-05-05 17:53",
    "artistName" : "Kali Uchis",
    "trackName" : "telepatía",
    "msPlayed" : 109667
  },
  {
    "endTime" : "2022-05-13 17:38",
    "artistName" : "A$AP Rocky",
    "trackName" : "Goldie",
    "msPlayed" : 23560
  },
  {
    "endTime" : "2022-05-13 17:41",
    "artistName" : "Glass Animals",
    "trackName" : "Tangerine",
    "msPlayed" : 200583
  },
  {
    "endTime" : "2022-05-13 17:45",
    "artistName" : "Calvin Harris",
    "trackName" : "Feels (feat. Pharrell Williams, Katy Perry & Big Sean)",
    "msPlayed" : 223413
  },
  {
    "endTime" : "2022-05-13 17:49",
    "artistName" : "Skrillex",
    "trackName" : "Would You Ever",
    "msPlayed" : 234285
  },
  {
    "endTime" : "2022-05-13 17:52",
    "artistName" : "Childish Gambino",
    "trackName" : "Summertime Magic",
    "msPlayed" : 213600
  },
  {
    "endTime" : "2022-05-13 17:55",
    "artistName" : "UPSAHL",
    "trackName" : "Melatonin",
    "msPlayed" : 187160
  },
  {
    "endTime" : "2022-05-13 17:56",
    "artistName" : "THE ANXIETY",
    "trackName" : "Poolside",
    "msPlayed" : 14943
  },
  {
    "endTime" : "2022-05-13 18:08",
    "artistName" : "Benji.",
    "trackName" : "Black Satin",
    "msPlayed" : 169423
  },
  {
    "endTime" : "2022-05-20 10:38",
    "artistName" : "Harry Styles",
    "trackName" : "As It Was",
    "msPlayed" : 167303
  },
  {
    "endTime" : "2022-05-20 10:41",
    "artistName" : "Harry Styles",
    "trackName" : "Daylight",
    "msPlayed" : 164533
  },
  {
    "endTime" : "2022-05-20 10:44",
    "artistName" : "Harry Styles",
    "trackName" : "Little Freak",
    "msPlayed" : 202183
  },
  {
    "endTime" : "2022-05-20 10:48",
    "artistName" : "Harry Styles",
    "trackName" : "Matilda",
    "msPlayed" : 245964
  },
  {
    "endTime" : "2022-05-20 10:53",
    "artistName" : "Harry Styles",
    "trackName" : "Cinema",
    "msPlayed" : 243507
  },
  {
    "endTime" : "2022-05-20 10:57",
    "artistName" : "Harry Styles",
    "trackName" : "Daydreaming",
    "msPlayed" : 182745
  },
  {
    "endTime" : "2022-05-20 10:59",
    "artistName" : "Reo Cragun",
    "trackName" : "Light Show",
    "msPlayed" : 120950
  },
  {
    "endTime" : "2022-05-20 13:38",
    "artistName" : "Harry Styles",
    "trackName" : "Music For a Sushi Restaurant",
    "msPlayed" : 193813
  },
  {
    "endTime" : "2022-05-20 13:41",
    "artistName" : "Harry Styles",
    "trackName" : "Late Night Talking",
    "msPlayed" : 177954
  },
  {
    "endTime" : "2022-05-20 13:44",
    "artistName" : "Harry Styles",
    "trackName" : "As It Was",
    "msPlayed" : 1649
  },
  {
    "endTime" : "2022-05-20 13:44",
    "artistName" : "Harry Styles",
    "trackName" : "As It Was",
    "msPlayed" : 7177
  },
  {
    "endTime" : "2022-05-20 13:44",
    "artistName" : "Harry Styles",
    "trackName" : "Grapejuice",
    "msPlayed" : 191958
  },
  {
    "endTime" : "2022-05-20 13:44",
    "artistName" : "Harry Styles",
    "trackName" : "Daylight",
    "msPlayed" : 729
  },
  {
    "endTime" : "2022-05-20 13:47",
    "artistName" : "Harry Styles",
    "trackName" : "Daylight",
    "msPlayed" : 164533
  },
  {
    "endTime" : "2022-05-20 13:50",
    "artistName" : "Harry Styles",
    "trackName" : "Little Freak",
    "msPlayed" : 202183
  },
  {
    "endTime" : "2022-05-20 13:53",
    "artistName" : "Harry Styles",
    "trackName" : "Matilda",
    "msPlayed" : 170619
  },
  {
    "endTime" : "2022-05-20 13:56",
    "artistName" : "Reo Cragun",
    "trackName" : "Diary of A Loner",
    "msPlayed" : 161927
  },
  {
    "endTime" : "2022-05-20 13:58",
    "artistName" : "Reo Cragun",
    "trackName" : "My Life",
    "msPlayed" : 156864
  },
  {
    "endTime" : "2022-05-20 14:01",
    "artistName" : "Reo Cragun",
    "trackName" : "Verizon",
    "msPlayed" : 168000
  },
  {
    "endTime" : "2022-05-20 14:04",
    "artistName" : "Reo Cragun",
    "trackName" : "Starstruck",
    "msPlayed" : 147084
  },
  {
    "endTime" : "2022-05-20 14:11",
    "artistName" : "Reo Cragun",
    "trackName" : "Light Show",
    "msPlayed" : 157808
  },
  {
    "endTime" : "2022-05-20 14:14",
    "artistName" : "Reo Cragun",
    "trackName" : "Just My Luck",
    "msPlayed" : 167819
  },
  {
    "endTime" : "2022-05-20 14:16",
    "artistName" : "Reo Cragun",
    "trackName" : "Like it or Not",
    "msPlayed" : 141744
  },
  {
    "endTime" : "2022-05-20 14:20",
    "artistName" : "Reo Cragun",
    "trackName" : "Truer Vibes",
    "msPlayed" : 184000
  },
  {
    "endTime" : "2022-05-20 14:23",
    "artistName" : "Reo Cragun",
    "trackName" : "Crazy4u",
    "msPlayed" : 200727
  },
  {
    "endTime" : "2022-05-20 14:26",
    "artistName" : "Reo Cragun",
    "trackName" : "Hundred Million",
    "msPlayed" : 170467
  },
  {
    "endTime" : "2022-05-20 14:27",
    "artistName" : "Reo Cragun",
    "trackName" : "Pills",
    "msPlayed" : 70022
  },
  {
    "endTime" : "2022-05-20 14:30",
    "artistName" : "Reo Cragun",
    "trackName" : "Mile High",
    "msPlayed" : 175412
  },
  {
    "endTime" : "2022-05-20 16:21",
    "artistName" : "AJR",
    "trackName" : "Next Up Forever",
    "msPlayed" : 1593
  },
  {
    "endTime" : "2022-05-20 16:21",
    "artistName" : "AJR",
    "trackName" : "Birthday Party",
    "msPlayed" : 1231
  },
  {
    "endTime" : "2022-05-20 16:24",
    "artistName" : "AJR",
    "trackName" : "100 Bad Days",
    "msPlayed" : 210991
  },
  {
    "endTime" : "2022-05-20 16:28",
    "artistName" : "AJR",
    "trackName" : "Don't Throw Out My Legos",
    "msPlayed" : 250839
  },
  {
    "endTime" : "2022-05-20 16:39",
    "artistName" : "AJR",
    "trackName" : "Break My Face",
    "msPlayed" : 226335
  },
  {
    "endTime" : "2022-05-20 16:57",
    "artistName" : "AJR",
    "trackName" : "Turning Out Pt. ii",
    "msPlayed" : 165296
  },
  {
    "endTime" : "2022-05-20 16:57",
    "artistName" : "AJR",
    "trackName" : "Turning Out Pt. ii",
    "msPlayed" : 970
  },
  {
    "endTime" : "2022-05-20 17:00",
    "artistName" : "AJR",
    "trackName" : "The Entertainment's Here",
    "msPlayed" : 187263
  },
  {
    "endTime" : "2022-05-20 17:02",
    "artistName" : "AJR",
    "trackName" : "Karma",
    "msPlayed" : 90005
  },
  {
    "endTime" : "2022-05-20 17:10",
    "artistName" : "AJR",
    "trackName" : "Karma",
    "msPlayed" : 243353
  },
  {
    "endTime" : "2022-05-20 17:13",
    "artistName" : "AJR",
    "trackName" : "Beats",
    "msPlayed" : 198571
  },
  {
    "endTime" : "2022-05-20 17:20",
    "artistName" : "AJR",
    "trackName" : "Wow, I'm Not Crazy",
    "msPlayed" : 196762
  },
  {
    "endTime" : "2022-05-20 17:22",
    "artistName" : "AJR",
    "trackName" : "Dear Winter",
    "msPlayed" : 106297
  },
  {
    "endTime" : "2022-05-20 17:27",
    "artistName" : "AJR",
    "trackName" : "Finale (Can't Wait To See What You Do Next)",
    "msPlayed" : 277711
  },
  {
    "endTime" : "2022-05-20 17:32",
    "artistName" : "AJR",
    "trackName" : "Don't Throw Out My Legos",
    "msPlayed" : 119240
  },
  {
    "endTime" : "2022-05-20 17:32",
    "artistName" : "AJR",
    "trackName" : "Overture",
    "msPlayed" : 2782
  },
  {
    "endTime" : "2022-05-20 17:32",
    "artistName" : "AJR",
    "trackName" : "Big White Bed",
    "msPlayed" : 565
  },
  {
    "endTime" : "2022-05-20 17:38",
    "artistName" : "AJR",
    "trackName" : "Infinity",
    "msPlayed" : 180059
  },
  {
    "endTime" : "2022-05-20 17:41",
    "artistName" : "AJR",
    "trackName" : "I'm Ready",
    "msPlayed" : 227311
  },
  {
    "endTime" : "2022-05-20 17:46",
    "artistName" : "AJR",
    "trackName" : "My Calling",
    "msPlayed" : 236400
  },
  {
    "endTime" : "2022-05-20 17:49",
    "artistName" : "AJR",
    "trackName" : "Thirsty",
    "msPlayed" : 182146
  },
  {
    "endTime" : "2022-05-20 17:53",
    "artistName" : "AJR",
    "trackName" : "Pitchfork Kids",
    "msPlayed" : 212760
  },
  {
    "endTime" : "2022-05-20 17:56",
    "artistName" : "AJR",
    "trackName" : "Woody Allen",
    "msPlayed" : 224846
  },
  {
    "endTime" : "2022-05-20 18:00",
    "artistName" : "AJR",
    "trackName" : "Livin' on Love",
    "msPlayed" : 221413
  },
  {
    "endTime" : "2022-05-20 18:01",
    "artistName" : "AJR",
    "trackName" : "Big White Bed",
    "msPlayed" : 43251
  },
  {
    "endTime" : "2022-05-20 18:28",
    "artistName" : "AJR",
    "trackName" : "The World Is a Marble Heart",
    "msPlayed" : 5503
  },
  {
    "endTime" : "2022-06-17 14:47",
    "artistName" : "SG Lewis",
    "trackName" : "Feed The Fire (feat. Lucky Daye)",
    "msPlayed" : 245471
  },
  {
    "endTime" : "2022-06-17 14:51",
    "artistName" : "THE ANXIETY",
    "trackName" : "Poolside",
    "msPlayed" : 224026
  },
  {
    "endTime" : "2022-06-17 14:54",
    "artistName" : "Remi Wolf",
    "trackName" : "Photo ID (with Dominic Fike)",
    "msPlayed" : 209970
  },
  {
    "endTime" : "2022-06-17 14:58",
    "artistName" : "Childish Gambino",
    "trackName" : "Summertime Magic",
    "msPlayed" : 213600
  },
  {
    "endTime" : "2022-06-17 15:01",
    "artistName" : "Luude",
    "trackName" : "Down Under - feat. Colin Hay",
    "msPlayed" : 158774
  },
  {
    "endTime" : "2022-06-17 15:07",
    "artistName" : "Planet Giza",
    "trackName" : "Hands On",
    "msPlayed" : 366545
  },
  {
    "endTime" : "2022-06-17 15:09",
    "artistName" : "A$AP Rocky",
    "trackName" : "Sundress",
    "msPlayed" : 158205
  },
  {
    "endTime" : "2022-06-17 15:13",
    "artistName" : "Tyler, The Creator",
    "trackName" : "EARFQUAKE",
    "msPlayed" : 190066
  },
  {
    "endTime" : "2022-06-17 15:16",
    "artistName" : "Benji.",
    "trackName" : "Black Satin",
    "msPlayed" : 192045
  },
  {
    "endTime" : "2022-06-17 15:20",
    "artistName" : "Justice",
    "trackName" : "D.A.N.C.E",
    "msPlayed" : 242266
  },
  {
    "endTime" : "2022-06-17 15:23",
    "artistName" : "Martin Garrix",
    "trackName" : "Summer Days (feat. Macklemore & Patrick Stump of Fall Out Boy)",
    "msPlayed" : 163804
  },
  {
    "endTime" : "2022-06-17 15:26",
    "artistName" : "Calvin Harris",
    "trackName" : "Feels (feat. Pharrell Williams, Katy Perry & Big Sean)",
    "msPlayed" : 1433
  },
  {
    "endTime" : "2022-06-17 15:26",
    "artistName" : "Marteria",
    "trackName" : "Niemand bringt Marten um",
    "msPlayed" : 195319
  },
  {
    "endTime" : "2022-06-17 15:29",
    "artistName" : "Skrillex",
    "trackName" : "Would You Ever",
    "msPlayed" : 165611
  },
  {
    "endTime" : "2022-06-17 15:33",
    "artistName" : "Rakede",
    "trackName" : "Sonne",
    "msPlayed" : 246053
  },
  {
    "endTime" : "2022-06-17 15:36",
    "artistName" : "Rakede",
    "trackName" : "Jetzt gehst du weg",
    "msPlayed" : 170673
  },
  {
    "endTime" : "2022-06-17 15:39",
    "artistName" : "Twenty One Pilots",
    "trackName" : "Good Day",
    "msPlayed" : 204400
  },
  {
    "endTime" : "2022-06-17 15:42",
    "artistName" : "CRO",
    "trackName" : "GOOD VIBES",
    "msPlayed" : 159000
  },
  {
    "endTime" : "2022-06-17 15:46",
    "artistName" : "The Knocks",
    "trackName" : "R U HIGH (feat. Mallrat)",
    "msPlayed" : 239456
  },
  {
    "endTime" : "2022-06-17 15:50",
    "artistName" : "Ferdinand fka Left Boy",
    "trackName" : "Every Single Summer",
    "msPlayed" : 272000
  },
  {
    "endTime" : "2022-06-17 15:54",
    "artistName" : "Purple Disco Machine",
    "trackName" : "Fireworks (feat. Moss Kena & The Knocks)",
    "msPlayed" : 199476
  },
  {
    "endTime" : "2022-06-17 15:57",
    "artistName" : "Mac Miller",
    "trackName" : "Complicated",
    "msPlayed" : 232211
  },
  {
    "endTime" : "2022-06-17 16:02",
    "artistName" : "A$AP Rocky",
    "trackName" : "Everyday (feat. Rod Stewart, Miguel & Mark Ronson)",
    "msPlayed" : 260986
  },
  {
    "endTime" : "2022-06-17 16:05",
    "artistName" : "Don Diablo",
    "trackName" : "Problems",
    "msPlayed" : 179032
  },
  {
    "endTime" : "2022-06-17 16:08",
    "artistName" : "Von Wegen Lisbeth",
    "trackName" : "Sushi",
    "msPlayed" : 191800
  },
  {
    "endTime" : "2022-06-17 16:11",
    "artistName" : "Glass Animals",
    "trackName" : "Tangerine",
    "msPlayed" : 200583
  },
  {
    "endTime" : "2022-06-17 16:14",
    "artistName" : "Whethan",
    "trackName" : "Clouds (feat. The Wombats)",
    "msPlayed" : 168062
  },
  {
    "endTime" : "2022-06-17 16:17",
    "artistName" : "UPSAHL",
    "trackName" : "Melatonin",
    "msPlayed" : 187160
  },
  {
    "endTime" : "2022-06-17 16:20",
    "artistName" : "Marteria",
    "trackName" : "Marilyn",
    "msPlayed" : 173997
  },
  {
    "endTime" : "2022-06-17 16:28",
    "artistName" : "Purple Disco Machine",
    "trackName" : "Wake Up! (feat. Kaleta)",
    "msPlayed" : 232745
  },
  {
    "endTime" : "2022-06-17 18:59",
    "artistName" : "Kendrick Lamar",
    "trackName" : "Savior",
    "msPlayed" : 50192
  },
  {
    "endTime" : "2022-06-17 19:01",
    "artistName" : "easy life",
    "trackName" : "a message to myself",
    "msPlayed" : 128900
  },
  {
    "endTime" : "2022-06-17 19:05",
    "artistName" : "easy life",
    "trackName" : "have a great day",
    "msPlayed" : 202090
  },
  {
    "endTime" : "2022-06-17 19:08",
    "artistName" : "easy life",
    "trackName" : "ocean view",
    "msPlayed" : 174735
  },
  {
    "endTime" : "2022-06-17 19:11",
    "artistName" : "easy life",
    "trackName" : "skeletons",
    "msPlayed" : 178713
  },
  {
    "endTime" : "2022-06-17 19:14",
    "artistName" : "easy life",
    "trackName" : "life's a beach (interlude)",
    "msPlayed" : 33105
  },
  {
    "endTime" : "2022-06-17 19:14",
    "artistName" : "easy life",
    "trackName" : "daydreams",
    "msPlayed" : 155845
  },
  {
    "endTime" : "2022-06-17 19:17",
    "artistName" : "easy life",
    "trackName" : "living strange",
    "msPlayed" : 151738
  },
  {
    "endTime" : "2022-06-17 19:24",
    "artistName" : "easy life",
    "trackName" : "compliments",
    "msPlayed" : 206663
  },
  {
    "endTime" : "2022-06-17 19:25",
    "artistName" : "easy life",
    "trackName" : "lifeboat",
    "msPlayed" : 55316
  },
  {
    "endTime" : "2022-06-17 19:27",
    "artistName" : "01099",
    "trackName" : "Schnelle Brille",
    "msPlayed" : 138040
  },
  {
    "endTime" : "2022-06-17 19:30",
    "artistName" : "01099",
    "trackName" : "Sportlich",
    "msPlayed" : 176573
  },
  {
    "endTime" : "2022-06-17 19:32",
    "artistName" : "01099",
    "trackName" : "Dies & Das",
    "msPlayed" : 140466
  },
  {
    "endTime" : "2022-06-17 19:35",
    "artistName" : "01099",
    "trackName" : "Jacke Zu",
    "msPlayed" : 154000
  },
  {
    "endTime" : "2022-06-17 19:38",
    "artistName" : "01099",
    "trackName" : "Verträumt",
    "msPlayed" : 179924
  },
  {
    "endTime" : "2022-06-17 19:41",
    "artistName" : "01099",
    "trackName" : "Sportlich",
    "msPlayed" : 176573
  },
  {
    "endTime" : "2022-06-17 19:42",
    "artistName" : "01099",
    "trackName" : "Glücklich",
    "msPlayed" : 10196
  },
  {
    "endTime" : "2022-06-17 19:44",
    "artistName" : "01099",
    "trackName" : "Altbau",
    "msPlayed" : 139493
  },
  {
    "endTime" : "2022-06-17 19:47",
    "artistName" : "01099",
    "trackName" : "Regen",
    "msPlayed" : 159800
  },
  {
    "endTime" : "2022-06-17 19:50",
    "artistName" : "01099",
    "trackName" : "2000er",
    "msPlayed" : 183573
  },
  {
    "endTime" : "2022-06-17 19:50",
    "artistName" : "01099",
    "trackName" : "Vespa",
    "msPlayed" : 5893
  },
  {
    "endTime" : "2022-06-18 07:36",
    "artistName" : "James Hype",
    "trackName" : "Ferrari",
    "msPlayed" : 17590
  },
  {
    "endTime" : "2022-06-18 07:36",
    "artistName" : "Big Wild",
    "trackName" : "Awaken (Feel Alive)",
    "msPlayed" : 2218
  },
  {
    "endTime" : "2022-06-18 07:36",
    "artistName" : "chloe moriondo",
    "trackName" : "Dizzy (feat. Thomas Headon and Alfie Templeman)",
    "msPlayed" : 3780
  },
  {
    "endTime" : "2022-06-18 07:36",
    "artistName" : "Beach House",
    "trackName" : "Space Song",
    "msPlayed" : 16782
  },
  {
    "endTime" : "2022-06-18 07:37",
    "artistName" : "Emei",
    "trackName" : "Late To The Party",
    "msPlayed" : 21673
  },
  {
    "endTime" : "2022-06-18 07:37",
    "artistName" : "WizTheMc",
    "trackName" : "Catch Me",
    "msPlayed" : 9344
  },
  {
    "endTime" : "2022-06-18 07:37",
    "artistName" : "WizTheMc",
    "trackName" : "All My Friends Are Stoned",
    "msPlayed" : 10230
  },
  {
    "endTime" : "2022-06-18 07:39",
    "artistName" : "WizTheMc",
    "trackName" : "For A Minute",
    "msPlayed" : 108984
  },
  {
    "endTime" : "2022-06-18 07:42",
    "artistName" : "WizTheMc",
    "trackName" : "Sign",
    "msPlayed" : 195666
  },
  {
    "endTime" : "2022-06-18 07:47",
    "artistName" : "WizTheMc",
    "trackName" : "Do It Over",
    "msPlayed" : 13744
  },
  {
    "endTime" : "2022-06-18 07:47",
    "artistName" : "WizTheMc",
    "trackName" : "Leave",
    "msPlayed" : 33998
  },
  {
    "endTime" : "2022-06-18 07:50",
    "artistName" : "WizTheMc",
    "trackName" : "Fck Love",
    "msPlayed" : 179203
  },
  {
    "endTime" : "2022-06-18 07:51",
    "artistName" : "Harry Styles",
    "trackName" : "Late Night Talking",
    "msPlayed" : 19812
  },
  {
    "endTime" : "2022-06-18 07:51",
    "artistName" : "Harry Styles",
    "trackName" : "Matilda",
    "msPlayed" : 2866
  },
  {
    "endTime" : "2022-06-18 07:51",
    "artistName" : "Harry Styles",
    "trackName" : "Daylight",
    "msPlayed" : 24343
  },
  {
    "endTime" : "2022-06-18 17:30",
    "artistName" : "Diplo",
    "trackName" : "Let You Go (feat. Kareen Lomax)",
    "msPlayed" : 6772
  },
  {
    "endTime" : "2022-06-18 17:30",
    "artistName" : "Louis The Child",
    "trackName" : "So What (feat. A R I Z O N A)",
    "msPlayed" : 23
  },
  {
    "endTime" : "2022-06-18 17:30",
    "artistName" : "Don Diablo",
    "trackName" : "Problems",
    "msPlayed" : 1572
  },
  {
    "endTime" : "2022-06-18 17:30",
    "artistName" : "Jungle",
    "trackName" : "GOOD TIMES",
    "msPlayed" : 1760
  },
  {
    "endTime" : "2022-06-18 17:30",
    "artistName" : "Tensnake",
    "trackName" : "Antibodies - LP Giobbi Remix",
    "msPlayed" : 2930
  },
  {
    "endTime" : "2022-06-18 17:31",
    "artistName" : "Benji.",
    "trackName" : "Rain",
    "msPlayed" : 5353
  },
  {
    "endTime" : "2022-06-18 17:34",
    "artistName" : "Benji.",
    "trackName" : "Shine",
    "msPlayed" : 7955
  },
  {
    "endTime" : "2022-06-18 17:34",
    "artistName" : "Benji.",
    "trackName" : "Zola Rose",
    "msPlayed" : 190261
  },
  {
    "endTime" : "2022-06-18 17:34",
    "artistName" : "Benji.",
    "trackName" : "East Side Bounce",
    "msPlayed" : 6021
  },
  {
    "endTime" : "2022-06-25 05:32",
    "artistName" : "BROCKHAMPTON",
    "trackName" : "HEAT",
    "msPlayed" : 11655
  },
  {
    "endTime" : "2022-06-25 05:35",
    "artistName" : "BROCKHAMPTON",
    "trackName" : "SWIM",
    "msPlayed" : 213375
  },
  {
    "endTime" : "2022-06-25 05:36",
    "artistName" : "BROCKHAMPTON",
    "trackName" : "BUMP",
    "msPlayed" : 17146
  },
  {
    "endTime" : "2022-06-25 05:39",
    "artistName" : "BROCKHAMPTON",
    "trackName" : "SUGAR",
    "msPlayed" : 204533
  },
  {
    "endTime" : "2022-06-25 05:46",
    "artistName" : "BROCKHAMPTON",
    "trackName" : "BLEACH",
    "msPlayed" : 273151
  },
  {
    "endTime" : "2022-06-25 05:50",
    "artistName" : "BROCKHAMPTON",
    "trackName" : "FACE",
    "msPlayed" : 259000
  },
  {
    "endTime" : "2022-06-25 05:55",
    "artistName" : "BROCKHAMPTON",
    "trackName" : "SWEET",
    "msPlayed" : 274274
  },
  {
    "endTime" : "2022-06-25 05:58",
    "artistName" : "BROCKHAMPTON",
    "trackName" : "BOOGIE",
    "msPlayed" : 193154
  },
  {
    "endTime" : "2022-06-25 06:01",
    "artistName" : "BROCKHAMPTON",
    "trackName" : "BOY BYE",
    "msPlayed" : 142186
  },
  {
    "endTime" : "2022-06-25 06:01",
    "artistName" : "BROCKHAMPTON",
    "trackName" : "1999 WILDFIRE",
    "msPlayed" : 34362
  },
  {
    "endTime" : "2022-06-25 06:05",
    "artistName" : "BROCKHAMPTON",
    "trackName" : "SUMMER",
    "msPlayed" : 204939
  },
  {
    "endTime" : "2022-06-25 06:12",
    "artistName" : "BROCKHAMPTON",
    "trackName" : "GOLD",
    "msPlayed" : 266000
  },
  {
    "endTime" : "2022-06-25 06:23",
    "artistName" : "BROCKHAMPTON",
    "trackName" : "NO HALO",
    "msPlayed" : 21683
  },
  {
    "endTime" : "2022-06-25 06:31",
    "artistName" : "BROCKHAMPTON",
    "trackName" : "NO HALO",
    "msPlayed" : 238529
  },
  {
    "endTime" : "2022-06-25 06:34",
    "artistName" : "BROCKHAMPTON",
    "trackName" : "RENTAL",
    "msPlayed" : 213658
  },
  {
    "endTime" : "2022-06-25 06:38",
    "artistName" : "BROCKHAMPTON",
    "trackName" : "BANKROLL (feat. A$AP Rocky & A$AP Ferg)",
    "msPlayed" : 202560
  },
  {
    "endTime" : "2022-06-27 05:47",
    "artistName" : "Disclosure",
    "trackName" : "Latch",
    "msPlayed" : 29880
  },
  {
    "endTime" : "2022-06-27 05:47",
    "artistName" : "Lil Cobaine",
    "trackName" : "Let It Play",
    "msPlayed" : 7915
  },
  {
    "endTime" : "2022-06-27 05:51",
    "artistName" : "Kendrick Lamar",
    "trackName" : "Die Hard",
    "msPlayed" : 239026
  },
  {
    "endTime" : "2022-06-27 05:52",
    "artistName" : "Kendrick Lamar",
    "trackName" : "Count Me Out",
    "msPlayed" : 2132
  },
  {
    "endTime" : "2022-06-27 05:52",
    "artistName" : "Kendrick Lamar",
    "trackName" : "Father Time (feat. Sampha)",
    "msPlayed" : 18009
  },
  {
    "endTime" : "2022-06-27 05:57",
    "artistName" : "Kendrick Lamar",
    "trackName" : "Purple Hearts",
    "msPlayed" : 329295
  },
  {
    "endTime" : "2022-06-27 06:04",
    "artistName" : "Kendrick Lamar",
    "trackName" : "Count Me Out",
    "msPlayed" : 283642
  },
  {
    "endTime" : "2022-06-27 06:06",
    "artistName" : "Kendrick Lamar",
    "trackName" : "Crown",
    "msPlayed" : 90963
  },
  {
    "endTime" : "2022-07-12 13:09",
    "artistName" : "easy life",
    "trackName" : "DEAR MISS HOLLOWAY",
    "msPlayed" : 1410
  },
  {
    "endTime" : "2022-07-12 13:13",
    "artistName" : "Matisyahu",
    "trackName" : "Sunshine",
    "msPlayed" : 213080
  },
  {
    "endTime" : "2022-07-12 13:16",
    "artistName" : "Calvin Harris",
    "trackName" : "Summer",
    "msPlayed" : 222533
  },
  {
    "endTime" : "2022-07-12 13:20",
    "artistName" : "Calvin Harris",
    "trackName" : "Thinking About You (feat. Ayah Marar)",
    "msPlayed" : 247933
  },
  {
    "endTime" : "2022-07-12 13:25",
    "artistName" : "will.i.am",
    "trackName" : "This Is Love",
    "msPlayed" : 279026
  },
  {
    "endTime" : "2022-07-12 13:28",
    "artistName" : "Armin van Buuren",
    "trackName" : "Another You",
    "msPlayed" : 192306
  },
  {
    "endTime" : "2022-07-12 13:32",
    "artistName" : "CAZZETTE",
    "trackName" : "Together - Radio Edit",
    "msPlayed" : 188170
  },
  {
    "endTime" : "2022-07-12 13:35",
    "artistName" : "Felix Jaehn",
    "trackName" : "Book Of Love (feat. Polina)",
    "msPlayed" : 198438
  },
  {
    "endTime" : "2022-07-12 13:38",
    "artistName" : "Felix Jaehn",
    "trackName" : "Ain't Nobody (Loves Me Better) (feat. Jasmine Thompson)",
    "msPlayed" : 186146
  },
  {
    "endTime" : "2022-07-12 13:41",
    "artistName" : "Major Lazer",
    "trackName" : "Lean On (feat. MØ & DJ Snake)",
    "msPlayed" : 176561
  },
  {
    "endTime" : "2022-07-12 13:44",
    "artistName" : "Topic",
    "trackName" : "Real Stars",
    "msPlayed" : 206301
  },
  {
    "endTime" : "2022-07-12 13:49",
    "artistName" : "Disclosure",
    "trackName" : "You & Me - Flume Remix",
    "msPlayed" : 282812
  },
  {
    "endTime" : "2022-07-12 13:52",
    "artistName" : "Felix Jaehn",
    "trackName" : "Bonfire",
    "msPlayed" : 183003
  },
  {
    "endTime" : "2022-07-12 13:55",
    "artistName" : "Felix Jaehn",
    "trackName" : "Eagle Eyes (feat. Lost Frequencies & Linying) - Radio Edit",
    "msPlayed" : 195051
  },
  {
    "endTime" : "2022-07-12 13:59",
    "artistName" : "Galantis",
    "trackName" : "No Money",
    "msPlayed" : 189126
  },
  {
    "endTime" : "2022-07-12 14:11",
    "artistName" : "Izzy Bizu",
    "trackName" : "White Tiger - Single Version",
    "msPlayed" : 158908
  },
  {
    "endTime" : "2022-07-12 16:11",
    "artistName" : "Lemaitre",
    "trackName" : "Not Too Late",
    "msPlayed" : 196213
  },
  {
    "endTime" : "2022-07-12 16:15",
    "artistName" : "Isaac Dunbar",
    "trackName" : "Bleach",
    "msPlayed" : 219026
  },
  {
    "endTime" : "2022-07-12 16:19",
    "artistName" : "Disclosure",
    "trackName" : "Latch",
    "msPlayed" : 255631
  },
  {
    "endTime" : "2022-07-12 16:20",
    "artistName" : "Ravyn Lenae",
    "trackName" : "Computer Luv (feat. Steve Lacy)",
    "msPlayed" : 54958
  },
  {
    "endTime" : "2022-07-12 16:23",
    "artistName" : "Demi Lovato",
    "trackName" : "Cool for the Summer - Dave Audé Remix",
    "msPlayed" : 180480
  },
  {
    "endTime" : "2022-07-12 16:24",
    "artistName" : "Matisyahu",
    "trackName" : "Sunshine",
    "msPlayed" : 67768
  },
  {
    "endTime" : "2022-07-12 16:27",
    "artistName" : "James Mercy",
    "trackName" : "Take You On",
    "msPlayed" : 167089
  },
  {
    "endTime" : "2022-07-12 16:30",
    "artistName" : "Öwnboss",
    "trackName" : "Move Your Body",
    "msPlayed" : 157444
  },
  {
    "endTime" : "2022-07-12 16:30",
    "artistName" : "Calvin Harris",
    "trackName" : "Thinking About You (feat. Ayah Marar)",
    "msPlayed" : 23
  },
  {
    "endTime" : "2022-07-12 16:30",
    "artistName" : "will.i.am",
    "trackName" : "This Is Love",
    "msPlayed" : 6720
  },
  {
    "endTime" : "2022-07-12 16:30",
    "artistName" : "Calvin Harris",
    "trackName" : "Summer",
    "msPlayed" : 4075
  },
  {
    "endTime" : "2022-07-12 16:34",
    "artistName" : "Calvin Harris",
    "trackName" : "Thinking About You (feat. Ayah Marar)",
    "msPlayed" : 247933
  },
  {
    "endTime" : "2022-07-12 16:34",
    "artistName" : "will.i.am",
    "trackName" : "This Is Love",
    "msPlayed" : 4729
  },
  {
    "endTime" : "2022-07-12 16:38",
    "artistName" : "Armin van Buuren",
    "trackName" : "Another You",
    "msPlayed" : 192306
  },
  {
    "endTime" : "2022-07-12 16:41",
    "artistName" : "CAZZETTE",
    "trackName" : "Together - Radio Edit",
    "msPlayed" : 188170
  },
  {
    "endTime" : "2022-07-12 16:44",
    "artistName" : "Felix Jaehn",
    "trackName" : "Book Of Love (feat. Polina)",
    "msPlayed" : 198438
  },
  {
    "endTime" : "2022-07-12 16:47",
    "artistName" : "Felix Jaehn",
    "trackName" : "Ain't Nobody (Loves Me Better) (feat. Jasmine Thompson)",
    "msPlayed" : 186146
  },
  {
    "endTime" : "2022-07-12 16:50",
    "artistName" : "Major Lazer",
    "trackName" : "Lean On (feat. MØ & DJ Snake)",
    "msPlayed" : 176561
  },
  {
    "endTime" : "2022-07-12 16:54",
    "artistName" : "Topic",
    "trackName" : "Real Stars",
    "msPlayed" : 206301
  },
  {
    "endTime" : "2022-07-12 16:58",
    "artistName" : "Disclosure",
    "trackName" : "You & Me - Flume Remix",
    "msPlayed" : 282812
  },
  {
    "endTime" : "2022-07-12 17:01",
    "artistName" : "Felix Jaehn",
    "trackName" : "Bonfire",
    "msPlayed" : 183003
  },
  {
    "endTime" : "2022-07-12 17:05",
    "artistName" : "Felix Jaehn",
    "trackName" : "Eagle Eyes (feat. Lost Frequencies & Linying) - Radio Edit",
    "msPlayed" : 195051
  },
  {
    "endTime" : "2022-07-12 17:08",
    "artistName" : "Galantis",
    "trackName" : "No Money",
    "msPlayed" : 189126
  },
  {
    "endTime" : "2022-07-12 17:11",
    "artistName" : "Izzy Bizu",
    "trackName" : "White Tiger - Single Version",
    "msPlayed" : 180066
  },
  {
    "endTime" : "2022-07-12 17:14",
    "artistName" : "Timeflies",
    "trackName" : "Once In a While",
    "msPlayed" : 215160
  },
  {
    "endTime" : "2022-07-12 17:17",
    "artistName" : "Felix Jaehn",
    "trackName" : "Hot2Touch",
    "msPlayed" : 160825
  },
  {
    "endTime" : "2022-07-12 17:20",
    "artistName" : "King Topher",
    "trackName" : "Right Now (feat. TRM) - Sam Feldt Radio Edit",
    "msPlayed" : 197584
  },
  {
    "endTime" : "2022-07-12 17:23",
    "artistName" : "Ofenbach",
    "trackName" : "Be Mine",
    "msPlayed" : 161322
  },
  {
    "endTime" : "2022-07-12 18:21",
    "artistName" : "DJ Antoine",
    "trackName" : "Crazy World - Radio Edit",
    "msPlayed" : 1120
  },
  {
    "endTime" : "2022-07-12 18:24",
    "artistName" : "TOKiMONSTA",
    "trackName" : "Loved By U",
    "msPlayed" : 207813
  },
  {
    "endTime" : "2022-07-12 18:27",
    "artistName" : "John Summit",
    "trackName" : "Better Than This",
    "msPlayed" : 188160
  },
  {
    "endTime" : "2022-07-12 18:39",
    "artistName" : "TIEKS",
    "trackName" : "The Funk",
    "msPlayed" : 71586
  },
  {
    "endTime" : "2022-07-12 21:11",
    "artistName" : "Lana Del Rey",
    "trackName" : "Radio",
    "msPlayed" : 214586
  },
  {
    "endTime" : "2022-07-12 21:20",
    "artistName" : "Bazzi",
    "trackName" : "Miss America",
    "msPlayed" : 17513
  },
  {
    "endTime" : "2022-07-12 21:25",
    "artistName" : "Lana Del Rey",
    "trackName" : "Radio",
    "msPlayed" : 214586
  },
  {
    "endTime" : "2022-07-12 21:26",
    "artistName" : "Bazzi",
    "trackName" : "Miss America",
    "msPlayed" : 24673
  },
  {
    "endTime" : "2022-07-13 10:24",
    "artistName" : "Calvin Harris",
    "trackName" : "Feel So Close - Radio Edit",
    "msPlayed" : 206413
  },
  {
    "endTime" : "2022-07-13 10:27",
    "artistName" : "DJ Antoine",
    "trackName" : "Crazy World - Radio Edit",
    "msPlayed" : 193434
  },
  {
    "endTime" : "2022-07-13 10:31",
    "artistName" : "DJ Antoine",
    "trackName" : "Sky Is the Limit",
    "msPlayed" : 277799
  },
  {
    "endTime" : "2022-07-13 10:36",
    "artistName" : "Calvin Harris",
    "trackName" : "Drinking from the Bottle (feat. Tinie Tempah)",
    "msPlayed" : 240346
  },
  {
    "endTime" : "2022-07-13 10:40",
    "artistName" : "Martin Garrix",
    "trackName" : "Forbidden Voices",
    "msPlayed" : 230634
  },
  {
    "endTime" : "2022-07-13 10:41",
    "artistName" : "Lilly Wood and The Prick",
    "trackName" : "Prayer in C - Robin Schulz Radio Edit",
    "msPlayed" : 27883
  },
  {
    "endTime" : "2022-07-13 10:44",
    "artistName" : "Matisyahu",
    "trackName" : "Sunshine",
    "msPlayed" : 213080
  },
  {
    "endTime" : "2022-07-13 10:48",
    "artistName" : "Calvin Harris",
    "trackName" : "Summer",
    "msPlayed" : 222533
  },
  {
    "endTime" : "2022-07-13 10:52",
    "artistName" : "Calvin Harris",
    "trackName" : "Thinking About You (feat. Ayah Marar)",
    "msPlayed" : 247933
  },
  {
    "endTime" : "2022-07-13 10:57",
    "artistName" : "will.i.am",
    "trackName" : "This Is Love",
    "msPlayed" : 279026
  },
  {
    "endTime" : "2022-07-13 11:12",
    "artistName" : "Armin van Buuren",
    "trackName" : "Another You",
    "msPlayed" : 99546
  },
  {
    "endTime" : "2022-07-13 20:25",
    "artistName" : "Kodaline",
    "trackName" : "One Day",
    "msPlayed" : 120010
  },
  {
    "endTime" : "2022-07-13 20:28",
    "artistName" : "Kodaline",
    "trackName" : "One Day",
    "msPlayed" : 164591
  },
  {
    "endTime" : "2022-07-13 20:34",
    "artistName" : "Kodaline",
    "trackName" : "All I Want",
    "msPlayed" : 305746
  },
  {
    "endTime" : "2022-07-13 20:37",
    "artistName" : "Kodaline",
    "trackName" : "Love Like This",
    "msPlayed" : 216346
  },
  {
    "endTime" : "2022-07-13 20:41",
    "artistName" : "Kodaline",
    "trackName" : "High Hopes",
    "msPlayed" : 230266
  },
  {
    "endTime" : "2022-07-13 20:44",
    "artistName" : "Kodaline",
    "trackName" : "Brand New Day",
    "msPlayed" : 205280
  },
  {
    "endTime" : "2022-07-13 20:48",
    "artistName" : "Kodaline",
    "trackName" : "After the Fall",
    "msPlayed" : 215986
  },
  {
    "endTime" : "2022-07-13 20:52",
    "artistName" : "Kodaline",
    "trackName" : "Big Bad World",
    "msPlayed" : 261666
  },
  {
    "endTime" : "2022-07-13 20:57",
    "artistName" : "Kodaline",
    "trackName" : "All Comes Down",
    "msPlayed" : 295506
  },
  {
    "endTime" : "2022-07-13 21:02",
    "artistName" : "Kodaline",
    "trackName" : "Talk",
    "msPlayed" : 268360
  },
  {
    "endTime" : "2022-07-13 21:05",
    "artistName" : "Kodaline",
    "trackName" : "Pray",
    "msPlayed" : 213240
  },
  {
    "endTime" : "2022-07-13 21:09",
    "artistName" : "Kodaline",
    "trackName" : "Way Back When",
    "msPlayed" : 204280
  },
  {
    "endTime" : "2022-07-13 21:12",
    "artistName" : "Kodaline",
    "trackName" : "The Answer",
    "msPlayed" : 221626
  },
  {
    "endTime" : "2022-07-13 21:15",
    "artistName" : "Kodaline",
    "trackName" : "Perfect World",
    "msPlayed" : 172826
  },
  {
    "endTime" : "2022-07-13 21:20",
    "artistName" : "Kodaline",
    "trackName" : "Lose Your Mind",
    "msPlayed" : 285480
  },
  {
    "endTime" : "2022-07-13 21:24",
    "artistName" : "Kodaline",
    "trackName" : "Latch - Live",
    "msPlayed" : 217600
  },
  {
    "endTime" : "2022-07-14 07:28",
    "artistName" : "Ottolien",
    "trackName" : "Ganz Woanders",
    "msPlayed" : 181844
  },
  {
    "endTime" : "2022-07-20 09:47",
    "artistName" : "DJ Antoine",
    "trackName" : "Crazy World - Radio Edit",
    "msPlayed" : 0
  },
  {
    "endTime" : "2022-07-20 09:47",
    "artistName" : "Calvin Harris",
    "trackName" : "Feel So Close - Radio Edit",
    "msPlayed" : 0
  },
  {
    "endTime" : "2022-07-20 09:51",
    "artistName" : "Calvin Harris",
    "trackName" : "Feel So Close - Radio Edit",
    "msPlayed" : 206413
  },
  {
    "endTime" : "2022-07-20 09:56",
    "artistName" : "DJ Antoine",
    "trackName" : "Crazy World - Radio Edit",
    "msPlayed" : 119366
  },
  {
    "endTime" : "2022-07-20 10:11",
    "artistName" : "Calvin Harris",
    "trackName" : "Drinking from the Bottle (feat. Tinie Tempah)",
    "msPlayed" : 8233
  },
  {
    "endTime" : "2022-07-20 10:11",
    "artistName" : "Lilly Wood and The Prick",
    "trackName" : "Prayer in C - Robin Schulz Radio Edit",
    "msPlayed" : 956
  },
  {
    "endTime" : "2022-07-20 10:11",
    "artistName" : "DJ Antoine",
    "trackName" : "Sky Is the Limit",
    "msPlayed" : 640
  },
  {
    "endTime" : "2022-07-20 10:11",
    "artistName" : "Martin Garrix",
    "trackName" : "Forbidden Voices",
    "msPlayed" : 630
  },
  {
    "endTime" : "2022-07-20 10:15",
    "artistName" : "Martin Garrix",
    "trackName" : "Forbidden Voices",
    "msPlayed" : 230634
  },
  {
    "endTime" : "2022-07-20 10:18",
    "artistName" : "Lilly Wood and The Prick",
    "trackName" : "Prayer in C - Robin Schulz Radio Edit",
    "msPlayed" : 189413
  },
  {
    "endTime" : "2022-07-20 10:33",
    "artistName" : "Matisyahu",
    "trackName" : "Sunshine",
    "msPlayed" : 213080
  },
  {
    "endTime" : "2022-07-20 10:37",
    "artistName" : "Calvin Harris",
    "trackName" : "Summer",
    "msPlayed" : 222533
  },
  {
    "endTime" : "2022-07-20 10:41",
    "artistName" : "Calvin Harris",
    "trackName" : "Thinking About You (feat. Ayah Marar)",
    "msPlayed" : 247933
  },
  {
    "endTime" : "2022-07-20 10:46",
    "artistName" : "will.i.am",
    "trackName" : "This Is Love",
    "msPlayed" : 279026
  },
  {
    "endTime" : "2022-07-20 10:49",
    "artistName" : "Armin van Buuren",
    "trackName" : "Another You",
    "msPlayed" : 192306
  },
  {
    "endTime" : "2022-07-20 10:52",
    "artistName" : "CAZZETTE",
    "trackName" : "Together - Radio Edit",
    "msPlayed" : 188170
  },
  {
    "endTime" : "2022-07-20 10:55",
    "artistName" : "Felix Jaehn",
    "trackName" : "Book Of Love (feat. Polina)",
    "msPlayed" : 198438
  },
  {
    "endTime" : "2022-07-20 10:58",
    "artistName" : "Felix Jaehn",
    "trackName" : "Ain't Nobody (Loves Me Better) (feat. Jasmine Thompson)",
    "msPlayed" : 186146
  },
  {
    "endTime" : "2022-07-20 11:16",
    "artistName" : "Major Lazer",
    "trackName" : "Lean On (feat. MØ & DJ Snake)",
    "msPlayed" : 89635
  },
  {
    "endTime" : "2022-07-20 11:19",
    "artistName" : "Topic",
    "trackName" : "Real Stars",
    "msPlayed" : 206301
  },
  {
    "endTime" : "2022-07-20 11:24",
    "artistName" : "Disclosure",
    "trackName" : "You & Me - Flume Remix",
    "msPlayed" : 282812
  },
  {
    "endTime" : "2022-07-20 11:27",
    "artistName" : "Felix Jaehn",
    "trackName" : "Bonfire",
    "msPlayed" : 183003
  },
  {
    "endTime" : "2022-07-20 11:30",
    "artistName" : "Felix Jaehn",
    "trackName" : "Eagle Eyes (feat. Lost Frequencies & Linying) - Radio Edit",
    "msPlayed" : 195051
  },
  {
    "endTime" : "2022-07-20 11:50",
    "artistName" : "Galantis",
    "trackName" : "No Money",
    "msPlayed" : 189126
  },
  {
    "endTime" : "2022-07-20 11:53",
    "artistName" : "Izzy Bizu",
    "trackName" : "White Tiger - Single Version",
    "msPlayed" : 180066
  },
  {
    "endTime" : "2022-07-20 11:56",
    "artistName" : "Timeflies",
    "trackName" : "Once In a While",
    "msPlayed" : 215160
  },
  {
    "endTime" : "2022-07-20 11:59",
    "artistName" : "Felix Jaehn",
    "trackName" : "Hot2Touch",
    "msPlayed" : 160825
  },
  {
    "endTime" : "2022-07-20 11:59",
    "artistName" : "King Topher",
    "trackName" : "Right Now (feat. TRM) - Sam Feldt Radio Edit",
    "msPlayed" : 17077
  },
  {
    "endTime" : "2022-07-20 12:03",
    "artistName" : "KYLE",
    "trackName" : "Don't Wanna Fall In Love",
    "msPlayed" : 232368
  },
  {
    "endTime" : "2022-07-20 12:06",
    "artistName" : "Years & Years",
    "trackName" : "Starstruck",
    "msPlayed" : 207755
  },
  {
    "endTime" : "2022-07-20 12:09",
    "artistName" : "Yung Bae",
    "trackName" : "L.O.V.E. (feat. EARTHGANG, Jon Batiste & Sherwyn)",
    "msPlayed" : 169200
  },
  {
    "endTime" : "2022-07-20 12:13",
    "artistName" : "Shakka",
    "trackName" : "When Will I See You Again",
    "msPlayed" : 217999
  },
  {
    "endTime" : "2022-07-20 12:14",
    "artistName" : "Swiss",
    "trackName" : "Wo bist Du? (feat. Alligatoah)",
    "msPlayed" : 42316
  },
  {
    "endTime" : "2022-07-20 12:17",
    "artistName" : "Harry Styles",
    "trackName" : "Watermelon Sugar",
    "msPlayed" : 174000
  },
  {
    "endTime" : "2022-07-20 12:20",
    "artistName" : "almost monday",
    "trackName" : "sunburn",
    "msPlayed" : 173218
  },
  {
    "endTime" : "2022-07-20 12:20",
    "artistName" : "almost monday",
    "trackName" : "sun keeps on shining",
    "msPlayed" : 37010
  },
  {
    "endTime" : "2022-07-20 12:23",
    "artistName" : "Whethan",
    "trackName" : "Clouds (feat. The Wombats)",
    "msPlayed" : 168062
  },
  {
    "endTime" : "2022-07-20 12:27",
    "artistName" : "SG Lewis",
    "trackName" : "Feed The Fire (feat. Lucky Daye)",
    "msPlayed" : 245471
  },
  {
    "endTime" : "2022-07-20 12:30",
    "artistName" : "Don Diablo",
    "trackName" : "Problems",
    "msPlayed" : 179032
  },
  {
    "endTime" : "2022-07-20 12:34",
    "artistName" : "The Knocks",
    "trackName" : "R U HIGH (feat. Mallrat)",
    "msPlayed" : 239456
  },
  {
    "endTime" : "2022-07-20 12:37",
    "artistName" : "A$AP Rocky",
    "trackName" : "Sundress",
    "msPlayed" : 158205
  },
  {
    "endTime" : "2022-07-20 12:40",
    "artistName" : "Calvin Harris",
    "trackName" : "Feels (feat. Pharrell Williams, Katy Perry & Big Sean)",
    "msPlayed" : 223413
  },
  {
    "endTime" : "2022-07-20 12:41",
    "artistName" : "Skrillex",
    "trackName" : "Would You Ever",
    "msPlayed" : 14093
  },
  {
    "endTime" : "2022-07-20 12:50",
    "artistName" : "Childish Gambino",
    "trackName" : "Summertime Magic",
    "msPlayed" : 213600
  },
  {
    "endTime" : "2022-07-20 12:53",
    "artistName" : "UPSAHL",
    "trackName" : "Melatonin",
    "msPlayed" : 187160
  },
  {
    "endTime" : "2022-07-20 12:57",
    "artistName" : "THE ANXIETY",
    "trackName" : "Poolside",
    "msPlayed" : 224026
  },
  {
    "endTime" : "2022-07-20 13:01",
    "artistName" : "Justice",
    "trackName" : "D.A.N.C.E",
    "msPlayed" : 242266
  },
  {
    "endTime" : "2022-07-20 13:07",
    "artistName" : "Planet Giza",
    "trackName" : "Hands On",
    "msPlayed" : 366545
  },
  {
    "endTime" : "2022-07-20 13:11",
    "artistName" : "Remi Wolf",
    "trackName" : "Photo ID (with Dominic Fike)",
    "msPlayed" : 209970
  },
  {
    "endTime" : "2022-07-20 13:15",
    "artistName" : "Mac Miller",
    "trackName" : "Complicated",
    "msPlayed" : 232211
  },
  {
    "endTime" : "2022-07-20 13:17",
    "artistName" : "CRO",
    "trackName" : "GOOD VIBES",
    "msPlayed" : 159000
  },
  {
    "endTime" : "2022-07-20 13:20",
    "artistName" : "Swae Lee",
    "trackName" : "In The Dark (with Jhené Aiko)",
    "msPlayed" : 161146
  },
  {
    "endTime" : "2022-07-20 13:23",
    "artistName" : "Benji.",
    "trackName" : "Black Satin",
    "msPlayed" : 192045
  },
  {
    "endTime" : "2022-07-20 13:31",
    "artistName" : "Purple Disco Machine",
    "trackName" : "Fireworks (feat. Moss Kena & The Knocks)",
    "msPlayed" : 199476
  },
  {
    "endTime" : "2022-07-20 13:34",
    "artistName" : "Martin Garrix",
    "trackName" : "Summer Days (feat. Macklemore & Patrick Stump of Fall Out Boy)",
    "msPlayed" : 163804
  },
  {
    "endTime" : "2022-07-20 13:36",
    "artistName" : "Shakka",
    "trackName" : "When Will I See You Again",
    "msPlayed" : 134270
  },
  {
    "endTime" : "2022-07-20 13:39",
    "artistName" : "Major Lazer",
    "trackName" : "Light It Up (feat. Nyla & Fuse ODG) [Remix]",
    "msPlayed" : 166138
  },
  {
    "endTime" : "2022-07-20 13:39",
    "artistName" : "Lost Frequencies",
    "trackName" : "Are You with Me",
    "msPlayed" : 11000
  },
  {
    "endTime" : "2022-07-20 13:50",
    "artistName" : "Redondo",
    "trackName" : "Pure Shores",
    "msPlayed" : 4263
  },
  {
    "endTime" : "2022-07-20 14:44",
    "artistName" : "Outkast",
    "trackName" : "Ms. Jackson",
    "msPlayed" : 158797
  },
  {
    "endTime" : "2022-07-20 14:54",
    "artistName" : "Syn Cole",
    "trackName" : "Californication",
    "msPlayed" : 30120
  },
  {
    "endTime" : "2022-07-20 14:55",
    "artistName" : "Mark Ronson",
    "trackName" : "Uptown Funk (feat. Bruno Mars)",
    "msPlayed" : 1177
  },
  {
    "endTime" : "2022-07-20 14:55",
    "artistName" : "La Roux",
    "trackName" : "Bulletproof",
    "msPlayed" : 11382
  },
  {
    "endTime" : "2022-07-20 14:56",
    "artistName" : "Major Lazer",
    "trackName" : "Light It Up (feat. Nyla & Fuse ODG) [Remix]",
    "msPlayed" : 990
  },
  {
    "endTime" : "2022-07-20 14:56",
    "artistName" : "Yves V",
    "trackName" : "Not So Bad (feat. Emie)",
    "msPlayed" : 6285
  },
  {
    "endTime" : "2022-07-20 14:56",
    "artistName" : "Calvin Harris",
    "trackName" : "Outside (feat. Ellie Goulding)",
    "msPlayed" : 871
  },
  {
    "endTime" : "2022-07-21 07:30",
    "artistName" : "KAFFKIEZ",
    "trackName" : "Ohne Euch",
    "msPlayed" : 166173
  },
  {
    "endTime" : "2022-07-21 07:34",
    "artistName" : "KAFFKIEZ",
    "trackName" : "Du Sagst",
    "msPlayed" : 198373
  },
  {
    "endTime" : "2022-07-21 07:37",
    "artistName" : "KAFFKIEZ",
    "trackName" : "Vielleicht",
    "msPlayed" : 210630
  },
  {
    "endTime" : "2022-07-21 07:40",
    "artistName" : "KAFFKIEZ",
    "trackName" : "Alles Geht Vorbei",
    "msPlayed" : 202444
  },
  {
    "endTime" : "2022-07-21 07:43",
    "artistName" : "KAFFKIEZ",
    "trackName" : "Frei",
    "msPlayed" : 165419
  },
  {
    "endTime" : "2022-07-21 07:46",
    "artistName" : "KAFFKIEZ",
    "trackName" : "Du Bist Schuld",
    "msPlayed" : 188586
  },
  {
    "endTime" : "2022-07-21 07:49",
    "artistName" : "KAFFKIEZ",
    "trackName" : "Für Dich",
    "msPlayed" : 179343
  },
  {
    "endTime" : "2022-07-21 07:53",
    "artistName" : "KAFFKIEZ",
    "trackName" : "Oh Wien",
    "msPlayed" : 187843
  },
  {
    "endTime" : "2022-07-21 07:56",
    "artistName" : "KAFFKIEZ",
    "trackName" : "Matilda",
    "msPlayed" : 201861
  },
  {
    "endTime" : "2022-07-21 07:59",
    "artistName" : "KAFFKIEZ",
    "trackName" : "Himmelblau",
    "msPlayed" : 203945
  },
  {
    "endTime" : "2022-07-21 08:03",
    "artistName" : "KAFFKIEZ",
    "trackName" : "Nie Allein",
    "msPlayed" : 205403
  },
  {
    "endTime" : "2022-07-22 12:22",
    "artistName" : "Kendrick Lamar",
    "trackName" : "Money Trees",
    "msPlayed" : 353912
  },
  {
    "endTime" : "2022-07-22 12:22",
    "artistName" : "Kendrick Lamar",
    "trackName" : "Poetic Justice",
    "msPlayed" : 1976
  },
  {
    "endTime" : "2022-07-22 12:23",
    "artistName" : "Kendrick Lamar",
    "trackName" : "Swimming Pools (Drank) - Extended Version",
    "msPlayed" : 25737
  }
]
