{
  "watch_videos_v2": [
    {
      "video_title": "redacted",
      "user_action": "Weniger anzeigen",
      "action_time": "Fr, 1. Apr. 2022, 11:15",
      "feedback_collection": ""
    },
    {
      "video_title": "redacted",
      "user_action": "Weniger anzeigen",
      "action_time": "So, 6. M\u00c3\u00a4rz 2022, 19:51",
      "feedback_collection": ""
    },
    {
      "video_title": "redacted",
      "user_action": "Weniger anzeigen",
      "action_time": "So, 6. M\u00c3\u00a4rz 2022, 19:51",
      "feedback_collection": ""
    },
    {
      "video_title": "redacted",
      "user_action": "Weniger anzeigen",
      "action_time": "Mi, 5. Jan. 2022, 22:24",
      "feedback_collection": ""
    },
    {
      "video_title": "redacted",
      "user_action": "Weniger anzeigen",
      "action_time": "Mi, 5. Jan. 2022, 22:24",
      "feedback_collection": ""
    },
    {
      "video_title": "redacted",
      "user_action": "Weniger anzeigen",
      "action_time": "Mi, 5. Jan. 2022, 22:24",
      "feedback_collection": ""
    },
    {
      "video_title": "redacted",
      "user_action": "Weniger anzeigen",
      "action_time": "Mi, 5. Jan. 2022, 22:24",
      "feedback_collection": ""
    },
    {
      "video_title": "redacted",
      "user_action": "Weniger anzeigen",
      "action_time": "Mi, 5. Jan. 2022, 22:24",
      "feedback_collection": ""
    },
    {
      "video_title": "redacted",
      "user_action": "Weniger anzeigen",
      "action_time": "Mi, 5. Jan. 2022, 22:24",
      "feedback_collection": ""
    }
  ]
}