{
  "media": [
    
  ],
  "label_values": [
    {
      "label": "Story highlight creation",
      "value": "Du hast keine Story-Highlights erstellt"
    },
    {
      "label": "The last time you made changes to these settings",
      "timestamp_value": 1654612299
    },
    {
      "label": "Story highlight creation",
      "value": "Du hast keine Story-Highlights erstellt"
    },
    {
      "label": "The last time you made changes to these settings",
      "timestamp_value": 1654612299
    }
  ]
}