{
  "following_v3": [
    {
      "name": "redacted",
      "timestamp": 1648153033
    },
    {
      "name": "redacted",
      "timestamp": 1628711378
    },
    {
      "name": "redacted",
      "timestamp": 1615494971
    },
    {
      "name": "redacted",
      "timestamp": 1614856071
    },
    {
      "name": "redacted",
      "timestamp": 1609110474
    },
    {
      "name": "redacted",
      "timestamp": 1609110454
    },
    {
      "name": "redacted",
      "timestamp": 1606406727
    },
    {
      "name": "redacted",
      "timestamp": 1597929802
    },
    {
      "name": "redacted",
      "timestamp": 1579939036
    },
    {
      "name": "redacted",
      "timestamp": 1549794561
    },
    {
      "name": "redacted",
      "timestamp": 1521274954
    },
    {
      "name": "redacted",
      "timestamp": 1507825092
    },
    {
      "name": "redacted",
      "timestamp": 1491648884
    },
    {
      "name": "redacted",
      "timestamp": 1481797737
    },
    {
      "name": "redacted",
      "timestamp": 1476299954
    },
    {
      "name": "redacted",
      "timestamp": 1476188820
    },
    {
      "name": "redacted",
      "timestamp": 1476188792
    },
    {
      "name": "redacted",
      "timestamp": 1474319157
    },
    {
      "name": "redacted",
      "timestamp": 1472759566
    },
    {
      "name": "redacted",
      "timestamp": 1472219538
    },
    {
      "name": "redacted",
      "timestamp": 1472219529
    },
    {
      "name": "redacted",
      "timestamp": 1471288291
    },
    {
      "name": "redacted",
      "timestamp": 1460047798
    },
    {
      "name": "redacted",
      "timestamp": 1445343058
    },
    {
      "name": "redacted",
      "timestamp": 1440677468
    },
    {
      "name": "redacted",
      "timestamp": 1437026723
    },
    {
      "name": "redacted",
      "timestamp": 1430783852
    },
    {
      "name": "redacted",
      "timestamp": 1426062100
    },
    {
      "name": "redacted",
      "timestamp": 1417606090
    },
    {
      "name": "redacted",
      "timestamp": 1412143304
    },
    {
      "name": "redacted",
      "timestamp": 1409290330
    },
    {
      "name": "redacted",
      "timestamp": 1408566775
    },
    {
      "name": "redacted",
      "timestamp": 1403986334
    },
    {
      "name": "redacted",
      "timestamp": 1403008692
    },
    {
      "name": "redacted",
      "timestamp": 1384338268
    },
    {
      "name": "redacted",
      "timestamp": 1373229207
    },
    {
      "name": "redacted",
      "timestamp": 1341661021
    },
    {
      "name": "redacted",
      "timestamp": 1337018469
    },
    {
      "name": "redacted",
      "timestamp": 1329238228
    },
    {
      "name": "redacted",
      "timestamp": 1321431446
    },
    {
      "name": "redacted",
      "timestamp": 1319916893
    },
    {
      "name": "redacted",
      "timestamp": 1297602123
    },
    {
      "name": "redacted",
      "timestamp": 1281341524
    },
    {
      "name": "redacted",
      "timestamp": 1272563896
    }
  ]
}