Live Chat ID,Channel ID,Live Chat Create Timestamp,Price,Video ID,Live Chat Text
UgzRKoX8a8Ck09ik59p4AaABDqgByZ_9hgI,UCkhNctBzlZ_mEp5uL1tz5-w,2022-08-18T16:23:28.482228+00:00,0,frplWTVFWSk,"{""text"":""is the course registration online or you have to be on campus for registration?""}"
UgzjT1IG3MIj4xwbPr54AaABDqgBw5i4mAI,UCkhNctBzlZ_mEp5uL1tz5-w,2022-08-18T16:06:43.384918+00:00,0,frplWTVFWSk,"{""text"":""if we did not get our visa Timely, is it possible to register for courses online? and later when receive visa jump to the university for classes and cover missed courses?""}"
Ugz0oTZ0qhS6WF1CG194AaABDqgB89_6jAI,UCkhNctBzlZ_mEp5uL1tz5-w,2021-04-17T08:50:37.672916+00:00,0,dOtF0uQ6ecQ,"{""text"":""jj""}"





