{
  "installed_apps_v2": [
 
    {
      "name": "FarmVille 2",
      "added_timestamp": 0,
      "user_app_scoped_id": 10152294983634654,
      "category": "removed",
      "removed_timestamp": 0
    },
    {
      "name": "Samsung Mobile",
      "added_timestamp": 1391129962,
      "user_app_scoped_id": 5567866763294997,
      "category": "inactive",
      "removed_timestamp": 0
    },
    {
      "name": "Prospektangebote.de",
      "added_timestamp": 1678313825,
      "user_app_scoped_id": 5962056000542736,
      "category": "active",
      "removed_timestamp": 0
    },


    {
      "name": "Livemocha",
      "added_timestamp": 0,
      "user_app_scoped_id": 10160033770289654,
      "category": "removed",
      "removed_timestamp": 0
    },
    {
      "name": "YouTube",
      "added_timestamp": 0,
      "user_app_scoped_id": 10154860536049654,
      "category": "inactive",
      "removed_timestamp": 0
    },
    {
      "name": "Livestream",
      "added_timestamp": 0,
      "user_app_scoped_id": 10160033770374654,
      "category": "active",
      "removed_timestamp": 0
    },
    {
      "name": "Tripadvisor",
      "added_timestamp": 0,
      "user_app_scoped_id": 10160033770279654,
      "category": "inactive",
      "removed_timestamp": 0
    },
    {
      "name": "Netvibes.com",
      "added_timestamp": 0,
      "user_app_scoped_id": 10160033770344654,
      "category": "removed",
      "removed_timestamp": 0
    },
    {
      "name": "Livestation",
      "added_timestamp": 0,
      "user_app_scoped_id": 10160033770244654,
      "category": "active",
      "removed_timestamp": 0
    },
    {
      "name": "SkypeWorks",
      "added_timestamp": 0,
      "user_app_scoped_id": 10160033770319654,
      "category": "removed",
      "removed_timestamp": 0
    },


    {
      "name": "Village Life",
      "added_timestamp": 0,
      "user_app_scoped_id": 10160033770234654,
      "category": "inactive",
      "removed_timestamp": 0
    },

  
 
 
    {
      "name": "SlideShare",
      "added_timestamp": 0,
      "user_app_scoped_id": 10160033770239654,
      "category": "removed",
      "removed_timestamp": 0
    },
 

 
    {
      "name": "Lang-8Web",
      "added_timestamp": 0,
      "user_app_scoped_id": 10160033770224654,
      "category": "removed",
      "removed_timestamp": 1422667947
    },

    {
      "name": "Click.to",
      "added_timestamp": 0,
      "user_app_scoped_id": 10160033770174654,
      "category": "removed",
      "removed_timestamp": 1423797680
    },
    {
      "name": "Verbling",
      "added_timestamp": 0,
      "user_app_scoped_id": 10154621939814654,
      "category": "active",
      "removed_timestamp": 1478355185
    },
    {
      "name": "Quora",
      "added_timestamp": 0,
      "user_app_scoped_id": 10153224255119654,
      "category": "active",
      "removed_timestamp": 0
    },
    {
      "name": "SkyVPN",
      "added_timestamp": 0,
      "user_app_scoped_id": 10158334727904654,
      "category": "active",
      "removed_timestamp": 0
    },
 

    {
      "name": "Calendar",
      "added_timestamp": 0,
      "user_app_scoped_id": 10160033770229654,
      "category": "inactive",
      "removed_timestamp": 0
    },

    {
      "name": "The Weather Channel",
      "added_timestamp": 0,
      "user_app_scoped_id": 10154607239914654,
      "category": "active",
      "removed_timestamp": 0
    },
    {
      "name": "StumbleUpon",
      "added_timestamp": 0,
      "user_app_scoped_id": 10160033770334654,
      "category": "removed",
      "removed_timestamp": 1612311048
    },



    {
      "name": "Priority Matrix",
      "added_timestamp": 0,
      "user_app_scoped_id": 10154483268759654,
      "category": "removed",
      "removed_timestamp": 1612311048
    },

 
 

    {
      "name": "Wild Wallet",
      "added_timestamp": 0,
      "user_app_scoped_id": 10153809246229654,
      "category": "removed",
      "removed_timestamp": 1612311048
    },
    {
      "name": "Biscuit",
      "added_timestamp": 0,
      "user_app_scoped_id": 10160033770369654,
      "category": "removed",
      "removed_timestamp": 1612311048
    },
 
    {
      "name": "Appy Geek",
      "added_timestamp": 0,
      "user_app_scoped_id": 10154248061124654,
      "category": "removed",
      "removed_timestamp": 1612311048
    },

 
    {
      "name": "Endomondo",
      "added_timestamp": 0,
      "user_app_scoped_id": 10153249013819654,
      "category": "removed",
      "removed_timestamp": 1612311048
    },

    {
      "name": "Skype",
      "added_timestamp": 0,
      "user_app_scoped_id": 10160033770119654,
      "category": "active",
      "removed_timestamp": 1612311048
    },
    {
      "name": "LinkedIn",
      "added_timestamp": 0,
      "user_app_scoped_id": 10160033770314654,
      "category": "removed",
      "removed_timestamp": 1612311048
    },

    {
      "name": "Grammarly",
      "added_timestamp": 0,
      "user_app_scoped_id": 10155516992339654,
      "category": "removed",
      "removed_timestamp": 1612311049
    },
    {
      "name": "Hulu",
      "added_timestamp": 0,
      "user_app_scoped_id": 10153143452894654,
      "category": "removed",
      "removed_timestamp": 1612311049
    },
    {
      "name": "Bershka",
      "added_timestamp": 0,
      "user_app_scoped_id": 10156853904559654,
      "category": "active",
      "removed_timestamp": 1612311049
    },
    {
      "name": "Netflix",
      "added_timestamp": 0,
      "user_app_scoped_id": 10153244787069654,
      "category": "removed",
      "removed_timestamp": 1612311049
    },
 
    {
      "name": "MediaFire",
      "added_timestamp": 0,
      "user_app_scoped_id": 10160033770144654,
      "category": "removed",
      "removed_timestamp": 1612311049
    },


    {
      "name": "Feedly",
      "added_timestamp": 0,
      "user_app_scoped_id": 10160033770249654,
      "category": "removed",
      "removed_timestamp": 1612311049
    },


    {
      "name": "ICIMS",
      "added_timestamp": 0,
      "user_app_scoped_id": 10156073254334654,
      "category": "removed",
      "removed_timestamp": 1612311051
    },
 

    {
      "name": "FlixBus App",
      "added_timestamp": 0,
      "user_app_scoped_id": 10156096388884654,
      "category": "active",
      "removed_timestamp": 1612311051
    },

    {
      "name": "Alexa Login",
      "added_timestamp": 0,
      "user_app_scoped_id": 10154436176019654,
      "category": "removed",
      "removed_timestamp": 1612311051
    },
    {
      "name": "edX",
      "added_timestamp": 0,
      "user_app_scoped_id": 10154774816874654,
      "category": "removed",
      "removed_timestamp": 1612311051
    },


    {
      "name": "stremio.com",
      "added_timestamp": 0,
      "user_app_scoped_id": 10158596080589654,
      "category": "removed",
      "removed_timestamp": 1612311051
    },

    {
      "name": "Calm",
      "added_timestamp": 0,
      "user_app_scoped_id": 10156424789894654,
      "category": "removed",
      "removed_timestamp": 1612311051
    },

    {
      "name": "Remember It",
      "added_timestamp": 0,
      "user_app_scoped_id": 10153471530174654,
      "category": "removed",
      "removed_timestamp": 1612311051
    },


    {
      "name": "Forvo",
      "added_timestamp": 0,
      "user_app_scoped_id": 10154860768664654,
      "category": "removed",
      "removed_timestamp": 1612311051
    },
    {
      "name": "VoiceTube",
      "added_timestamp": 0,
      "user_app_scoped_id": 10157421039794654,
      "category": "removed",
      "removed_timestamp": 1612311051
    },
    {
      "name": "Zepp Life",
      "added_timestamp": 0,
      "user_app_scoped_id": 10155915081999654,
      "category": "active",
      "removed_timestamp": 1612311051
    },
    {
      "name": "Booking.com",
      "added_timestamp": 0,
      "user_app_scoped_id": 10156064535554654,
      "category": "removed",
      "removed_timestamp": 1612311051
    },
    {
      "name": "happn",
      "added_timestamp": 0,
      "user_app_scoped_id": 10155064518649654,
      "category": "removed",
      "removed_timestamp": 1612311051
    },
 
    {
      "name": "InMessage",
      "added_timestamp": 0,
      "user_app_scoped_id": 10155377975434654,
      "category": "removed",
      "removed_timestamp": 1612311051
    },

    {
      "name": "Headspace",
      "added_timestamp": 0,
      "user_app_scoped_id": 10156425209394654,
      "category": "removed",
      "removed_timestamp": 1612311051
    },

    {
      "name": "Weather Live",
      "added_timestamp": 0,
      "user_app_scoped_id": 10156582074464654,
      "category": "active",
      "removed_timestamp": 1612311051
    },
    
    {
      "name": "Uber",
      "added_timestamp": 0,
      "user_app_scoped_id": 10153229687459654,
      "category": "removed",
      "removed_timestamp": 1612311051
    },



    {
      "name": "Trivia Crack",
      "added_timestamp": 0,
      "user_app_scoped_id": 10154712351419654,
      "category": "removed",
      "removed_timestamp": 1612311051
    },
    {
      "name": "TED",
      "added_timestamp": 0,
      "user_app_scoped_id": 10154855389414654,
      "category": "removed",
      "removed_timestamp": 1612311051
    },

    {
      "name": "TalkTalk",
      "added_timestamp": 0,
      "user_app_scoped_id": 10154813879524654,
      "category": "active",
      "removed_timestamp": 1612311051
    },
    {
      "name": "Opentalk",
      "added_timestamp": 0,
      "user_app_scoped_id": 10155755132364654,
      "category": "removed",
      "removed_timestamp": 1612311051
    },

  
    {
      "name": "Readability",
      "added_timestamp": 0,
      "user_app_scoped_id": 10154067842144654,
      "category": "removed",
      "removed_timestamp": 1612311051
    },
    {
      "name": "Twitch",
      "added_timestamp": 0,
      "user_app_scoped_id": 10160033770199654,
      "category": "removed",
      "removed_timestamp": 1612311051
    },
    {
      "name": "AliExpress",
      "added_timestamp": 0,
      "user_app_scoped_id": 10153879861764654,
      "category": "active",
      "removed_timestamp": 1612311051
    },

    {
      "name": "TuneIn",
      "added_timestamp": 0,
      "user_app_scoped_id": 10153184701684654,
      "category": "removed",
      "removed_timestamp": 1612311051
    },

  

    {
      "name": "Storytel",
      "added_timestamp": 0,
      "user_app_scoped_id": 10158080566574654,
      "category": "removed",
      "removed_timestamp": 1612311051
    },


 
    {
      "name": "BlaBlaCar",
      "added_timestamp": 0,
      "user_app_scoped_id": 10160033770154654,
      "category": "removed",
      "removed_timestamp": 1612311051
    },

    

    {
      "name": "Expedia",
      "added_timestamp": 0,
      "user_app_scoped_id": 10160033770129654,
      "category": "removed",
      "removed_timestamp": 1612311051
    },


 
    {
      "name": "Dictionary.com",
      "added_timestamp": 0,
      "user_app_scoped_id": 10160033770324654,
      "category": "removed",
      "removed_timestamp": 1612311051
    },
    {
      "name": "Yelp",
      "added_timestamp": 0,
      "user_app_scoped_id": 10153110583604654,
      "category": "removed",
      "removed_timestamp": 1612311051
    },
    {
      "name": "Goodreads",
      "added_timestamp": 0,
      "user_app_scoped_id": 10160033770359654,
      "category": "removed",
      "removed_timestamp": 1612311051
    },


 
    {
      "name": "The New York Times",
      "added_timestamp": 0,
      "user_app_scoped_id": 10154067798334654,
      "category": "inactive",
      "removed_timestamp": 1612311051
    },
 
    {
      "name": "Blinkist",
      "added_timestamp": 0,
      "user_app_scoped_id": 10155006936359654,
      "category": "removed",
      "removed_timestamp": 1612311051
    },

    {
      "name": "Medium",
      "added_timestamp": 0,
      "user_app_scoped_id": 10155301563789654,
      "category": "removed",
      "removed_timestamp": 1612311051
    },


  

    {
      "name": "Coursera",
      "added_timestamp": 0,
      "user_app_scoped_id": 10153342866139654,
      "category": "removed",
      "removed_timestamp": 1612311051
    },
    {
      "name": "Airbnb",
      "added_timestamp": 0,
      "user_app_scoped_id": 10154595035049654,
      "category": "inactive",
      "removed_timestamp": 1612311051
    },
    {
      "name": "Spotify",
      "added_timestamp": 0,
      "user_app_scoped_id": 10152338634279654,
      "category": "removed",
      "removed_timestamp": 1612311051
    },
    {
      "name": "Shazam",
      "added_timestamp": 0,
      "user_app_scoped_id": 10152306828449654,
      "category": "removed",
      "removed_timestamp": 1612311051
    },
    {
      "name": "Flipboard",
      "added_timestamp": 0,
      "user_app_scoped_id": 10160033770159654,
      "category": "removed",
      "removed_timestamp": 1612311051
    },
    {
      "name": "LINE",
      "added_timestamp": 0,
      "user_app_scoped_id": 10154276447669654,
      "category": "inactive",
      "removed_timestamp": 1612311051
    },

 
    {
      "name": "Sky Force",
      "added_timestamp": 0,
      "user_app_scoped_id": 10153190143419654,
      "category": "removed",
      "removed_timestamp": 1612311052
    },
  
    {
      "name": "Pinterest",
      "added_timestamp": 0,
      "user_app_scoped_id": 10152330316614654,
      "category": "removed",
      "removed_timestamp": 1612311052
    },
    {
      "name": "Ubisoft",
      "added_timestamp": 0,
      "user_app_scoped_id": 10160182531509654,
      "category": "inactive",
      "removed_timestamp": 1671753630
    },
    {
      "name": "Alibaba.com",
      "added_timestamp": 1626204235,
      "user_app_scoped_id": 10159205219419654,
      "category": "inactive",
      "removed_timestamp": 0
    }
  ]
}
