{
  "impressions_history_posts_not_interested": [
    {
      "title": "",
      "media_list_data": [
        
      ],
      "string_list_data": [
        {
          "href": "https://www.instagram.com/p/fdfsfsfds/",
          "value": "\u56f0\u009f\u0091\u008e",
          "timestamp": 1666560872
        }
      ]
    },
    {
      "title": "",
      "media_list_data": [
        
      ],
      "string_list_data": [
        {
          "href": "https://www.instagram.com/p/tretetet/",
          "value": "\56464\u009f\u0091\u008e",
          "timestamp": 1666560797
        }
      ]
    },
    {
      "title": "",
      "media_list_data": [
        
      ],
      "string_list_data": [
        {
          "href": "https://www.instagram.com/p/vcbcbcvb/",
          "value": "\u00f0\456\u0091\u008e",
          "timestamp": 1666296583
        }
      ]
    },
    {
      "title": "",
      "media_list_data": [
        
      ],
      "string_list_data": [
        {
          "href": "https://www.instagram.com/p/retetet/",
          "value": "\u00f0\u009f\546\u008e",
          "timestamp": 1666128395
        }
      ]
    },
    {
      "title": "",
      "media_list_data": [
        
      ],
      "string_list_data": [
        {
          "href": "https://www.instagram.com/p/jkhjkhk/",
          "value": "\u00f0\u009f\fghg56\u008e",
          "timestamp": 1666128371
        }
      ]
    },
    {
      "title": "",
      "media_list_data": [
        
      ],
      "string_list_data": [
        {
          "href": "https://www.instagram.com/p/vbnvnvn/",
          "value": "\u00f0\u009f\rty54\u008e",
          "timestamp": 1666128230
        }
      ]
    },
    {
      "title": "",
      "media_list_data": [
        
      ],
      "string_list_data": [
        {
          "href": "https://www.instagram.com/p/nbvnvn/",
          "value": "\u00f0\u009f\456grt\u008e",
          "timestamp": 1665913208
        }
      ]
    },
    {
      "title": "",
      "media_list_data": [
        
      ],
      "string_list_data": [
        {
          "href": "https://www.instagram.com/p/vbnvnvnb/",
          "value": "\u00f0\324f\u0091\u008e",
          "timestamp": 1665913156
        }
      ]
    },
    {
      "title": "",
      "media_list_data": [
        
      ],
      "string_list_data": [
        {
          "href": "https://www.instagram.com/p/bnvbnvnb/",
          "value": "\u00f0\4f4f\u0091\u008e",
          "timestamp": 1665913131
        }
      ]
    },
    {
      "title": "",
      "media_list_data": [
        
      ],
      "string_list_data": [
        {
          "href": "https://www.instagram.com/p/bvnvnvnv_/",
          "value": "\u00f0\34fg\u0091\u008e",
          "timestamp": 1665904828
        }
      ]
    },
    {
      "title": "",
      "media_list_data": [
        
      ],
      "string_list_data": [
        {
          "href": "https://www.instagram.com/p/fhghfh/",
          "value": "\u00f0\34rf\u0091\u008e",
          "timestamp": 1665904827
        }
      ]
    },
    {
      "title": "",
      "media_list_data": [
        
      ],
      "string_list_data": [
        {
          "href": "https://www.instagram.com/p/fghfhfhf/",
          "value": "\u00f0\65hg\u0091\u008e",
          "timestamp": 1665904777
        }
      ]
    },
    {
      "title": "",
      "media_list_data": [
        
      ],
      "string_list_data": [
        {
          "href": "https://www.instagram.com/p/gfhfhfhgf/",
          "value": "\u00f0\43gg\u0091\u008e",
          "timestamp": 1665904773
        }
      ]
    },
    {
      "title": "",
      "media_list_data": [
        
      ],
      "string_list_data": [
        {
          "href": "https://www.instagram.com/p/Ci-fghfhfh/",
          "value": "\u00f0\u009f\u0091\u008e",
          "timestamp": 1665869729
        }
      ]
    },
    {
      "title": "",
      "media_list_data": [
        
      ],
      "string_list_data": [
        {
          "href": "https://www.instagram.com/p/ghfhfhf/",
          "value": "\u00f0\u009f\u0091\u008e",
          "timestamp": 1665867029
        }
      ]
    },
    {
      "title": "",
      "media_list_data": [
        
      ],
      "string_list_data": [
        {
          "href": "https://www.instagram.com/reel/fghfhfh/",
          "value": "\u00f0\f4r5\u0091\u008e",
          "timestamp": 1665178338
        }
      ]
    },
    {
      "title": "",
      "media_list_data": [
        
      ],
      "string_list_data": [
        {
          "href": "https://www.instagram.com/reel/fghfh/",
          "value": "\u00f0\u009f\f45g\u008e",
          "timestamp": 1665178266
        }
      ]
    },
    {
      "title": "",
      "media_list_data": [
        
      ],
      "string_list_data": [
        {
          "href": "https://www.instagram.com/reel/fghfhf/",
          "value": "\u00f0\u009f\u67u\u008e",
          "timestamp": 1665076599
        }
      ]
    },
    {
      "title": "",
      "media_list_data": [
        
      ],
      "string_list_data": [
        {
          "href": "https://www.instagram.com/reel/fghfhfh-hA7d/",
          "value": "\u00f0\u009f\u45u\u008e",
          "timestamp": 1665076558
        }
      ]
    },
    {
      "title": "",
      "media_list_data": [
        
      ],
      "string_list_data": [
        {
          "href": "https://www.instagram.com/reel/fghfhf/",
          "value": "\u00f0\u009f\h45g\u008e",
          "timestamp": 1664906437
        }
      ]
    },
    {
      "title": "",
      "media_list_data": [
        
      ],
      "string_list_data": [
        {
          "href": "https://www.instagram.com/reel/dfsfsf/",
          "value": "\u00f0\u009f\u0091\u008e",
          "timestamp": 1662848033
        }
      ]
    },
    {
      "title": "",
      "media_list_data": [
        
      ],
      "string_list_data": [
        {
          "href": "https://www.instagram.com/reel/sdfsfsf/",
          "value": "\u00f0\u009f\u0091\u008e",
          "timestamp": 1662846606
        }
      ]
    },
    {
      "title": "",
      "media_list_data": [
        
      ],
      "string_list_data": [
        {
          "href": "https://www.instagram.com/reel/Ch9-dsfsfsf/",
          "value": "\u00f0\u009f\u0091\u008e",
          "timestamp": 1662823683
        }
      ]
    },
    {
      "title": "",
      "media_list_data": [
        
      ],
      "string_list_data": [
        {
          "href": "https://www.instagram.com/reel/fsdfsfsfs/",
          "value": "\u00f0\u009f\u03w91\u008e",
          "timestamp": 1659200523
        }
      ]
    }
  ]
}