{
  "watch_videos_v2": [
    {
      "video_title": "Terrified Frenchie Learns How To Feel Safe And Loved For The First Time",
      "user_action": "Weniger anzeigen",
      "action_time": "Fr, 1. Apr. 2022, 11:15",
      "feedback_collection": ""
    },
    {
      "video_title": "Cat Who Hates Everyone Is Obsessed With Her Granddad",
      "user_action": "Weniger anzeigen",
      "action_time": "So, 6. M\u00c3\u00a4rz 2022, 19:51",
      "feedback_collection": ""
    },
    {
      "video_title": "Cat Prefers Dad To Mom \u00e2\u0080\u0094 So Mom Starts Wearing Fake Beards",
      "user_action": "Weniger anzeigen",
      "action_time": "So, 6. M\u00c3\u00a4rz 2022, 19:51",
      "feedback_collection": ""
    },
    {
      "video_title": "Sie nahm Tiktoks mit ihrer Tochter auf, kurz bevor sie sie zum Schweigen brachte",
      "user_action": "Weniger anzeigen",
      "action_time": "Mi, 5. Jan. 2022, 22:24",
      "feedback_collection": ""
    },
    {
      "video_title": "HEART TOUCHING PREGNANCY REVEAL. \u00e2\u009d\u00a4",
      "user_action": "Weniger anzeigen",
      "action_time": "Mi, 5. Jan. 2022, 22:24",
      "feedback_collection": ""
    },
    {
      "video_title": "The Little Mermaid: Custom Ariel Doll \u00f0\u009f\u0090\u00a0\u00f0\u009f\u0091\u0091",
      "user_action": "Weniger anzeigen",
      "action_time": "Mi, 5. Jan. 2022, 22:24",
      "feedback_collection": ""
    },
    {
      "video_title": "Wedding cake comes out AMAZING! \u00f0\u009f\u0098\u008d\u00f0\u009f\u008c\u0088",
      "user_action": "Weniger anzeigen",
      "action_time": "Mi, 5. Jan. 2022, 22:24",
      "feedback_collection": ""
    },
    {
      "video_title": "Barbie transformation! Can you believe it's the same girl?",
      "user_action": "Weniger anzeigen",
      "action_time": "Mi, 5. Jan. 2022, 22:24",
      "feedback_collection": ""
    },
    {
      "video_title": "She surprised him on an airplane!",
      "user_action": "Weniger anzeigen",
      "action_time": "Mi, 5. Jan. 2022, 22:24",
      "feedback_collection": ""
    }
  ]
}