{
  "group_comments_v2": [
    {
      "timestamp": 1347049956,
      "data": [
        {
          "comment": {
            "timestamp": 1347049956,
            "comment": "no one interesting huh..:)",
            "author": "John Doe",
            "group": "Science Enthusiasts"
          }
        }
      ],
      "title": "John Doe commented on Lily Adams's post."
    },
    {
      "timestamp": 1352301895,
      "title": "John Doe commented on his own post."
    },
    {
      "timestamp": 1363470749,
      "data": [
        {
          "comment": {
            "timestamp": 1363470749,
            "comment": "i mean anybody knows code ? like *123* ...  # like this",
            "author": "John Doe",
            "group": "AI and Machine Learning"
          }
        }
      ],
      "title": "John Doe commented on his own post."
    },
    {
      "timestamp": 1363471116,
      "data": [
        {
          "comment": {
            "timestamp": 1363471116,
            "comment": "thanks  Emily Anderson   *100* code #",
            "author": "John Doe",
            "group": "ERASMUS OPOLE 2012 2013"
          }
        }
      ],
      "title": "John Doe commented on his own post."
    },
    {
      "timestamp": 1390049686,
      "data": [
        {
          "comment": {
            "timestamp": 1390049686,
            "comment": "It's fascinating! I can't wait to see where AI takes us in the future.",
            "author": "John Doe",
            "group": "AI and Machine Learning"
          }
        }
      ],
      "title": "John Doe commented on Lily Adams post."
    },
    {
      "timestamp": 1644860000,
      "data": [
        {
          "comment": {
            "timestamp": 1644860000,
            "comment": "I have a question about quantum computing, can anyone help me?",
            "author": "Alice Chen",
            "group": "Quantum Computing Enthusiasts"
          }
        },
        {
          "comment": {
            "timestamp": 1644880000,
            "comment": "Sure, what's your question?",
            "author": "John Doe",
            "group": "Quantum Computing Enthusiasts"
          }
        }
      ],
      "title": "John Doe commented on Quantum Computing Enthusiasts group."
    },
    {
      "timestamp": 1644950000,
      "data": [
        {
          "comment": {
            "timestamp": 1644950000,
            "comment": "I just finished reading a great book on genetics, has anyone else read it?",
            "author": "John Doe",
            "group": "Genetics Enthusiasts"
          }
        },
        {
          "comment": {
            "timestamp": 1644980000,
            "comment": "I haven't read it, but I'm always looking for new book recommendations!",
            "author": "John Doe",
            "group": "Genetics Enthusiasts"
          }
        }
      ],
      "title": "John Doe commented on Genetics Enthusiasts group."
    }
  ]
}