{
  "group_posts_v2": [
    {
      "timestamp": 1363470502,
      "data": [
        {
          "post": "Hey guys, can anyone recommend a good pizza place around here? I'm really craving it but I don't know where to go. Thanks in advance!"
        }
      ],
      "title": "John Doe postedin Foodies United."
    },
    {
      "timestamp": 1363669386,
      "data": [
        {
          "post": "Hello everyone, I'm new to this group and I'm looking for some advice. I'm planning a trip to Europe and I'm not sure which countries to visit. Can you recommend any must-see places? Thanks!"
        }
      ],
      "title": "John Doe posted in Travel Lovers."
    },
    {
      "timestamp": 1390480411,
      "data": [
        {
          "post": "Hi all, I need some help with my car. It's been making some strange noises lately and I'm not sure what's wrong with it. Does anyone know a good mechanic in town? Thanks!"
        }
      ],
      "title": "John Doe posted in Car Enthusiasts."
    },
    {
      "timestamp": 1391818539,
      "data": [
        {
          "post": "Hey guys, I'm trying to learn how to code but I'm finding it really difficult. Can anyone recommend a good online course or tutorial? Thanks in advance!"
        }
      ],
      "title": "John Doe posted in Tech Gurus."
    },
    {
      "timestamp": 1398073577,
      "data": [
        {
          "post": "Hi everyone, I'm looking for a new book to read. Can you recommend any good mystery novels? Thanks!"
        }
      ],
      "title": "John Doe posted  in Book Club."
    },
  
    {
      "timestamp": 1412959838,
      "data": [
        {
          "post": "Hey guys, I'm looking for a gym around here. Can anyone recommend a good one that's not too expensive? Thanks!"
        }
      ],
      "title": "John Doe posted  in Fitness Junkies."
    }
  ]
}