{
  "groups_joined_v2": [
    {
      "timestamp": 1306830290,
      "data": [
        {
          "name": "San Francisco Young Professionals"
        }
      ],
      "title": "You became a member of San Francisco Young Professionals."
    },
    {
      "timestamp": 1314083612,
      "data": [
        {
          "name": "Chicago Entrepreneurs Network"
        }
      ],
      "title": "You became a member of Chicago Entrepreneurs Network."
    },
    {
      "timestamp": 1317942952,
      "data": [
        {
          "name": "New York Fitness Enthusiasts"
        }
      ],
      "title": "You became a member of New York Fitness Enthusiasts."
    },
    {
      "timestamp": 1329691979,
      "data": [
        {
          "name": "Denver Hiking Club"
        }
      ],
      "title": "You became a member of Denver Hiking Club."
    },
    {
      "timestamp": 1330259983,
      "data": [
        {
          "name": "JAVA"
        }
      ],
      "title": "You became a member of JAVA."
    },
    {
      "timestamp": 1332228276,
      "data": [
        {
          "name": "Los Angeles Foodies"
        }
      ],
      "title": "You became a member of Los Angeles Foodies."
    },
    {
      "timestamp": 1334068821,
      "data": [
        {
          "name": "Seattle Book Club"
        }
      ],
      "title": "You became a member of Seattle Book Club."
    },
    {
      "timestamp": 1334265905,
      "data": [
        {
          "name": "Houston Wine Tasting Society"
        }
      ],
      "title": "You became a member of Houston Wine Tasting Society."
    },
    {
      "timestamp": 1335849671,
      "data": [
        {
          "name": "San Diego Beach Volleyball League"
        }
      ],
      "title": "You became a member of San Diego Beach Volleyball League."
    },
    {
      "timestamp": 1341862035,
      "data": [
        {
          "name": "Boston Technology Professionals"
        }
      ],
      "title": "You became a member of Boston Technology Professionals."
    },
    {
      "timestamp": 1344947088,
      "data": [
        {
          "name": "Atlanta Music Lovers"
        }
      ],
      "title": "You became a member of Atlanta Music Lovers."
    },
    {
      "timestamp": 1360974833,
      "data": [
        {
          "name": "2012 Austin Craft Beer Association"
        }
      ],
      "title": "You stopped being a member of Austin Craft Beer Association"
    },

    {
      "timestamp": 1371864633,
      "data": [
        {
          "name": "Philadelphia Gardening Club"
        }
      ],
      "title": "You became a member of Philadelphia Gardening Club."
    },
    {
      "timestamp": 1372208341,
      "data": [
        {
          "name": "Dallas Animal Rescue Group"
        }
      ],
      "title": "You became a member of Dallas Animal Rescue Group."
    },
    {
      "timestamp": 1376543718,
      "data": [
        {
          "name": "Boston Environmental Advocates"
        }
      ],
      "title": "You became a member of Boston Environmental Advocates."
    },
    {
      "timestamp": 1383424443,
      "data": [
        {
          "name": "Portland Bicycle Enthusiasts"
        }
      ],
      "title": "You became a member of Portland Bicycle Enthusiasts."
    },
    {
      "timestamp": 1384506237,
      "title": "You stopped being a member of Detroit Urban Explorers."
    },
    {
      "timestamp": 1388731090,
      "data": [
        {
          "name": "Detroit Urban Explorers"
        }
      ],
      "title": "You became a member of Detroit Urban Explorers."
    },
    {
      "timestamp": 1389117996,
      "data": [
        {
          "name": "Washington D.C. History Buffs"
        }
      ],
      "title": "You became a member of Washington D.C. History Buffs."
    }
  ]
}