{
  "group_comments_v2": [
    {
      "timestamp": 1644630000,
      "data": [
        {
          "comment": {
            "timestamp": 1644630000,
            "comment": "Hello everyone!",
            "author": "John Doe",
            "group": "Science Enthusiasts"
          }
        },
        {
          "comment": {
            "timestamp": 1644650000,
            "comment": "Nice to meet you, John!",
            "author": "Jane Smith",
            "group": "Science Enthusiasts"
          }
        }
      ],
      "title": "John Doe commented on Science Enthusiasts group."
    },
    {
      "timestamp": 1644730000,
      "data": [
        {
          "comment": {
            "timestamp": 1644730000,
            "comment": "What do you guys think about the latest research on AI?",
            "author": "Sarah Lee",
            "group": "AI and Machine Learning"
          }
        },
        {
          "comment": {
            "timestamp": 1644740000,
            "comment": "It's fascinating! I can't wait to see where AI takes us in the future.",
            "author": "John Doe",
            "group": "AI and Machine Learning"
          }
        }
      ],
      "title": "Sarah Lee commented on AI and Machine Learning group."
    },
    {
      "timestamp": 1644790000,
      "title": "Bob Johnson commented on his own post."
    },
    {
      "timestamp": 1644860000,
      "data": [
        {
          "comment": {
            "timestamp": 1644860000,
            "comment": "I have a question about quantum computing, can anyone help me?",
            "author": "Alice Chen",
            "group": "Quantum Computing Enthusiasts"
          }
        },
        {
          "comment": {
            "timestamp": 1644880000,
            "comment": "Sure, what's your question?",
            "author": "Dave Patel",
            "group": "Quantum Computing Enthusiasts"
          }
        }
      ],
      "title": "Alice Chen commented on Quantum Computing Enthusiasts group."
    },
    {
      "timestamp": 1644950000,
      "data": [
        {
          "comment": {
            "timestamp": 1644950000,
            "comment": "I just finished reading a great book on genetics, has anyone else read it?",
            "author": "Emily Smith",
            "group": "Genetics Enthusiasts"
          }
        },
        {
          "comment": {
            "timestamp": 1644980000,
            "comment": "I haven't read it, but I'm always looking for new book recommendations!",
            "author": "Tom Jackson",
            "group": "Genetics Enthusiasts"
          }
        }
      ],
      "title": "Emily Smith commented on Genetics Enthusiasts group."
    },
    {
      "timestamp": 1645050000,
      "data": [
        {
          "comment": {
            "timestamp": 1645050000,
            "comment": "Does anyone have any advice for getting started in bioinformatics?",
            "author": "Mark Johnson",
            "group": "Bioinformatics Beginners"
          }
        },
        {
          "comment": {
            "timestamp": 1645070000,
            "comment": "I'd recommend starting with some online courses.",
            "author": "John Doe",
            "group": "Bioinformatics Beginners"
          }
        }
      ]
    }
  ]
}

