{
  "groups_joined_v2": [
    {
      "timestamp": 1621747200,
      "data": [
        {
          "name": "San Francisco Young Professionals"
        }
      ],
      "title": "You became a member of San Francisco Young Professionals."
    },
    {
      "timestamp": 1624099200,
      "data": [
        {
          "name": "Chicago Entrepreneurs Network"
        }
      ],
      "title": "You became a member of Chicago Entrepreneurs Network."
    },
    {
      "timestamp": 1626672000,
      "data": [
        {
          "name": "New York Fitness Enthusiasts"
        }
      ],
      "title": "You became a member of New York Fitness Enthusiasts."
    },
    {
      "timestamp": 1630512000,
      "data": [
        {
          "name": "Denver Hiking Club"
        }
      ],
      "title": "You became a member of Denver Hiking Club."
    },
    {
      "timestamp": 1633219200,
      "data": [
        {
          "name": "Los Angeles Foodies"
        }
      ],
      "title": "You became a member of Los Angeles Foodies."
    },
    {
      "timestamp": 1635864000,
      "data": [
        {
          "name": "Seattle Book Club"
        }
      ],
      "title": "You became a member of Seattle Book Club."
    },
    {
      "timestamp": 1641043200,
      "data": [
        {
          "name": "Houston Wine Tasting Society"
        }
      ],
      "title": "You became a member of Houston Wine Tasting Society."
    },
    {
      "timestamp": 1644105600,
      "data": [
        {
          "name": "San Diego Beach Volleyball League"
        }
      ],
      "title": "You became a member of San Diego Beach Volleyball League."
    },
    {
      "timestamp": 1645348800,
      "data": [
        {
          "name": "Boston Technology Professionals"
        }
      ],
      "title": "You became a member of Boston Technology Professionals."
    },
    {
      "timestamp": 1650355200,
      "data": [
        {
          "name": "Atlanta Music Lovers"
        }
      ],
      "title": "You became a member of Atlanta Music Lovers."
    },
    {
      "timestamp": 1653696000,
      "data": [
        {
          "name": "Miami Art Collectors"
        }
      ],
      "title": "You became a member of Miami Art Collectors."
    },
    {
      "timestamp": 1656883200,
      "data": [
        {
          "name": "Austin Craft Beer Association"
        }
      ],
      "title": "You became a member of Austin Craft Beer Association."
    }
  ]
}
