{
  "group_comments_v2": [
    {
      "type_INTERNAL": "",
      "timestamp": 1400000000,
      "title": "John Doe commented on a post."
    },
    {
      "type_INTERNAL": "",
      "timestamp": 1480000000,
      "data": [
        {
          "comment": {
            "timestamp": 1480000000,
            "comment": "awesome",
            "author": "John Doe",
            "group": "Perfect Photo Contest"
          }
        }
      ],
      "title": "John Doe commented on Jane Smith's post."
    },
    {
      "type_INTERNAL": "",
      "timestamp": 1650000000,
      "data": [
        {
          "comment": {
            "timestamp": 1650000000,
            "comment": "Absolutely, they're fantastic",
            "author": "John Doe",
            "group": "Californians - People in California"
          }
        }
      ],
      "title": "John Doe commented on Michael Johnson's post."
    }
  ]
}