{
  "visited_things_v2": [
    {
      "name": "Profilaufrufe",
      "description": "Personen, deren Profile du dir angesehen hast",
      "entries": [
        {
          "timestamp": 1702745596,
          "data": {
            "name": "Nachdenkliche Spr\u00c3\u00bcche mit Bilder",
            "uri": "https://www.facebook.com/redacted"
          }
        },
        {
          "timestamp": 1702045611,
          "data": {
            "name": "Residenz Club",
            "uri": "https://www.facebook.com/redacted"
          }
        },
        {
          "timestamp": 1701513190,
          "data": {
            "name": "Mausio",
            "uri": "https://www.facebook.com/redacted"
          }
        },
        {
          "timestamp": 1701195979,
          "data": {
            "name": "Marcia Husen",
            "uri": "https://www.facebook.com/redacted"
          }
        }
      ]
    },
    {
      "name": "Seitenaufrufe",
      "description": "Seiten, die du dir angesehen hast",
      "entries": [
        {
          "timestamp": 1702745597,
          "data": {
            "name": "Nachdenkliche Spr\u00c3\u00bcche mit Bilder",
            "uri": "https://www.facebook.com/redacted"
          }
        },
        {
          "timestamp": 1702045611,
          "data": {
            "name": "Residenz Club",
            "uri": "https://www.facebook.com/redacted"
          }
        },
        {
          "timestamp": 1701513190,
          "data": {
            "name": "Mausio",
            "uri": "https://www.facebook.com/redacted"
          }
        }
      ]
    },
    {
      "name": "Veranstaltungen, die du besucht hast",
      "description": "Veranstaltungsseiten, die du besucht hast",
      "entries": [
        {
          "timestamp": 1621713953,
          "data": {
            "name": "Full Moon Lounge | Unna",
            "uri": "https://www.facebook.com/redacted"
          }
        },
        {
          "timestamp": 1595443533,
          "data": {
            "name": "WTMG pres. Beer In The Garden - 01.08.2020",
            "uri": "https://www.facebook.com/redacted"
          }
        },
        {
          "timestamp": 1575533254,
          "data": {
            "name": "PAROOKAVILLE 2022",
            "uri": "https://www.facebook.com/redacted"
          }
        },
        {
          "timestamp": 1572375073,
          "data": {
            "name": "Welcome To My Garden - Chapter Two - 06.08.2022 - Kurpark Unna",
            "uri": "https://www.facebook.com/redacted"
          }
        },
        {
          "timestamp": 1565981201,
          "data": {
            "name": "DON'T LET DADDY KNOW | Amsterdam 2020",
            "uri": "https://www.facebook.com/redacted"
          }
        },
        {
          "timestamp": 1565292766,
          "data": {
            "name": "Welcome To My Garden x Open-Air x Kurpark Unna x 10.August",
            "uri": "https://www.facebook.com/redacted"
          }
        },
        {
          "timestamp": 1565013547,
          "data": {
            "name": "Bierk\u00c3\u00b6nigschie\u00c3\u009fen Heessen 2019",
            "uri": "https://www.facebook.com/redacted"
          }
        },
        {
          "timestamp": 1564582324,
          "data": {
            "name": "Summerjam Festival 2022",
            "uri": "https://www.facebook.com/redacted"
          }
        },
        {
          "timestamp": 1560430983,
          "data": {
            "name": "Breaking Dent",
            "uri": "https://www.facebook.com/redacted"
          }
        },
        {
          "timestamp": 1559574400,
          "data": {
            "name": "2. Chance[ Alles oder Nichts] Aufstiegsspiel",
            "uri": "https://www.facebook.com/redacted"
          }
        },
        {
          "timestamp": 1559198145,
          "data": {
            "name": "Freshtival Weekend 2019 | Official",
            "uri": "https://www.facebook.com/redacted"
          }
        },
        {
          "timestamp": 1556313594,
          "data": {
            "name": "Die Station 3.0",
            "uri": "https://www.facebook.com/redacted"
          }
        },
        {
          "timestamp": 1555969765,
          "data": {
            "name": "ADLIB",
            "uri": "https://www.facebook.com/redacted"
          }
        },
        {
          "timestamp": 1555436993,
          "data": {
            "name": "Model European Union Strasbourg 2019",
            "uri": "https://www.facebook.com/redacted"
          }
        },
        {
          "timestamp": 154849123456789,
          "data": {
            "name": "10. Unnaer Schlagernacht",
            "uri": "https://www.facebook.com/redacted"
          }
        },
        {
          "timestamp": 1547919036,
          "data": {
            "name": "Winterfest 2019",
            "uri": "https://www.facebook.com/redacted"
          }
        },
        {
          "timestamp": 1547817469,
          "data": {
            "name": "Winterfest Sch\u00c3\u00bctzenverein Heessen 1835 e.V.",
            "uri": "https://www.facebook.com/redacted"
          }
        },
        {
          "timestamp": 1547415398,
          "data": {
            "name": "Ausverkauft!!! 11. Unnaer Schlagernacht",
            "uri": "https://www.facebook.com/redacted"
          }
        },
        {
          "timestamp": 1547204423,
          "data": {
            "name": "Winterfest",
            "uri": "https://www.facebook.com/redacted"
          }
        },
        {
          "timestamp": 1545401988,
          "data": {
            "name": "Unna Schockt #7",
            "uri": "https://www.facebook.com/redacted"
          }
        },
        {
          "timestamp": 1543505725,
          "data": {
            "name": "San Miguel-Weihnachtsparty",
            "uri": "https://www.facebook.com/redacted"
          }
        },
        {
          "timestamp": 1543505655,
          "data": {
            "name": "The Ink Unna",
            "uri": "https://www.facebook.com/redacted"
          }
        },
        {
          "timestamp": 1542614111,
          "data": {
            "name": "1LIVE Charts-Party / Unna, Alfred Fischer Halle",
            "uri": "https://www.facebook.com/redacted"
          }
        },
        {
          "timestamp": 1541345305,
          "data": {
            "name": "PAROOKAVILLE 2019 (OFFICIAL)",
            "uri": "https://www.facebook.com/redacted"
          }
        },
        {
          "timestamp": 1540999843,
          "data": {
            "name": "LibaBeats #3 w. Drunken Masters \u00e2\u0080\u00a2 Larissa Rie\u00c3\u009f \u00e2\u0080\u00a2 Josi Miller",
            "uri": "https://www.facebook.com/redacted"
          }
        },
        {
          "timestamp": 1540655218,
          "data": {
            "name": "\u00e2\u0098\u0085 Back to the 90s \u00e2\u0098\u0085",
            "uri": "https://www.facebook.com/redacted"
          }
        },
        {
          "timestamp": 1540416667,
          "data": {
            "name": "M\u00c3\u00bcnster - Original Mallorca Nacht",
            "uri": "https://www.facebook.com/redacted"
          }
        },
        {
          "timestamp": 1539208716,
          "data": {
            "name": "Klutensee Festival 2019",
            "uri": "https://www.facebook.com/redacted"
          }
        },
        {
          "timestamp": 1538633216,
          "data": {
            "name": "PandaParty Berlin",
            "uri": "https://www.facebook.com/redacted"
          }
        },
        {
          "timestamp": 1538138482,
          "data": {
            "name": "\u00e2\u0098\u0085Back to the 90s\u00e2\u0098\u0085",
            "uri": "https://www.facebook.com/redacted"
          }
        },
        {
          "timestamp": 1537077367,
          "data": {
            "name": "Bierk\u00c3\u00b6nigschie\u00c3\u009fen 2018",
            "uri": "https://www.facebook.com/redacted"
          }
        },
        {
          "timestamp": 1535563097,
          "data": {
            "name": "RIN \u00c2\u00b7 Halle 622 \u00c2\u00b7 Z\u00c3\u00bcrich | Sold Out!",
            "uri": "https://www.facebook.com/redacted"
          }
        },
        {
          "timestamp": 1534839783,
          "data": {
            "name": "\u00cf\u009e HIGH Voltage \u00cf\u009f Dubstep - Riddim - D'N'B",
            "uri": "https://www.facebook.com/redacted"
          }
        },
        {
          "timestamp": 1534487526,
          "data": {
            "name": "10 Years Tag X with Dax J - Pfirter - Vlaysin Live",
            "uri": "https://www.facebook.com/redacted"
          }
        },
        {
          "timestamp": 1532428070,
          "data": {
            "name": "Schlossbergfest 2018 am Samstag",
            "uri": "https://www.facebook.com/redacted"
          }
        },
        {
          "timestamp": 153105449123456789,
          "data": {
            "name": "Beach Volleyballturnier & Party",
            "uri": "https://www.facebook.com/redacted"
          }
        },
        {
          "timestamp": 1530264240,
          "data": {
            "name": "Oberlindenhock 2018",
            "uri": "https://www.facebook.com/redacted"
          }
        },
        {
          "timestamp": 1522662151,
          "data": {
            "name": "Back to the 90s",
            "uri": "https://www.facebook.com/redacted"
          }
        },
        {
          "timestamp": 1522584889,
          "data": {
            "name": "MEGA 2000er PARTY",
            "uri": "https://www.facebook.com/redacted"
          }
        },
        {
          "timestamp": 15149123456789,
          "data": {
            "name": "Schmutzige Dunschdig Party",
            "uri": "https://www.facebook.com/redacted"
          }
        },
        {
          "timestamp": 1513855422,
          "data": {
            "name": "Desiigner - Dynamo Z\u00c3\u00bcrich | New Date!",
            "uri": "https://www.facebook.com/redacted"
          }
        },
        {
          "timestamp": 1513586545,
          "data": {
            "name": "Weihnachtsfeier",
            "uri": "https://www.facebook.com/redacted"
          }
        },
        {
          "timestamp": 1513023898,
          "data": {
            "name": "Weihnachtsvorlesung Prof. Nebel",
            "uri": "https://www.facebook.com/redacted"
          }
        },
        {
          "timestamp": 1512733791,
          "data": {
            "name": "StijlMarkt Berlin i. Br.",
            "uri": "https://www.facebook.com/redacted"
          }
        },
        {
          "timestamp": 1512552672,
          "data": {
            "name": "Playboi Carti - Komplex 457 Z\u00c3\u00bcrich | Sold Out!",
            "uri": "https://www.facebook.com/redacted"
          }
        },
        {
          "timestamp": 1508954452,
          "data": {
            "name": "DON'T LET DADDY KNOW Amsterdam | SOLD OUT",
            "uri": "https://www.facebook.com/redacted"
          }
        },
        {
          "timestamp": 1507919823,
          "data": {
            "name": "Geburtstagsparty!!!",
            "uri": "https://www.facebook.com/redacted"
          }
        },
        {
          "timestamp": 1506332643,
          "data": {
            "name": "Wieder ein Jahr \u00c3\u00a4lter!",
            "uri": "https://www.facebook.com/redacted"
          }
        },
        {
          "timestamp": 1503924281,
          "data": {
            "name": "Jeden Tag eine gute Tat",
            "uri": "https://www.facebook.com/redacted"
          }
        },
        {
          "timestamp": 1503682096,
          "data": {
            "name": "PandaParty Berlin",
            "uri": "https://www.facebook.com/redacted"
          }
        },
        {
          "timestamp": 1501345942,
          "data": {
            "name": "A'tole live at Schlossbergfest",
            "uri": "https://www.facebook.com/redacted"
          }
        },
        {
          "timestamp": 149123456789,
          "data": {
            "name": "Openair Frauenfeld 2018",
            "uri": "https://www.facebook.com/redacted"
          }
        },
        {
          "timestamp": 149123456789,
          "data": {
            "name": "Ronnie wird alt",
            "uri": "https://www.facebook.com/redacted"
          }
        },
        {
          "timestamp": 149123456789,
          "data": {
            "name": "Fudder Craftbeer-Hock",
            "uri": "https://www.facebook.com/redacted"
          }
        },
        {
          "timestamp": 149123456789,
          "data": {
            "name": "SILK am Openair Frauenfeld 2017",
            "uri": "https://www.facebook.com/redacted"
          }
        },
        {
          "timestamp": 149123456789,
          "data": {
            "name": "Nordstern am Openair Frauenfeld (La Fabrik)",
            "uri": "https://www.facebook.com/redacted"
          }
        },
        {
          "timestamp": 149123456789,
          "data": {
            "name": "Schlossbergfest 2017 am Donnerstag",
            "uri": "https://www.facebook.com/redacted"
          }
        },
        {
          "timestamp": 149123456789,
          "data": {
            "name": "Art Basel",
            "uri": "https://www.facebook.com/redacted"
          }
        },
        {
          "timestamp": 149123456789,
          "data": {
            "name": "Universale Mensaparty // 3 Floors & Chillout - Mensa Institutsviertel",
            "uri": "https://www.facebook.com/redacted"
          }
        },
        {
          "timestamp": 149123456789,
          "data": {
            "name": "INDIE ROCK",
            "uri": "https://www.facebook.com/redacted"
          }
        },
        {
          "timestamp": 149123456789,
          "data": {
            "name": "\u00e2\u0080\u0098A Beautiful Life\u00e2\u0080\u0099.",
            "uri": "https://www.facebook.com/redacted"
          }
        },
        {
          "timestamp": 149123456789,
          "data": {
            "name": "Global Marijuana March Berlin 2017",
            "uri": "https://www.facebook.com/redacted"
          }
        },
        {
          "timestamp": 149123456789,
          "data": {
            "name": "Sch\u00c3\u00bctzenfest in Unna-Heessen",
            "uri": "https://www.facebook.com/redacted"
          }
        },
        {
          "timestamp": 149123456789,
          "data": {
            "name": "Kinekt feiert",
            "uri": "https://www.facebook.com/redacted"
          }
        },
        {
          "timestamp": 149123456789,
          "data": {
            "name": "Berlin stimmt ein 2017",
            "uri": "https://www.facebook.com/redacted"
          }
        },
        {
          "timestamp": 149123456789,
          "data": {
            "name": "Gro\u00c3\u009fe Fr\u00c3\u00bchlings-Tapetenwechsel-Umzugs-Fete",
            "uri": "https://www.facebook.com/redacted"
          }
        },
        {
          "timestamp": 149123456789,
          "data": {
            "name": "Back to the 90s \u00e2\u0080\u00a2 Teil 4 \u00e2\u0080\u00a2 Kurhaus Unna \u00e2\u0080\u00a2 15.04.2017",
            "uri": "https://www.facebook.com/redacted"
          }
        },
        {
          "timestamp": 149123456789,
          "data": {
            "name": "UFO Exhibition at Antiek Tattoo",
            "uri": "https://www.facebook.com/redacted"
          }
        },
        {
          "timestamp": 149123456789,
          "data": {
            "name": "Geburtstag und Einweihung ",
            "uri": "https://www.facebook.com/redacted"
          }
        },
        {
          "timestamp": 1485935243,
          "data": {
            "name": "Industriemesse i+e 2017",
            "uri": "https://www.facebook.com/redacted"
          }
        },
        {
          "timestamp": 1485616761,
          "data": {
            "name": "Sany Geburtstagsfeier",
            "uri": "https://www.facebook.com/redacted"
          }
        },
        {
          "timestamp": 1485246246,
          "data": {
            "name": "Tattooshow Stuttgart 2017",
            "uri": "https://www.facebook.com/redacted"
          }
        },
        {
          "timestamp": 1484852470,
          "data": {
            "name": "Vor 3en geht keiner nach Hause",
            "uri": "https://www.facebook.com/redacted"
          }
        },
        {
          "timestamp": 1482130913,
          "data": {
            "name": "Weihnachtsfeier",
            "uri": "https://www.facebook.com/redacted"
          }
        },
        {
          "timestamp": 1481960839,
          "data": {
            "name": "Openair Frauenfeld 2017",
            "uri": "https://www.facebook.com/redacted"
          }
        },
        {
          "timestamp": 1481052577,
          "data": {
            "name": "Weihnachtsvorlesung TF 2016",
            "uri": "https://www.facebook.com/redacted"
          }
        },
        {
          "timestamp": 1480776810,
          "data": {
            "name": "ASV Senden vs. TV Westfalia Halingen",
            "uri": "https://www.facebook.com/redacted"
          }
        },
        {
          "timestamp": 1478953828,
          "data": {
            "name": "ASV Senden vs. FC Schalke 04",
            "uri": "https://www.facebook.com/redacted"
          }
        },
        {
          "timestamp": 1478340973,
          "data": {
            "name": "Ingenieure ohne Grenzen Soliparty",
            "uri": "https://www.facebook.com/redacted"
          }
        },
        {
          "timestamp": 1477061689,
          "data": {
            "name": "We Love Hip Hop w/ DJ Craft (KIZ)",
            "uri": "https://www.facebook.com/redacted"
          }
        },
        {
          "timestamp": 1476090063,
          "data": {
            "name": "Super s\u00c3\u00bc\u00c3\u009f und super sexy-zwanzig",
            "uri": "https://www.facebook.com/redacted"
          }
        },
        {
          "timestamp": 1475074036,
          "data": {
            "name": "Mo wird 25",
            "uri": "https://www.facebook.com/redacted"
          }
        },
        {
          "timestamp": 1473972912,
          "data": {
            "name": "Abschiedssause",
            "uri": "https://www.facebook.com/redacted"
          }
        },
        {
          "timestamp": 1472912426,
          "data": {
            "name": "David&Pau",
            "uri": "https://www.facebook.com/redacted"
          }
        },
        {
          "timestamp": 1472151437,
          "data": {
            "name": "Anna und Timo gehen: Bl\u00c3\u00bccherstrasse - die Letzte...",
            "uri": "https://www.facebook.com/redacted"
          }
        },
        {
          "timestamp": 1470241726,
          "data": {
            "name": "Pok\u00c3\u00a9mon-Jagd im Allwetterzoo M\u00c3\u00bcnster",
            "uri": "https://www.facebook.com/redacted"
          }
        },
        {
          "timestamp": 1469787913,
          "data": {
            "name": "40. Kurparkfest Unna",
            "uri": "https://www.facebook.com/redacted"
          }
        },
        {
          "timestamp": 1468264838,
          "data": {
            "name": "Tuesday Tracks Vol. XI",
            "uri": "https://www.facebook.com/redacted"
          }
        },
        {
          "timestamp": 1467227767,
          "data": {
            "name": "Southside Festival 2016",
            "uri": "https://www.facebook.com/redacted"
          }
        },
        {
          "timestamp": 1467135932,
          "data": {
            "name": "Openair Frauenfeld 2016",
            "uri": "https://www.facebook.com/redacted"
          }
        },
        {
          "timestamp": 1467062028,
          "data": {
            "name": "Vainstream Rockfest 2016 - Ausverkauft",
            "uri": "https://www.facebook.com/redacted"
          }
        },
        {
          "timestamp": 1466665655,
          "data": {
            "name": "StuRa- und Universit\u00c3\u00a4tswahlen",
            "uri": "https://www.facebook.com/redacted"
          }
        },
        {
          "timestamp": 1465316704,
          "data": {
            "name": "ASV Senden vs. 1993/94'er All-Stars",
            "uri": "https://www.facebook.com/redacted"
          }
        },
        {
          "timestamp": 1464520452,
          "data": {
            "name": "Flamingo-Arena (EM 2016)",
            "uri": "https://www.facebook.com/redacted"
          }
        },
        {
          "timestamp": 1461858294,
          "data": {
            "name": "Geburtstag",
            "uri": "https://www.facebook.com/redacted"
          }
        },
        {
          "timestamp": 1460716739,
          "data": {
            "name": "ASV Senden vs. RSVE Siegen Handball (Letztes Heimspiel mit anschlie\u00c3\u009fendem Saisonabschluss)",
            "uri": "https://www.facebook.com/redacted"
          }
        },
        {
          "timestamp": 1460280467,
          "data": {
            "name": "ASV Senden vs. TuS Bommern",
            "uri": "https://www.facebook.com/redacted"
          }
        },
        {
          "timestamp": 1459877987,
          "data": {
            "name": "Weizenabend",
            "uri": "https://www.facebook.com/redacted"
          }
        },
        {
          "timestamp": 1457799814,
          "data": {
            "name": "ASV Senden vs. TuS Hattingen",
            "uri": "https://www.facebook.com/redacted"
          }
        },
        {
          "timestamp": 1457090994,
          "data": {
            "name": "EHRENLOS PARTY - Ladies Edition",
            "uri": "https://www.facebook.com/redacted"
          }
        },
        {
          "timestamp": 1456567831,
          "data": {
            "name": "ASV Senden vs. HSG Hohenlimburg",
            "uri": "https://www.facebook.com/redacted"
          }
        },
        {
          "timestamp": 1455361939,
          "data": {
            "name": "ASV Senden vs. HSG Vest Recklinghausen",
            "uri": "https://www.facebook.com/redacted"
          }
        },
        {
          "timestamp": 1454862876,
          "data": {
            "name": "SUPER BOWL 50",
            "uri": "https://www.facebook.com/redacted"
          }
        },
        {
          "timestamp": 1454513310,
          "data": {
            "name": "\u00e2\u009c\u0096 PandaParty FREIBURG",
            "uri": "https://www.facebook.com/redacted"
          }
        },
        {
          "timestamp": 1454183433,
          "data": {
            "name": "54. Hexenball der L\u00c3\u00b6ffinger Hexen",
            "uri": "https://www.facebook.com/redacted"
          }
        },
        {
          "timestamp": 1453828089,
          "data": {
            "name": "WG Geburtstags-Party",
            "uri": "https://www.facebook.com/redacted"
          }
        },
        {
          "timestamp": 1453735707,
          "data": {
            "name": "Back to the 90\u00c2\u00b4s \u00e2\u0080\u00a2 Kurhaus Unna \u00e2\u0080\u00a2 26.03.2016",
            "uri": "https://www.facebook.com/redacted"
          }
        },
        {
          "timestamp": 1453735459,
          "data": {
            "name": "N\u00c3\u00a4chste Open Air Party > RNBeach Pt. 2 am 31. Juli 2016!",
            "uri": "https://www.facebook.com/redacted"
          }
        },
        {
          "timestamp": 1453544268,
          "data": {
            "name": "ASV Senden vs. SV Westerholt",
            "uri": "https://www.facebook.com/redacted"
          }
        },
        {
          "timestamp": 1452468041,
          "data": {
            "name": "HEUTE: ROCKET PARTY / Rock, Alternative, PostHardcore, NuMetal / Killswitch Engage INCARNATE Release Party",
            "uri": "https://www.facebook.com/redacted"
          }
        },
        {
          "timestamp": 1452328605,
          "data": {
            "name": "EHRENLOS PARTY",
            "uri": "https://www.facebook.com/redacted"
          }
        },
        {
          "timestamp": 14520049123456789,
          "data": {
            "name": "Stabil",
            "uri": "https://www.facebook.com/redacted"
          }
        },
        {
          "timestamp": 1451749123456789,
          "data": {
            "name": "DI 05.01.: RAP ATTACK meets REBEL MUSIC @ Harmonie Gew\u00c3\u00b6lbekeller, Berlin",
            "uri": "https://www.facebook.com/redacted"
          }
        },
        {
          "timestamp": 1451548194,
          "data": {
            "name": "Silvesterparty - Der perfekte Start und Absturz ins neue Jahr",
            "uri": "https://www.facebook.com/redacted"
          }
        },
        {
          "timestamp": 1450615229,
          "data": {
            "name": "ASV Senden vs. SuS Oberaden",
            "uri": "https://www.facebook.com/redacted"
          }
        },
        {
          "timestamp": 1450258656,
          "data": {
            "name": "Studentische Vollversammlung",
            "uri": "https://www.facebook.com/redacted"
          }
        },
        {
          "timestamp": 1449123456789,
          "data": {
            "name": "RSS outing",
            "uri": "https://www.facebook.com/redacted"
          }
        },
        {
          "timestamp": 1449123456789,
          "data": {
            "name": "Weihnachtsfeier",
            "uri": "https://www.facebook.com/redacted"
          }
        },
        {
          "timestamp": 1449123456789,
          "data": {
            "name": "\u00e2\u009c\u0096 PandaParty FREIBURG",
            "uri": "https://www.facebook.com/redacted"
          }
        },
        {
          "timestamp": 1449123456789,
          "data": {
            "name": "Schicht im Schacht - Die letzte Party in der Unterf\u00c3\u00bchrung",
            "uri": "https://www.facebook.com/redacted"
          }
        },
        {
          "timestamp": 1449123456789,
          "data": {
            "name": "MASTA ACE, STRICKLIN, WORDSWORTH - eMC \"The tonite show\" Tour",
            "uri": "https://www.facebook.com/redacted"
          }
        },
        {
          "timestamp": 1448976511,
          "data": {
            "name": "ASV Senden vs. HSV Plettenberg/Werdohl",
            "uri": "https://www.facebook.com/redacted"
          }
        },
        {
          "timestamp": 1448976511,
          "data": {
            "name": "Sportlerparty @ StuSie- Fr, 27.11",
            "uri": "https://www.facebook.com/redacted"
          }
        },
        {
          "timestamp": 1448570528,
          "data": {
            "name": "Abschluss Reloaded - aber jetzt wirklich !",
            "uri": "https://www.facebook.com/redacted"
          }
        },
        {
          "timestamp": 1448026237,
          "data": {
            "name": "Kulturelle Fl\u00c3\u00bcchtlingsarbeit im Gespr\u00c3\u00a4ch",
            "uri": "https://www.facebook.com/redacted"
          }
        },
        {
          "timestamp": 1447847813,
          "data": {
            "name": "\"Wie politisch ist der Fu\u00c3\u009fball?\": Lesung mit Pavel Brun\u00c3\u009fen (Transparent) und Diethelm Blecking",
            "uri": "https://www.facebook.com/redacted"
          }
        },
        {
          "timestamp": 1447232350,
          "data": {
            "name": "K.I.Z. \u00e2\u0080\u00a2 Maimarkthalle \u00e2\u0080\u00a2 Mannheim",
            "uri": "https://www.facebook.com/redacted"
          }
        },
        {
          "timestamp": 1446968322,
          "data": {
            "name": "Hurricane Festival 2016",
            "uri": "https://www.facebook.com/redacted"
          }
        },
        {
          "timestamp": 1446921481,
          "data": {
            "name": "ASV Senden vs. HC Westfalia Herne",
            "uri": "https://www.facebook.com/redacted"
          }
        },
        {
          "timestamp": 1445114553,
          "data": {
            "name": "Geburtstags-Master-Abschluss-Julzz-WG-Feier",
            "uri": "https://www.facebook.com/redacted"
          }
        },
        {
          "timestamp": 1444761439,
          "data": {
            "name": "Die Julian-ist-voll-toll-Party",
            "uri": "https://www.facebook.com/redacted"
          }
        },
        {
          "timestamp": 1444238418,
          "data": {
            "name": "Meile Zombie-Walk II - Halloween 2015",
            "uri": "https://www.facebook.com/redacted"
          }
        },
        {
          "timestamp": 1444238418,
          "data": {
            "name": "180 Minuten !!!",
            "uri": "https://www.facebook.com/redacted"
          }
        },
        {
          "timestamp": 1443265342,
          "data": {
            "name": "ASV Senden vs. HC TuRa Bergkamen",
            "uri": "https://www.facebook.com/redacted"
          }
        },
        {
          "timestamp": 1443186732,
          "data": {
            "name": "Aktion Arschloch Flashmob Berlin",
            "uri": "https://www.facebook.com/redacted"
          }
        },
        {
          "timestamp": 1442575918,
          "data": {
            "name": "Opening",
            "uri": "https://www.facebook.com/redacted"
          }
        },
        {
          "timestamp": 1441995397,
          "data": {
            "name": "ASV Senden vs. OSC Dortmund",
            "uri": "https://www.facebook.com/redacted"
          }
        },
        {
          "timestamp": 1441969501,
          "data": {
            "name": "K.I.Z - \"Hurra die Welt geht unter\" Tour 2016",
            "uri": "https://www.facebook.com/redacted"
          }
        },
        {
          "timestamp": 1441362972,
          "data": {
            "name": "ALLESZUSP\u00c3\u0084T ! Vol. 3 || 4.9 || Niklas Wille | Lang & Saftig | Julian Husen-Hauff | Dihorn || White Rabbit",
            "uri": "https://www.facebook.com/redacted"
          }
        },
        {
          "timestamp": 1440170854,
          "data": {
            "name": "Die DECKER GARAGE hat ge\u00c3\u00b6ffnet!",
            "uri": "https://www.facebook.com/redacted"
          }
        },
        {
          "timestamp": 1437333107,
          "data": {
            "name": "Hilfe bei einer Studie",
            "uri": "https://www.facebook.com/redacted"
          }
        },
        {
          "timestamp": 1437128479,
          "data": {
            "name": "K.I.Z - \"Hurra, die Welt geht unter\" Tour 2015",
            "uri": "https://www.facebook.com/redacted"
          }
        },
        {
          "timestamp": 1436611614,
          "data": {
            "name": "2.FREIBURGER TATTOO WEEKEND *The Original*",
            "uri": "https://www.facebook.com/redacted"
          }
        },
        {
          "timestamp": 1436535623,
          "data": {
            "name": "LOS FASTIDIOS",
            "uri": "https://www.facebook.com/redacted"
          }
        },
        {
          "timestamp": 1435938341,
          "data": {
            "name": "Xavier Naidoo // Frei Sein // Open Air // Berlin",
            "uri": "https://www.facebook.com/redacted"
          }
        },
        {
          "timestamp": 1435607129,
          "data": {
            "name": "StuRa-Wahlen 2015",
            "uri": "https://www.facebook.com/redacted"
          }
        },
        {
          "timestamp": 1435403507,
          "data": {
            "name": "VEGAN HIGH CARB \u00e2\u0099\u00a5 SOMMER COME2GETHER",
            "uri": "https://www.facebook.com/redacted"
          }
        },
        {
          "timestamp": 14349123456789,
          "data": {
            "name": "Sommerfest @ StuSie - Sa, 27.06.",
            "uri": "https://www.facebook.com/redacted"
          }
        },
        {
          "timestamp": 1434691777,
          "data": {
            "name": "Bierk\u00c3\u00b6nigschie\u00c3\u009fen 2015",
            "uri": "https://www.facebook.com/redacted"
          }
        },
        {
          "timestamp": 1433915773,
          "data": {
            "name": "sch\u00c3\u00b6n // MITTSOMMER",
            "uri": "https://www.facebook.com/redacted"
          }
        },
        {
          "timestamp": 1432909922,
          "data": {
            "name": "\u00e2\u009c\u0096 VINTAGE FLOHMARKT in SCHMITZ KATZE",
            "uri": "https://www.facebook.com/redacted"
          }
        },
        {
          "timestamp": 143149123456789,
          "data": {
            "name": "Lichterfest im Park mit Feuerwerk 2015",
            "uri": "https://www.facebook.com/redacted"
          }
        },
        {
          "timestamp": 1431235138,
          "data": {
            "name": "\u00e2\u0098\u0085 DORFDISKO \u00e2\u0098\u0085",
            "uri": "https://www.facebook.com/redacted"
          }
        },
        {
          "timestamp": 1428094459,
          "data": {
            "name": "Back to the 90\u00c2\u00b4s \u00e2\u0080\u00a2 Kurhaus Unna",
            "uri": "https://www.facebook.com/redacted"
          }
        },
        {
          "timestamp": 1427975797,
          "data": {
            "name": "2.000.000 Stimmen erheben sich gegen Die Rundfunkgeb\u00c3\u00bchren",
            "uri": "https://www.facebook.com/redacted"
          }
        },
        {
          "timestamp": 1427694715,
          "data": {
            "name": "Blackslash at F\u00c3\u00bcrstenberg Lokal Derby - Berlin",
            "uri": "https://www.facebook.com/redacted"
          }
        },
        {
          "timestamp": 1427394562,
          "data": {
            "name": "Von der Pr\u00c3\u00bcfungsphase in die Geburtstagsoase!",
            "uri": "https://www.facebook.com/redacted"
          }
        },
        {
          "timestamp": 1425568190,
          "data": {
            "name": "20. Internationale Tattoo & Piercing Convention Dortmund",
            "uri": "https://www.facebook.com/redacted"
          }
        },
        {
          "timestamp": 14249123456789,
          "data": {
            "name": "ASV Senden vs. Sportfreunde Loxten",
            "uri": "https://www.facebook.com/redacted"
          }
        },
        {
          "timestamp": 1422022278,
          "data": {
            "name": "Geburtstagsfeier",
            "uri": "https://www.facebook.com/redacted"
          }
        },
        {
          "timestamp": 1421752264,
          "data": {
            "name": "Guckt mal unsere neue Kommode",
            "uri": "https://www.facebook.com/redacted"
          }
        },
        {
          "timestamp": 1421048577,
          "data": {
            "name": "\"Winterfest\"",
            "uri": "https://www.facebook.com/redacted"
          }
        },
        {
          "timestamp": 1420799170,
          "data": {
            "name": "Marty McFly Welcome Party",
            "uri": "https://www.facebook.com/redacted"
          }
        },
        {
          "timestamp": 1420702338,
          "data": {
            "name": "Southside Festival 2015",
            "uri": "https://www.facebook.com/redacted"
          }
        },
        {
          "timestamp": 1419855108,
          "data": {
            "name": "Silvester",
            "uri": "https://www.facebook.com/redacted"
          }
        },
        {
          "timestamp": 1418902321,
          "data": {
            "name": "Weihnachtsfeier",
            "uri": "https://www.facebook.com/redacted"
          }
        },
        {
          "timestamp": 1418236471,
          "data": {
            "name": "Geburtstag - Gem\u00c3\u00bctliche Pubrunde",
            "uri": "https://www.facebook.com/redacted"
          }
        },
        {
          "timestamp": 1417300779,
          "data": {
            "name": "ASV Senden vs. TuS 97 Bielefeld/J\u00c3\u00b6llenbeck",
            "uri": "https://www.facebook.com/redacted"
          }
        },
        {
          "timestamp": 1415111802,
          "data": {
            "name": "Jolie BEAUTY nights",
            "uri": "https://www.facebook.com/redacted"
          }
        },
        {
          "timestamp": 1414419741,
          "data": {
            "name": "Hallo\u00ef\u00bf\u00a6een Night @ Stusie \u00e2\u0080\u0093 Fr, 31.10",
            "uri": "https://www.facebook.com/redacted"
          }
        },
        {
          "timestamp": 1413617749,
          "data": {
            "name": "Sammy goes The Voice",
            "uri": "https://www.facebook.com/redacted"
          }
        },
        {
          "timestamp": 14120849123456789,
          "data": {
            "name": "MON#TAGS IM BALZBAMBII",
            "uri": "https://www.facebook.com/redacted"
          }
        },
        {
          "timestamp": 1411840867,
          "data": {
            "name": "Geburtstagsfete",
            "uri": "https://www.facebook.com/redacted"
          }
        },
        {
          "timestamp": 1409808408,
          "data": {
            "name": "ONSALE: SLIPKNOT \u00e2\u0080\u0093 PREPARE FOR HELL TOUR WITH SPECIAL GUEST HATEBREED",
            "uri": "https://www.facebook.com/redacted"
          }
        },
        {
          "timestamp": 1405718402,
          "data": {
            "name": "\u00e2\u0098\u0085 DORFDISKO \u00e2\u0098\u0085",
            "uri": "https://www.facebook.com/redacted"
          }
        },
        {
          "timestamp": 1405693523,
          "data": {
            "name": "Apr\u00c3\u00a8s Hock '14",
            "uri": "https://www.facebook.com/redacted"
          }
        },
        {
          "timestamp": 1405462196,
          "data": {
            "name": "Neuer\u00c3\u00b6ffnung",
            "uri": "https://www.facebook.com/redacted"
          }
        },
        {
          "timestamp": 1403590443,
          "data": {
            "name": "257ERS @ BIER & WURST OPEN AIR (K\u00c3\u0096LN)",
            "uri": "https://www.facebook.com/redacted"
          }
        },
        {
          "timestamp": 1402824695,
          "data": {
            "name": "SCHWARZ ROT GOLD - DIE OKAY WM ARENA",
            "uri": "https://www.facebook.com/redacted"
          }
        },
        {
          "timestamp": 1402474380,
          "data": {
            "name": "SEA YOU FESTIVAL 2014",
            "uri": "https://www.facebook.com/redacted"
          }
        },
        {
          "timestamp": 1402473199,
          "data": {
            "name": "Simon Lohmeyer's Dirty Pop-Up Gallery supported by FRANK",
            "uri": "https://www.facebook.com/redacted"
          }
        },
        {
          "timestamp": 1401312794,
          "data": {
            "name": "BigFM Groove Night mit DJ Boulevard Bou",
            "uri": "https://www.facebook.com/redacted"
          }
        },
        {
          "timestamp": 1400954294,
          "data": {
            "name": "Geburtstagsgrillerei",
            "uri": "https://www.facebook.com/redacted"
          }
        },
        {
          "timestamp": 1400317226,
          "data": {
            "name": "WG-Party",
            "uri": "https://www.facebook.com/redacted"
          }
        },
        {
          "timestamp": 1399882876,
          "data": {
            "name": "Grillen aufm Balkon",
            "uri": "https://www.facebook.com/redacted"
          }
        },
        {
          "timestamp": 1399266557,
          "data": {
            "name": "SUMMESTER-Party",
            "uri": "https://www.facebook.com/redacted"
          }
        },
        {
          "timestamp": 1399138639,
          "data": {
            "name": "Death by Unicorn / LIVE: A River Crossing (Lu) / DJ's Monoblock B & Nekri (zh)",
            "uri": "https://www.facebook.com/redacted"
          }
        },
        {
          "timestamp": 1394345521,
          "data": {
            "name": "MASHUP GERMANY / Klangraum Berlin",
            "uri": "https://www.facebook.com/redacted"
          }
        },
        {
          "timestamp": 1388232547,
          "data": {
            "name": "Silvester",
            "uri": "https://www.facebook.com/redacted"
          }
        },
        {
          "timestamp": 1386345248,
          "data": {
            "name": "Geburtstag - feuchtfr\u00c3\u00b6hliches Zusammensitzen",
            "uri": "https://www.facebook.com/redacted"
          }
        },
        {
          "timestamp": 1386345248,
          "data": {
            "name": "Weihnachtsfeier",
            "uri": "https://www.facebook.com/redacted"
          }
        },
        {
          "timestamp": 1386236694,
          "data": {
            "name": "Geburtstagsparty",
            "uri": "https://www.facebook.com/redacted"
          }
        },
        {
          "timestamp": 13849123456789,
          "data": {
            "name": "Vollj\u00c3\u00a4hrigkeit",
            "uri": "https://www.facebook.com/redacted"
          }
        },
        {
          "timestamp": 1383252916,
          "data": {
            "name": "WG Party bei Dufner/Knosp? Challenge accepted Party 3",
            "uri": "https://www.facebook.com/redacted"
          }
        },
        {
          "timestamp": 1367679305,
          "data": {
            "name": "100 Jahre DLRG",
            "uri": "https://www.facebook.com/redacted"
          }
        },
        {
          "timestamp": 1367517721,
          "data": {
            "name": "SPORTLERPARTY Mai 2013",
            "uri": "https://www.facebook.com/redacted"
          }
        },
        {
          "timestamp": 1367221392,
          "data": {
            "name": "Urabstimmung zur Verfassten Studierendenschaft",
            "uri": "https://www.facebook.com/redacted"
          }
        },
        {
          "timestamp": 1366450070,
          "data": {
            "name": "WG Party bei Dufner/Knosp? Challenge accepted Party 2",
            "uri": "https://www.facebook.com/redacted"
          }
        },
        {
          "timestamp": 1349123456789,
          "data": {
            "name": "Wg Party bei Dufner/Knosp? Challenge accepted!",
            "uri": "https://www.facebook.com/redacted"
          }
        }
      ]
    },
    {
      "name": "Gruppen, die du besucht hast",
      "description": "Gruppen, die du k\u00c3\u00bcrzlich besucht hast",
      "entries": [
        {
          "timestamp": 1702745563,
          "data": {
            "name": "HSHL- Offizielle Gruppe der Studenten",
            "uri": "https://www.facebook.com/redacted"
          }
        },
        {
          "timestamp": 1702745539,
          "data": {
            "name": "Ausflugsziele in Nordrhein-Westfalen",
            "uri": "https://www.facebook.com/redacted"
          }
        },
        {
          "timestamp": 1702745427,
          "data": {
            "name": "BOCK TOWN - Hier bin ich zuhaus!!!!",
            "uri": "https://www.facebook.com/redacted"
          }
        },
        {
          "timestamp": 1702745381,
          "data": {
            "name": "JOHE TATTOOS",
            "uri": "https://www.facebook.com/redacted"
          }
        },
        {
          "timestamp": 1702745360,
          "data": {
            "name": "Mikrosystemtechnik Ersties Uni Berlin WS 11/12",
            "uri": "https://www.facebook.com/redacted"
          }
        },
        {
          "timestamp": 1702745353,
          "data": {
            "name": "Mitfahrzentrale Berlin",
            "uri": "https://www.facebook.com/redacted"
          }
        },
        {
          "timestamp": 1659326897,
          "data": {
            "name": "Nageldesign Ideen",
            "uri": "https://www.facebook.com/redacted"
          }
        },
        {
          "timestamp": 1640014707,
          "data": {
            "name": "WHG '11",
            "uri": "https://www.facebook.com/redacted"
          }
        },
        {
          "timestamp": 1619898580,
          "data": {
            "name": "Tiersuche und -fund Unna und 30 km Umkreis",
            "uri": "https://www.facebook.com/redacted"
          }
        },
        {
          "timestamp": 1619537440,
          "data": {
            "name": "Rock'n'Heim '14",
            "uri": "https://www.facebook.com/redacted"
          }
        },
        {
          "timestamp": 1619537440,
          "data": {
            "name": "Southside 2013",
            "uri": "https://www.facebook.com/redacted"
          }
        },
        {
          "timestamp": 1619204156,
          "data": {
            "name": "Escht Kabarett",
            "uri": "https://www.facebook.com/redacted"
          }
        },
        {
          "timestamp": 1616337427,
          "data": {
            "name": "TF Fr Jahrgang WS 11",
            "uri": "https://www.facebook.com/redacted"
          }
        },
        {
          "timestamp": 1601052514,
          "data": {
            "name": "Deko Idee  ... F\u00c3\u00bcr Jeden Und Jede Jahreszeit",
            "uri": "https://www.facebook.com/redacted"
          }
        },
        {
          "timestamp": 1599818809,
          "data": {
            "name": "Abinections",
            "uri": "https://www.facebook.com/redacted"
          }
        },
        {
          "timestamp": 1587142940,
          "data": {
            "name": "Wildvogelhilfe-Notf\u00c3\u00a4lle",
            "uri": "https://www.facebook.com/redacted"
          }
        },
        {
          "timestamp": 1568472998,
          "data": {
            "name": "Geometric Art and Pattern",
            "uri": "https://www.facebook.com/redacted"
          }
        }
      ]
    },
    {
      "name": "Marketplace-Besuche",
      "description": "Wann du den Marketplace besucht hast",
      "entries": [
        {
          "data": {
            "value": "16.12.2023"
          }
        },
        {
          "data": {
            "value": "12.12.2021"
          }
        },
        {
          "data": {
            "value": "11.12.2021"
          }
        },
        {
          "data": {
            "value": "08.05.2021"
          }
        },
        {
          "data": {
            "value": "21.03.2021"
          }
        },
        {
          "data": {
            "value": "04.03.2021"
          }
        },
        {
          "data": {
            "value": "15.11.2018"
          }
        },
        {
          "data": {
            "value": "31.07.2018"
          }
        },
        {
          "data": {
            "value": "24.07.2018"
          }
        },
        {
          "data": {
            "value": "22.07.2018"
          }
        },
        {
          "data": {
            "value": "16.07.2018"
          }
        },
        {
          "data": {
            "value": "10.07.2018"
          }
        },
        {
          "data": {
            "value": "09.07.2018"
          }
        },
        {
          "data": {
            "value": "02.07.2018"
          }
        },
        {
          "data": {
            "value": "20.06.2018"
          }
        },
        {
          "data": {
            "value": "09.06.2018"
          }
        },
        {
          "data": {
            "value": "26.05.2018"
          }
        },
        {
          "data": {
            "value": "20.05.2018"
          }
        },
        {
          "data": {
            "value": "05.05.2018"
          }
        },
        {
          "data": {
            "value": "19.04.2018"
          }
        },
        {
          "data": {
            "value": "14.04.2018"
          }
        },
        {
          "data": {
            "value": "12.04.2018"
          }
        },
        {
          "data": {
            "value": "02.04.2018"
          }
        },
        {
          "data": {
            "value": "25.03.2018"
          }
        },
        {
          "data": {
            "value": "19.03.2018"
          }
        },
        {
          "data": {
            "value": "03.03.2018"
          }
        },
        {
          "data": {
            "value": "09.02.2018"
          }
        },
        {
          "data": {
            "value": "08.02.2018"
          }
        },
        {
          "data": {
            "value": "07.02.2018"
          }
        },
        {
          "data": {
            "value": "17.01.2018"
          }
        },
        {
          "data": {
            "value": "08.01.2018"
          }
        },
        {
          "data": {
            "value": "01.01.2018"
          }
        },
        {
          "data": {
            "value": "24.12.2017"
          }
        },
        {
          "data": {
            "value": "18.12.2017"
          }
        },
        {
          "data": {
            "value": "06.12.2017"
          }
        },
        {
          "data": {
            "value": "03.12.2017"
          }
        },
        {
          "data": {
            "value": "02.12.2017"
          }
        },
        {
          "data": {
            "value": "07.11.2017"
          }
        },
        {
          "data": {
            "value": "13.10.2017"
          }
        }
      ]
    }
  ]
}