{
  "following_v3": [
    {
      "name": "National Geographic",
      "timestamp": 1653577845
    },
    {
      "name": "Smithsonian Magazine",
      "timestamp": 1614000516
    },
    {
      "name": "The Atlantic",
      "timestamp": 1587813505
    },
    {
      "name": "The New Yorker",
      "timestamp": 1583084543
    },
    {
      "name": "BBC News",
      "timestamp": 1583084534
    },
    {
      "name": "The Guardian",
      "timestamp": 1574617516
    },
    {
      "name": "CNN",
      "timestamp": 1573065383
    },
    {
      "name": "The New York Times",
      "timestamp": 1572983070
    },
    {
      "name": "The Economist",
      "timestamp": 1569251384
    },
    {
      "name": "Time",
      "timestamp": 1560625210
    },
    {
      "name": "MIT Technology Review",
      "timestamp": 1557781529
    },
    {
      "name": "Harvard Business Review",
      "timestamp": 1557681288
    },
    {
      "name": "Forbes",
      "timestamp": 1549362290
    },
    {
      "name": "Wired",
      "timestamp": 1547927672
    },
    {
      "name": "Al Jazeera English",
      "timestamp": 1541865295
    },
    {
      "name": "BBC World Service",
      "timestamp": 1538426392
    },
    {
      "name": "The Wall Street Journal",
      "timestamp": 1537642836
    },
    {
      "name": "TED Talks",
      "timestamp": 1536964936
    },
    {
      "name": "Netflix",
      "timestamp": 1522238471
    },
    {
      "name": "Duolingo",
      "timestamp": 1521433013
    },
    {
      "name": "CnCNet",
      "timestamp": 1521432748
    },

    {
      "name": "Benny Lewis",
      "timestamp": 1487683335
    },
 
    {
      "name": "Niladri Das",
      "timestamp": 1485384098
    },
    {
      "name": "Scientific American",
      "timestamp": 1485107342
    },
    {
      "name": "Vox",
      "timestamp": 1484370894
    },
    {
      "name": "Reuters",
      "timestamp": 1484370770
    },
    {
      "name": "Slate",
      "timestamp": 1484247709
    },
    {
      "name": "The Washington Post",
      "timestamp": 1481847892
    },
    {
      "name": "MSNBC",
      "timestamp": 1481075806
    },
    {
      "name": "Bloomberg",
      "timestamp": 1480535453
    },
    {
      "name": "Newsweek",
      "timestamp": 1479662124
    },
    {
      "name": "Stanford University",
      "timestamp": 1479038829
    },
    {
      "name": "Fast Company",
      "timestamp": 1477927418
    },
    {
      "name": "Engadget",
      "timestamp": 1476990499
    },
    {
      "name": "The Verge",
      "timestamp": 1476822285
    },
    {
      "name": "NPR",
      "timestamp": 1476740006
    },
    {
      "name": "Babbel",
      "timestamp": 1476682315
    }
  ]
}