{
    "account_activity_v2": [
      {
        "action": "Session updated",
        "timestamp": 1689517615,
        "ip_address": "204.42.250.1",
        "user_agent": "Mozilla/5.0 (Windows NT 11.0; Win64; x64) AppleWebKit/537.36 (KHTML, like Gecko) Chrome/116.0.0.0 Safari/537.36",
        "datr_cookie": "XyZ4********************",
        "city": "Los Angeles",
        "region": "California",
        "country": "US",
        "site_name": "www.facebook.com"
      },
      {
        "action": "Session updated",
        "timestamp": 1689456083,
        "ip_address": "207.66.44.43",
        "user_agent": "Dalvik/2.1.0 (Linux; U; Android 14; RMX2202 Build/RKQ1.210805.005) [FBAN/Orca-Android;FBAV/418.0.0.14.78;FBPN/com.facebook.orca;FBLC/en_US;FBBV/495637510;FBCR/Verizon;FBMF/Google;FBBD/Pixel;FBDV/RMX2202;FBSV/14;FBCA/arm64-v8a:null;FBDM/{density=2.625,width=1080,height=2340};FB_FW/1;] FBBK/1",
        "datr_cookie": "P6Lx********************",
        "city": "Los Angeles",
        "region": "California",
        "country": "US",
        "site_name": "www.facebook.com"
      },
      {
        "action": "Session updated",
        "timestamp": 1689447051,
        "ip_address": "209.133.54.156",
        "user_agent": "[FBAN/FB4A;FBAV/425.0.0.22.119;FBBV/496805507;FBDM/{density=2.0,width=720,height=1280};FBLC/en_US;FBRV/0;FBCR/AT&T;FBMF/Google;FBBD/Pixel;FBPN/com.facebook.katana;FBDV/RMX2201;FBSV/14;FBOP/1;FBCA/arm64-v8a:;]",
        "datr_cookie": "Q2Jk********************",
        "city": "Los Angeles",
        "region": "California",
        "country": "US",
        "site_name": "www.facebook.com"
    },
    {
        "action": "Session updated",
        "timestamp": 1689426621,
        "ip_address": "173.212.65.99",
        "user_agent": "Mozilla/5.0 (Linux; Android 11; SM-G991B) AppleWebKit/537.36 (KHTML, like Gecko) Chrome/116.0.0.0 Mobile Safari/537.36",
        "datr_cookie": "F7aZ********************",
        "city": "Los Angeles",
        "region": "California",
        "country": "US",
        "site_name": "www.facebook.com"
    },
    {
        "action": "Session updated",
        "timestamp": 1689360624,
        "ip_address": "66.249.70.30",
        "user_agent": "[FBAN/FB4A;FBAV/426.0.0.27.130;FBBV/498974512;FBDM/{density=2.0,width=720,height=1280};FBLC/en_US;FBRV/0;FBCR/AT&T;FBMF/Google;FBBD/Pixel;FBPN/com.facebook.katana;FBDV/RMX2201;FBSV/14;FBOP/1;FBCA/arm64-v8a:;]",
        "datr_cookie": "S9vT********************",
        "city": "San Francisco",
        "region": "California",
        "country": "US",
        "site_name": "www.facebook.com"
    },
    {
        "action": "Session updated",
        "timestamp": 1689353488,
        "ip_address": "74.125.24.147",
        "user_agent": "Dalvik/2.1.0 (Linux; U; Android 14; RMX2202 Build/RKQ1.210805.005) [FBAN/Orca-Android;FBAV/418.0.0.14.78;FBPN/com.facebook.orca;FBLC/en_US;FBBV/495637510;FBCR/Verizon;FBMF/Google;FBBD/Pixel;FBDV/RMX2202;FBSV/14;FBCA/arm64-v8a:null;FBDM/{density=2.625,width=1080,height=2340};FB_FW/1;] FBBK/1",
        "datr_cookie": "L2Rf********************",
        "city": "San Francisco",
        "region": "California",
        "country": "US",
        "site_name": "www.facebook.com"
    },
    {
        "action": "Session updated",
        "timestamp": 1689348321,
        "ip_address": "209.85.147.104",
        "user_agent": "Mozilla/5.0 (iPhone; CPU iPhone OS 15_0 like Mac OS X) AppleWebKit/605.1.15 (KHTML, like Gecko) FxiOS/35.0 Mobile/15E148 Safari/605.1.15",
        "datr_cookie": "R8Xg********************",
        "city": "New York",
        "region": "New York",
        "country": "US",
        "site_name": "www.facebook.com"
    },
    {
        "action": "Session updated",
        "timestamp": 1689324587,
        "ip_address": "64.233.177.139",
        "user_agent": "[FBAN/FB4A;FBAV/427.0.0.23.120;FBBV/500132507;FBDM/{density=3.0,width=1440,height=2960};FBLC/en_US;FBRV/0;FBCR/T-Mobile;FBMF/Samsung;FBBD/Samsung;FBPN/com.facebook.katana;FBDV/SM-G991B;FBSV/15;FBOP/1;FBCA/arm64-v8a:;]",
        "datr_cookie": "C5Zk********************",
        "city": "New York",
        "region": "New York",
        "country": "US",
        "site_name": "www.facebook.com"
    },
    {
        "action": "Session updated",
        "timestamp": 1689307923,
        "ip_address": "216.58.194.206",
        "user_agent": "Mozilla/5.0 (Macintosh; Intel Mac OS X 10_15_7) AppleWebKit/537.36 (KHTML, like Gecko) Chrome/116.0.0.0 Safari/537.36",
        "datr_cookie": "T9Bf********************",
        "city": "New York",
        "region": "New York",
        "country": "US",
        "site_name": "www.facebook.com"
    },
    {
        "action": "Session updated",
        "timestamp": 1689264730,
        "ip_address": "172.217.11.174",
        "user_agent": "[FBAN/FB4A;FBAV/428.0.0.24.112;FBBV/502400221;FBDM/{density=3.0,width=1440,height=2960};FBLC/en_US;FBRV/0;FBCR/Sprint;FBMF/Samsung;FBBD/Samsung;FBPN/com.facebook.katana;FBDV/SM-G991B;FBSV/15;FBOP/1;FBCA/arm64-v8a:;]",
        "datr_cookie": "W8Hs********************",
        "city": "Chicago",
        "region": "Illinois",
        "country": "US",
        "site_name": "www.facebook.com"
    },
    {
        "action": "Session updated",
        "timestamp": 1689256622,
        "ip_address": "142.250.65.78",
        "user_agent": "Dalvik/2.1.0 (Linux; U; Android 14; RMX2202 Build/RKQ1.210805.005) [FBAN/Orca-Android;FBAV/419.0.0.15.91;FBPN/com.facebook.orca;FBLC/en_US;FBBV/496735510;FBCR/Verizon;FBMF/Google;FBBD/Pixel;FBDV/RMX2202;FBSV/14;FBCA/arm64-v8a:null;FBDM/{density=2.625,width=1080,height=2340};FB_FW/1;] FBBK/1",
        "datr_cookie": "P4Qx********************",
        "city": "Chicago",
        "region": "Illinois",
        "country": "US",
        "site_name": "www.facebook.com"
    },
    {
        "action": "Session updated",
        "timestamp": 1689248419,
        "ip_address": "64.233.177.108",
        "user_agent": "Mozilla/5.0 (Windows NT 11.0; Win64; x64) AppleWebKit/537.36 (KHTML, like Gecko) Chrome/116.0.0.0 Safari/537.36",
        "datr_cookie": "Z3Fg********************",
        "city": "San Francisco",
        "region": "California",
        "country": "US",
        "site_name": "www.facebook.com"
    }
]
}