{
    "account_status_changes_v2": [
      {
        "status": "Account reactivated",
        "timestamp": 1699277081
      },
      {
        "status": "Account deactivated",
        "timestamp": 1698277081
      },
      {
        "status": "Account reactivated",
        "timestamp": 1698277034
      },
      {
        "status": "Account deactivated",
        "timestamp": 1697731897
      },
      {
        "status": "Account reactivated",
        "timestamp": 1534185845
      },
      {
        "status": "Account deactivated",
        "timestamp": 1533781238
      },
      {
        "status": "Account reactivated",
        "timestamp": 1533780919
      },
      {
        "status": "Account deactivated",
        "timestamp": 1533780795
      },
      {
        "status": "Account reactivated",
        "timestamp": 1533780605
      },
      {
        "status": "Account deactivated",
        "timestamp": 1533780548
      },
      {
        "status": "Account reactivated",
        "timestamp": 1533780358
      },
      {
        "status": "Account deactivated",
        "timestamp": 1533780308
      },
      {
        "status": "Account reactivated",
        "timestamp": 1533779976
      },
      {
        "status": "Account deactivated",
        "timestamp": 1533779657
      },
      {
        "status": "Account reactivated",
        "timestamp": 1527791125
      },
      {
        "status": "Account deactivated",
        "timestamp": 1527186322
      }
    ]
  }
  