{
    "active_sessions_v2": [
      {
        "created_timestamp": 1681830115,
        "updated_timestamp": 1689517615,
        "ip_address": "2a03:1403:8410:29d0:1c29:9a86:678e:8b2",
        "user_agent": "Mozilla/5.0 (Macintosh; Intel Mac OS X 10_15_7) AppleWebKit/605.1.15 (KHTML, like Gecko) Version/15.0 Safari/605.1.15",
        "datr_cookie": "LBzE********************",
        "device": "Mac PC",
        "location": "New York, USA",
        "app": "Safari",
        "session_type": "web"
      },
      {
        "created_timestamp": 1670317321,
        "updated_timestamp": 1689456083,
        "ip_address": "2a04:3203:8410:29d0:1c26:6a78:e54f:fead",
        "user_agent": "Dalvik/2.1.0 (Linux; U; Android 12; Pixel 4a Build/SQ1A.210105.003) [FBAN/Orca-Android;FBAV/417.0.0.12.64;FBPN/com.facebook.orca;FBLC/en_US;FBBV/493307510;FBCR/T-Mobile;FBMF/Google;FBBD/Google;FBDV/Pixel 4a;FBSV/12;FBCA/arm64-v8a:null;FBDM/{density=2.625,width=1080,height=2340};FB_FW/1;] FBBK/1",
        "datr_cookie": "wK6t********************",
        "device": "Pixel 4a",
        "location": "Los Angeles, USA",
        "app": "Messenger",
        "session_type": "messenger"
      },
      {
        "created_timestamp": 1671824005,
        "updated_timestamp": 1689447051,
        "ip_address": "2a03:3042:18:4dc1:29cd:7780:7df3:ef3d",
        "user_agent": "[FBAN/FB4A;FBAV/423.0.0.21.64;FBBV/493706106;FBDM/{density=2.625,width=1080,height=2340};FBLC/en_US;FBRV/0;FBCR/T-Mobile;FBMF/Google;FBBD/Google;FBPN/com.facebook.katana;FBDV/Pixel 4a;FBSV/12;FBOP/1;FBCA/arm64-v8a:;]",
        "datr_cookie": "-rWg********************",
        "device": "Pixel 4a",
        "location": "Paderborn, Germany",
        "app": "Facebook app",
        "session_type": "fb4a"
      },
      {
        "created_timestamp": 1677859863,
        "updated_timestamp": 1689426621,
        "ip_address": "2004:e1:2815:1802:1c26:6b79:d54f:dead",
        "user_agent": "Mozilla/5.0 (Linux; Android 11; Pixel 4a) AppleWebKit/537.36 (KHTML, like Gecko) Chrome/114.0.0.0 Mobile Safari/537.36",
        "datr_cookie": "fO-6********************",
        "device": "Android",
        "location": "Chicago, USA",
        "app": "Chrome",
        "session_type": "mobile_web"
      },
      {
        "created_timestamp": 1684940403,
        "ip_address": "2a03:3103:8410:29d0:4b9:cf91:6157:88f6",
        "user_agent": "Mozilla/5.0 (Macintosh; Intel Mac OS X 10_15_7) AppleWebKit/605.1.15 (KHTML, like Gecko) Version/15.0 Safari/605.1.15",
        "datr_cookie": "cCZu********************",
        "device": "Mac PC",
        "location": "Rajkot, India",
        "app": "Safari",
        "session_type": "web"
      },
          {
            "created_timestamp": 1681830115,
            "updated_timestamp": 1689517615,
            "ip_address": "2a03:1403:8410:29d0:1c29:9a86:678e:8b2",
            "user_agent": "Mozilla/5.0 (Macintosh; Intel Mac OS X 10_15_7) AppleWebKit/605.1.15 (KHTML, like Gecko) Version/15.0 Safari/605.1.15",
            "datr_cookie": "LBzE********************",
            "device": "Mac PC",
            "location": "New Delhi, India",
            "app": "Safari",
            "session_type": "web"
          },
          {
            "created_timestamp": 1670317321,
            "updated_timestamp": 1689456083,
            "ip_address": "2a04:3203:8410:29d0:1c26:6a78:e54f:fead",
            "user_agent": "Dalvik/2.1.0 (Linux; U; Android 12; Pixel 5 Build/RD1A.200810.021) [FBAN/Orca-Android;FBAV/417.0.0.12.64;FBPN/com.facebook.orca;FBLC/en_US;FBBV/493307510;FBCR/Verizon;FBMF/Google;FBBD/Google;FBDV/Pixel 5;FBSV/12;FBCA/arm64-v8a:null;FBDM/{density=2.75,width=1080,height=2280};FB_FW/1;] FBBK/1",
            "datr_cookie": "wK6t********************",
            "device": "Pixel 5",
            "location": "San Diego, USA",
            "app": "Messenger",
            "session_type": "messenger"
          },
          {
            "created_timestamp": 1671824005,
            "updated_timestamp": 1689447051,
            "ip_address": "2a03:3042:18:4dc1:29cd:7780:7df3:ef3d",
            "user_agent": "[FBAN/FB4A;FBAV/423.0.0.21.64;FBBV/493706106;FBDM/{density=2.75,width=1080,height=2280};FBLC/en_US;FBRV/0;FBCR/Verizon;FBMF/Google;FBBD/Google;FBPN/com.facebook.katana;FBDV/Pixel 5;FBSV/12;FBOP/1;FBCA/arm64-v8a:;]",
            "datr_cookie": "-rWg********************",
            "device": "Pixel 5",
            "location": "Amsterdam, NL",
            "app": "Facebook app",
            "session_type": "fb4a"
          },
          {
            "created_timestamp": 1677859863,
            "updated_timestamp": 1689426621,
            "ip_address": "2004:e1:2815:1802:1c26:6b79:d54f:dead",
            "user_agent": "Mozilla/5.0 (Linux; Android 11; Pixel 5) AppleWebKit/537.36 (KHTML, like Gecko) Chrome/114.0.0.0 Mobile Safari/537.36",
            "datr_cookie": "fO-6********************",
            "device": "Android",
            "location": "San Francisco, USA",
            "app": "Chrome",
            "session_type": "mobile_web"
          },
          {
            "created_timestamp": 1684940403,
            "ip_address": "2a03:3103:8410:29d0:4b9:cf91:6157:88f6",
            "user_agent": "Mozilla/5.0 (Macintosh; Intel Mac OS X 10_15_7) AppleWebKit/605.1.15 (KHTML, like Gecko) Version/15.0 Safari/605.1.15",
            "datr_cookie": "cCZu********************",
            "device": "Mac PC",
            "location": "Paris, France",
            "app": "Safari",
            "session_type": "web"
          }
        ]
      }
 
