{
  "active_sessions_v2": [
    {
      "created_timestamp": 1666430942,
      "ip_address": "2a02:908:2210:ee60:1b2:7577:626:a690",
      "user_agent": "Mozilla/5.0 (Macintosh; Intel Mac OS X 10_15_7) AppleWebKit/537.36 (KHTML, like Gecko) Chrome/106.0.0.0 Safari/537.36",
      "datr_cookie": "Oqg2********************",
      "device": "Mac",
      "location": "Paderborn, Germany",
      "app": "Chrome",
      "session_type": "web"
    },
    {
      "created_timestamp": 1617346481,
      "updated_timestamp": 1666284461,
      "ip_address": "2a02:908:2210:ee60:4137:5fab:4528:d331",
      "user_agent": "Mozilla/5.0 (iPhone; CPU iPhone OS 15_4_1 like Mac OS X) AppleWebKit/605.1.15 (KHTML, like Gecko) Mobile/19E258 [FBAN/FBIOS;FBAV/388.0.0.31.106;FBBV/408000727;FBDV/iPhone12,1;FBMD/iPhone;FBSN/iOS;FBSV/15.4.1;FBSS/2;FBID/phone;FBLC/en_GB;FBOP/5;FBRV/409822828]",
      "datr_cookie": "4dsn********************",
      "device": "iPhone 11",
      "location": "Paderborn, Germany",
      "app": "Facebook app",
      "session_type": "iphone"
    },
    {
      "created_timestamp": 1660917560,
      "updated_timestamp": 1665482613,
      "ip_address": "2a02:908:2210:ee60:d8fb:a5f3:e9db:60c",
      "user_agent": "LightSpeed [FBAN/MessengerLiteForiOS;FBAV/381.0.0.26.102;FBBV/405390565;FBDV/iPhone12,1;FBMD/iPhone;FBSN/iOS;FBSV/15.4.1;FBSS/2;FBCR/;FBID/phone;FBLC/en-GB;FBOP/0]",
      "datr_cookie": "4dsn********************",
      "device": "iPhone 11",
      "location": "Paderborn, Germany",
      "app": "Messenger for iOS",
      "session_type": "messenger_lite_for_ios"
    },
    {
      "created_timestamp": 1640261384,
      "updated_timestamp": 1641972352,
      "ip_address": "1.22.88.220",
      "user_agent": "Mozilla/5.0 (X11; Linux x86_64) AppleWebKit/537.36 (KHTML, like Gecko) Chrome/89.0.4389.114 Safari/537.36",
      "datr_cookie": "1WbE********************",
      "device": "Linux",
      "location": "Rajkot, India",
      "app": "Chrome",
      "session_type": "web"
    }
  ]
}