{
  "history_v2": [
    {
      "title": "Nike",
      "action": "Clicked ad",
      "timestamp": 1676941562
    },
    {
      "title": "Disneyland",
      "action": "Clicked ad",
      "timestamp": 1675201135
    },
    {
      "title": "Apple",
      "action": "Clicked ad",
      "timestamp": 1676995750
    },
    {
      "title": "Coca-Cola",
      "action": "Clicked ad",
      "timestamp": 1677670084
    },
    {
      "title": "Home Depot",
      "action": "Clicked ad",
      "timestamp": 1676940070
    },
    {
      "title": "Ford",
      "action": "Clicked ad",
      "timestamp": 1675200060
    },
    {
      "title": "McDonald's",
      "action": "Clicked ad",
      "timestamp": 1676990045
    },
    {
      "title": "Microsoft",
      "action": "Clicked ad",
      "timestamp": 1677670030
    }
  ]
}
