{
  "custom_audiences_all_types_v2": [
    {
      "advertiser_name": "Acme Inc.",
      "has_data_file_custom_audience": true,
      "has_remarketing_custom_audience": false,
      "has_in_person_store_visit": true
    },
    {
      "advertiser_name": "Widget Corp",
      "has_data_file_custom_audience": false,
      "has_remarketing_custom_audience": true,
      "has_in_person_store_visit": false
    },
    {
      "advertiser_name": "Globex Industries",
      "has_data_file_custom_audience": true,
      "has_remarketing_custom_audience": true,
      "has_in_person_store_visit": true
    },
    {
      "advertiser_name": "XYZ Corp",
      "has_data_file_custom_audience": false,
      "has_remarketing_custom_audience": false,
      "has_in_person_store_visit": true
    },
    {
      "advertiser_name": "Initech",
      "has_data_file_custom_audience": true,
      "has_remarketing_custom_audience": true,
      "has_in_person_store_visit": false
    },
    {
      "advertiser_name": "Hooli",
      "has_data_file_custom_audience": false,
      "has_remarketing_custom_audience": true,
      "has_in_person_store_visit": true
    },
    {
      "advertiser_name": "Stark Industries",
      "has_data_file_custom_audience": true,
      "has_remarketing_custom_audience": false,
      "has_in_person_store_visit": false
    },
    {
      "advertiser_name": "Wayne Enterprises",
      "has_data_file_custom_audience": false,
      "has_remarketing_custom_audience": false,
      "has_in_person_store_visit": false
    },
    {
      "advertiser_name": "Umbrella Corporation",
      "has_data_file_custom_audience": true,
      "has_remarketing_custom_audience": true,
      "has_in_person_store_visit": true
    },
    {
      "advertiser_name": "Aperture Science",
      "has_data_file_custom_audience": false,
      "has_remarketing_custom_audience": false,
      "has_in_person_store_visit": true
    },
    {
      "advertiser_name": "Abstergo Industries",
      "has_data_file_custom_audience": true,
      "has_remarketing_custom_audience": false,
      "has_in_person_store_visit": false
    },
    {
      "advertiser_name": "Weyland-Yutani",
      "has_data_file_custom_audience": false,
      "has_remarketing_custom_audience": true,
      "has_in_person_store_visit": true
    },
    {
      "advertiser_name": "Dunder Mifflin",
      "has_data_file_custom_audience": true,
      "has_remarketing_custom_audience": false,
      "has_in_person_store_visit": true
    },
    {
      "advertiser_name": "Oscorp",
      "has_data_file_custom_audience": false,
      "has_remarketing_custom_audience": true,
      "has_in_person_store_visit": false
    }
  ]
}
