{
  "history_v2": [
    {
      "title": "Buy More - Electronics Store",
      "action": "Viewed product",
      "timestamp": 1700218762
    },
    {
      "title": "The Daily Grind - Coffee Shop",
      "action": "Made a purchase",
      "timestamp": 1700152400
    },
    {
      "title": "Smith's Sporting Goods",
      "action": "Added item to cart",
      "timestamp": 1700086000
    },
    {
      "title": "Jenny's Boutique",
      "action": "Visited website",
      "timestamp": 1700022000
    },
    {
      "title": "ABC Company",
      "action": "Clicked ad",
      "timestamp": 1699956000
    }
  ]
}
