[
  {
    "string_map_data": {
      "Comment": {
        "value": "Congratulations \u00f0\u009f\u008e\u0089"
      },
      "Media Owner": {
        "value": "channel"
      },
      "Time": {
        "timestamp": 1684739159
      }
    }
  },
  {
    "string_map_data": {
      "Comment": {
        "value": "Happy anniversary \u00e2\u009d\u00a4\u00ef\u00b8\u008f"
      },
      "Media Owner": {
        "value": "bradpitt"
      },
      "Time": {
        "timestamp": 1671529403
      }
    }
  },
  {
    "string_map_data": {
      "Comment": {
        "value": "Wish a very happy birthday \u00f0\u009f\u00a5\u00b3"
      },
      "Media Owner": {
        "value": "jeniferanaiston"
      },
      "Time": {
        "timestamp": 1670796165
      }
    }
  },
  {
    "string_map_data": {
      "Comment": {
        "value": "Happy birthday \u00f0\u009f\u00a5\u00b3"
      },
      "Media Owner": {
        "value": "Jenniferlasrence"
      },
      "Time": {
        "timestamp": 1669755884
      }
    }
  },
  {
    "string_map_data": {
      "Comment": {
        "value": "Congratulations \u00e2\u009d\u00a4\u00ef\u00b8\u008f"
      },
      "Media Owner": {
        "value": "jenniferlopez"
      },
      "Time": {
        "timestamp": 1669370446
      }
    }
  },
  {
    "string_map_data": {
      "Comment": {
        "value": "Congratulations \u00e2\u009d\u00a4\u00ef\u00b8\u008f"
      },
      "Media Owner": {
        "value": "scarlettjohansson"
      },
      "Time": {
        "timestamp": 1667245006
      }
    }
  },
  {
    "string_map_data": {
      "Comment": {
        "value": "Wish you a very happy birthday"
      },
      "Media Owner": {
        "value": "emmawatson"
      },
      "Time": {
        "timestamp": 1666031309
      }
    }
  },
  {
    "string_map_data": {
      "Comment": {
        "value": "Happy anniversary \u00f0\u009f\u00a4\u0097"
      },
      "Media Owner": {
        "value": "annehathway"
      },
      "Time": {
        "timestamp": 1661839100
      }
    }
  },
  {
    "string_map_data": {
      "Comment": {
        "value": "Congratulations \u00f0\u009f\u0098\u008d"
      },
      "Media Owner": {
        "value": "margotrobbie"
      },
      "Time": {
        "timestamp": 1640454636
      }
    }
  },
 {
    "string_map_data": {
      "Comment": {
        "value": "Yes..the little door"
      },
      "Media Owner": {
        "value": "angelinajolie"
      },
      "Time": {
        "timestamp": 1464511747
      }
    }
  }
]