{
  "comments_reels_comments": [
    {
      "string_map_data": {
        "Comment": {
          "value": "Wow"
        },
        "Media Owner": {
          "value": "annehathaway"
        },
        "Time": {
          "timestamp": 1585138368
        }
      }
    },
    {
      "string_map_data": {
        "Comment": {
          "value": "Good"
        },
        "Media Owner": {
          "value": "annehathaway"
        },
        "Time": {
          "timestamp": 1585138368
        }
      }
    },
    {
      "string_map_data": {
        "Comment": {
          "value": "Cool"
        },
        "Media Owner": {
          "value": "jenniferaniston"
        },
        "Time": {
          "timestamp": 1585138368
        }
      }
    },
    {
      "string_map_data": {
        "Comment": {
          "value": "Congrats"
        },
        "Media Owner": {
          "value": "emmastone"
        },
        "Time": {
          "timestamp": 1585138368
        }
      }
    },
    {
      "string_map_data": {
        "Comment": {
          "value": "Wow"
        },
        "Media Owner": {
          "value": "emmawatson"
        },
        "Time": {
          "timestamp": 1585138368
        }
      }
    },
    {
      "string_map_data": {
        "Comment": {
          "value": "happy birthday"
        },
        "Media Owner": {
          "value": "scarletjohansson"
        },
        "Time": {
          "timestamp": 1585138368
        }
      }
    },
    {
      "string_map_data": {
        "Comment": {
          "value": "Wow"
        },
        "Media Owner": {
          "value": "annehathaway"
        },
        "Time": {
          "timestamp": 1585138368
        }
      }
    },
    {
      "string_map_data": {
        "Comment": {
          "value": "Vampire sucks"
        },
        "Media Owner": {
          "value": "Emily Blunt"
        },
        "Time": {
          "timestamp": 1585138368
        }
      }
    },
    {
      "string_map_data": {
        "Comment": {
          "value": "Wow"
        },
        "Media Owner": {
          "value": "Nina Dobrev"
        },
        "Time": {
          "timestamp": 1585138368
        }
      }
    },
    {
      "string_map_data": {
        "Comment": {
          "value": "LOL"
        },
        "Media Owner": {
          "value": "Zendaya"
        },
        "Time": {
          "timestamp": 1585138368
        }
      }
    },
    {
      "string_map_data": {
        "Comment": {
          "value": "Sad"
        },
        "Media Owner": {
          "value": "sandrabullock"
        },
        "Time": {
          "timestamp": 1581824059
        }
      }
    }
  ]
}