{
  "events_invited_v2": [
    {
      "name": "Shakespearean Literature Festival",
      "start_timestamp": 1526787000,
      "end_timestamp": 0
    },
    {
      "name": "Battle of Algorithms",
      "start_timestamp": 1521264360,
      "end_timestamp": 1521276300
    },
    {
      "name": "Share your favorite travel photos and get a chance to win a new DSLR",
      "start_timestamp": 1451454300,
      "end_timestamp": 0
    },
    {
      "name": "National Planting Day, Sunday, 19th July, 2023 - Share on social media using #GreenDay2023",
      "start_timestamp": 1437273000,
      "end_timestamp": 1437276600
    },
    {
      "name": "Football Fan Club Meet",
      "start_timestamp": 1429764300,
      "end_timestamp": 0
    },
    {
      "name": "Like Our Page & Invite Your Friends... Stand a chance to win a free weekend getaway!",
      "start_timestamp": 1411378200,
      "end_timestamp": 1422005400
    },
    {
      "name": "Live Concert of John Mayer",
      "start_timestamp": 1409909400,
      "end_timestamp": 1409916600
    },
    {
      "name": "12th Grade Final Results Announcement",
      "start_timestamp": 1400581800,
      "end_timestamp": 0
    },
    {
      "name": "Global Children's Film Festival",
      "start_timestamp": 1321270200,
      "end_timestamp": 1321281000
    },
    {
      "name": "Support the climate change initiative",
      "start_timestamp": 1313418600,
      "end_timestamp": 1313422200
    }
  ]
}
