[
  {
    "type_INTERNAL": "",
    "timestamp": 1280640000,
    "attachments": [
      {
        "data": [
          {
            "media": {
              "uri": "posts/media/Mobileuploads_uNvZ_ij7YA/258821_125988924149502_1983563_o_125988924149502.jpg",
              "media_path_INTERNAL": "",
              "type_INTERNAL": "",
              "creation_timestamp": 1307614074,
              "media_metadata": {
                "photo_metadata": {
                  "exif_data": [
                    {
                      "upload_ip": "218.248.65.140"
                    }
                  ]
                }
              },
              "title": "Mobile uploads"
            }
          }
        ]
      }
    ],
    "data": [
      
    ],
    "title": "Sed ut perspiciatis, unde omnis iste natus error sit voluptatem accusantium doloremque laudantium"
  },
  {
    "type_INTERNAL": "",
    "timestamp": 1362096000,
    "attachments": [
      {
        "data": [
          {
            "media": {
              "uri": "posts/media/Timelinephotos_Egz3sw4bEw/244348_127268847354843_2211822_o_127268847354843.jpg",
              "media_path_INTERNAL": "",
              "type_INTERNAL": "",
              "creation_timestamp": 1362096000,
              "media_metadata": {
                "photo_metadata": {
                  "exif_data": [
                    {
                      "upload_ip": "27.60.211.64"
                    }
                  ]
                }
              },
              "title": "Timeline photos"
            }
          }
        ]
      }
    ],
    "data": [
      
    ],
    "title": "Sed ut perspiciatis, unde omnis iste natus error sit voluptatem accusantium doloremque laudantium."
  },
  {
    "type_INTERNAL": "",
    "timestamp": 1293840000,
    "data": [
      {
        "post": "Sed ut perspiciatis, unde omnis iste natus error sit voluptatem accusantium doloremque laudantium"
      }
    ]
  },
  {
    "type_INTERNAL": "",
    "timestamp": 1293840000,
    "data": [
      {
        "post": "Sed ut perspiciatis, unde omnis iste natus error sit voluptatem accusantium doloremque laudantium"
      }
    ]
  },
  {
    "type_INTERNAL": "",
    "timestamp": 1293840000,
    "data": [
      {
        "post": " Sed ut perspiciatis, unde omnis iste natus error sit voluptatem accusantium doloremque laudantium"
      }
    ]
  },
  {
    "type_INTERNAL": "",
    "timestamp": 1419984000,
    "data": [
      {
        "post": "Sed ut perspiciatis, unde omnis iste natus error sit voluptatem accusantium doloremque laudantium"
      }
    ]
  },
  {
    "type_INTERNAL": "",
    "timestamp": 1293840000,
    "data": [
      {
        "post": "Sed ut perspiciatis, unde omnis iste natus error sit voluptatem accusantium doloremque laudantium"
      }
    ]
  },
  {
    "type_INTERNAL": "",
    "timestamp": 1293840000,
    "data": [
      {
        "post": "Sed ut perspiciatis, unde omnis iste natus error sit voluptatem accusantium doloremque laudantium"
      }
    ]
  },
  {
    "type_INTERNAL": "",
    "timestamp": 1293840000,
    "data": [
      {
        "post": "Sed ut perspiciatis, unde omnis iste natus error sit voluptatem accusantium doloremque laudantium"
      }
    ]
  },
  {
    "type_INTERNAL": "",
    "timestamp": 1293840000,
    "data": [
      {
        "post": "Sed ut perspiciatis, unde omnis iste natus error sit voluptatem accusantium doloremque laudantium"
      }
    ]
  },
  {
    "type_INTERNAL": "",
    "timestamp": 1293840000,
    "data": [
      {
        "post": "Sed ut perspiciatis, unde omnis iste natus error sit voluptatem accusantium doloremque laudantium"
      }
    ]
  },
  {
    "type_INTERNAL": "",
    "timestamp": 1293840000,
    "data": [
      {
        "post": "Sed ut perspiciatis, unde omnis iste natus error sit voluptatem accusantium doloremque laudantium"
      }
    ]
  },
  {
    "type_INTERNAL": "",
    "timestamp": 1293840000,
    "data": [
      {
        "post": "Sed ut perspiciatis, unde omnis iste natus error sit voluptatem accusantium doloremque laudantium"
      }
    ]
  },
  {
    "type_INTERNAL": "",
    "timestamp": 1293840000,
    "data": [
      {
        "post": "Sed ut perspiciatis, unde omnis iste natus error sit voluptatem accusantium doloremque laudantium"
      }
    ]
  },
  {
    "type_INTERNAL": "",
    "timestamp": 1293840000,
    "data": [
      {
        "post": "Teacher- translate it in eng.  -      dukh hamesha saath rehta hai par khushi aati jaati rehti hai.               My wife is always with me but her sister comes and go."
      }
    ]
  },
  {
    "type_INTERNAL": "",
    "timestamp": 1385683200,
    "data": [
      {
        "post": "Sed ut perspiciatis, unde omnis iste natus error sit voluptatem accusantium doloremque laudantium"
      }
    ]
  },
  {
    "type_INTERNAL": "",
    "timestamp": 1393545600,
    "data": [
      {
        "post": "Sed ut perspiciatis, unde omnis iste natus error sit voluptatem accusantium doloremque laudantium"
      }
    ]
  },
  {
    "type_INTERNAL": "",
    "timestamp": 1404086400,
    "data": [
      {
        "post": "Sed ut perspiciatis, unde omnis iste natus error sit voluptatem accusantium doloremque laudantium"
      }
    ]
  },
  {
    "type_INTERNAL": "",
    "timestamp": 1411948800,
    "data": [
      {
        "post": "Sed ut perspiciatis, unde omnis iste natus error sit voluptatem accusantium doloremque laudantium"
      }
    ]
  },
  {
    "type_INTERNAL": "",
    "timestamp": 1427846400,
    "data": [
      {
        "post": "Sed ut perspiciatis, unde omnis iste natus error sit voluptatem accusantium doloremque laudantium"
      }
    ]
  },
  {
    "type_INTERNAL": "",
    "timestamp": 1462051200,
    "data": [
      {
        "post": "Sed ut perspiciatis, unde omnis iste natus error sit voluptatem accusantium doloremque laudantium"
      }
    ]
  },
  {
    "type_INTERNAL": "",
    "timestamp": 1477872000,
    "data": [
      {
        "post": "Sed ut perspiciatis, unde omnis iste natus error sit voluptatem accusantium doloremque laudantium"
      }
    ]
  },
  {
    "type_INTERNAL": "",
    "timestamp": 1485734400,
    "data": [
      {
        "post": "Sed ut perspiciatis, unde omnis iste natus error sit voluptatem accusantium doloremque laudantium."
      }
    ]
  },
  {
    "type_INTERNAL": "",
    "timestamp": 1493596800,
    "data": [
      {
        "post": "Sed ut perspiciatis, unde omnis iste natus error sit voluptatem accusantium doloremque laudantium"
      }
    ]
  },
  {
    "type_INTERNAL": "",
    "timestamp": 1501459200,
    "data": [
      {
        "post": "Sed ut perspiciatis, unde omnis iste natus error sit voluptatem accusantium doloremque laudantium"
      }
    ]
  },
  {
    "type_INTERNAL": "",
    "timestamp": 1512000000,
    "data": [
      {
        "post": "Sed ut perspiciatis, unde omnis iste natus error sit voluptatem accusantium doloremque laudantium"
      }
    ]
  },
  {
    "type_INTERNAL": "",
    "timestamp": 1520179200,
    "data": [
      {
        "post": "Sed ut perspiciatis, unde omnis iste natus error sit voluptatem accusantium doloremque laudantium"
      }
    ]
  },
  {
    "type_INTERNAL": "",
    "timestamp": 1528041600,
    "data": [
      {
        "post": "Sed ut perspiciatis, unde omnis iste natus error sit voluptatem accusantium doloremque laudantium"
      }
    ]
  },
  {
    "type_INTERNAL": "",
    "timestamp": 1535904000,
    "data": [
      {
        "post": "Sed ut perspiciatis, unde omnis iste natus error sit voluptatem accusantium doloremque laudantium"
      }
    ]
  },
  {
    "type_INTERNAL": "",
    "timestamp": 1543766400,
    "data": [
      {
        "post": "Sed ut perspiciatis, unde omnis iste natus error sit voluptatem accusantium doloremque laudantium"
      }
    ]
  },
  {
    "type_INTERNAL": "",
    "timestamp": 1551638400,
    "data": [
      {
        "post": "Sed ut perspiciatis, unde omnis iste natus error sit voluptatem accusantium doloremque laudantium"
      }
    ]
  },
  {
    "type_INTERNAL": "",
    "timestamp": 1562188800,
    "attachments": [
      {
        "data": [
          {
            "media": {
              "uri": "posts/media/Mobileuploads_uNvZ_ij7YA/316842_185443301537397_1348148368_n_185443301537397.jpg",
              "media_path_INTERNAL": "",
              "type_INTERNAL": "",
              "creation_timestamp": 1319606004,
              "media_metadata": {
                "photo_metadata": {
                  "exif_data": [
                    {
                      "upload_ip": "218.248.65.140"
                    }
                  ]
                }
              },
              "title": "Mobile uploads"
            }
          }
        ]
      }
    ],
    "data": [
      
    ],
    "title": "Sed ut perspiciatis, unde omnis iste natus error sit voluptatem accusantium doloremque laudantium."
  },
  {
    "type_INTERNAL": "",
    "timestamp": 1570051200,
    "attachments": [
      {
        "data": [
          {
            "media": {
              "uri": "posts/media/Mobileuploads_uNvZ_ij7YA/296620_185443718204022_517450645_n_185443718204022.jpg",
              "media_path_INTERNAL": "",
              "type_INTERNAL": "",
              "creation_timestamp": 1570051200,
              "media_metadata": {
                "photo_metadata": {
                  "exif_data": [
                    {
                      "upload_ip": "218.248.65.140"
                    }
                  ]
                }
              },
              "title": "Mobile uploads"
            }
          }
        ]
      }
    ],
    "data": [
      
    ],
    "title": "Sed ut perspiciatis, unde omnis iste natus error sit voluptatem accusantium doloremque laudantium."
  },
  {
    "type_INTERNAL": "",
    "timestamp": 1577913600,
    "data": [
      {
        "post": "Sed ut perspiciatis, unde omnis iste natus error sit voluptatem accusantium doloremque laudantium>"
      }
    ]
  },
  {
    "type_INTERNAL": "",
    "timestamp": 1425376000,
    "data": [
      {
        "post": "Sed ut perspiciatis, unde omnis iste natus error sit voluptatem accusantium doloremque laudantium"
      }
    ]
  },
  {
    "type_INTERNAL": "",
    "timestamp": 1425376000,
    "data": [
      {
        "post": "Sed ut perspiciatis, unde omnis iste natus error sit voluptatem accusantium doloremque laudantium"
      }
    ]
  },
  {
    "type_INTERNAL": "",
    "timestamp": 1525376000,
    "data": [
      {
        "post": "lSed ut perspiciatis, unde omnis iste natus error sit voluptatem accusantium doloremque laudantium"
      }
    ]
  },
  {
    "type_INTERNAL": "",
    "timestamp": 1525376000,
    "data": [
      {
        "post": "Sed ut perspiciatis, unde omnis iste natus error sit voluptatem accusantium doloremque laudantium"
      }
    ]
  },
  {
    "type_INTERNAL": "",
    "timestamp": 1356998400,
    "data": [
      {
        "post": "ESed ut perspiciatis, unde omnis iste natus error sit voluptatem accusantium doloremque laudantium"
      }
    ]
  },
  {
    "type_INTERNAL": "",
    "timestamp": 1293840000,
    "data": [
      {
        "post": "Sed ut perspiciatis, unde omnis iste natus error sit voluptatem accusantium doloremque laudantium."
      }
    ]
  },
  {
    "type_INTERNAL": "",
    "timestamp": 1293840000,
    "data": [
      {
        "post": "Sed ut perspiciatis, unde omnis iste natus error sit voluptatem accusantium doloremque laudantium"
      }
    ]
  },
  {
    "type_INTERNAL": "",
    "timestamp": 1293840000,
    "data": [
      {
        "post": "Sed ut perspiciatis, unde omnis iste natus error sit voluptatem accusantium doloremque laudantium"
      }
    ]
  },
  {
    "type_INTERNAL": "",
    "timestamp": 1293840000,
    "data": [
      {
        "post": "Sed ut perspiciatis, unde omnis iste natus error sit voluptatem accusantium doloremque laudantium"
      }
    ]
  },
  {
    "type_INTERNAL": "",
    "timestamp": 1293840000,
    "attachments": [
      {
        "data": [
          {
            "media": {
              "uri": "pSed ut perspiciatis, unde omnis iste natus error sit voluptatem accusantium doloremque laudantium",
              "media_path_INTERNAL": "",
              "type_INTERNAL": "",
              "creation_timestamp": 1293840000,
              "media_metadata": {
                "photo_metadata": {
                  "exif_data": [
                    {
                      "upload_ip": "42.108.20.129"
                    }
                  ]
                }
              },
              "title": "Timeline photos"
            }
          }
        ]
      }
    ],
    "data": [
      
    ],
    "title": "Sed ut perspiciatis, unde omnis iste natus error sit voluptatem accusantium doloremque laudantium."
  }
]