{
  "timestamp": 1573411873,
  "media": [
    
  ],
  "label_values": [
    {
      "label": "Letzter besuchter Tab"
    },
    {
      "label": "Zeitpunkt des letzten Tab-Besuchs",
      "timestamp_value": 1573411873
    },
    {
      "label": "Anzahl der Male, die du auf einen Tab geklickt hast",
      "vec": [
        {
          "timestamp_value": 1573411873
        }
      ]
    },
    {
      "label": "Zeitpunkt, zu dem du das letzte Mal die Facebook Gaming-App genutzt hast",
      "timestamp_value": 1573501595
    },
    {
      "label": "Die aktuelle Anzahl an aufeinanderfolgenden Tagen, an denen du die Facebook Gaming-App genutzt hast",
      "value": "1"
    },
    {
      "label": "Die gr\u00c3\u00b6\u00c3\u009fe Anzahl an aufeinanderfolgenden Tagen, an denen du die Facebook Gaming-App genutzt hast",
      "value": "1"
    },
    {
      "label": "Zeitpunkt des letzten Besuchs der Benachrichtigungs-Seite",
      "timestamp_value": 0
    },
    {
      "label": "Zeitpunkt, zu dem du das letzte Mal kostenlose Sterne im Gaming-Tab beansprucht hast",
      "timestamp_value": 0
    },
    {
      "label": "Zeitpunkt, zu dem du das letzte Mal kostenlose Sterne in der Facebook Gaming-App beansprucht hast",
      "timestamp_value": 0
    },
    {
      "label": "Zeitpunkt, zu dem du dir das letzte Mal ein Video angesehen hast",
      "timestamp_value": 0
    },
    {
      "label": "Zeitpunkt, zu dem du das letzte Mal ein Instant Game gespielt hast",
      "timestamp_value": 0
    },
    {
      "label": "Erstellt am",
      "timestamp_value": 1573411873
    }
  ]
}