{
  "history_v2": [
    {
      "title": "https://pummys.com/collections/winterschuhe",
      "action": "Klick auf Werbeanzeige",
      "timestamp": 1702742911
    },
    {
      "title": "Mehr entdecken",
      "action": "Klick auf Werbeanzeige",
      "timestamp": 1702486222
    },
    {
      "title": "Mehr entdecken",
      "action": "Klick auf Werbeanzeige",
      "timestamp": 1702486210
    },
    {
      "title": "{{product.brand}} | {{product.current_price}}",
      "action": "Klick auf Werbeanzeige",
      "timestamp": 1702223923
    },
    {
      "title": "https://brokeundschoen.de/products/holografischer-giraffen-body-8283",
      "action": "Klick auf Werbeanzeige",
      "timestamp": 1701509878
    },
    {
      "title": "Entdecke KARL KANI",
      "action": "Klick auf Werbeanzeige",
      "timestamp": 17000649123456789
    },
    {
      "title": "https://www.parookaville.com/en/tickets",
      "action": "Klick auf Werbeanzeige",
      "timestamp": 1699006393
    },
    {
      "title": "Bis zu 30% Rabatt \u00f0\u009f\u008e\u0083",
      "action": "Klick auf Werbeanzeige",
      "timestamp": 1698693463
    },
    {
      "title": "Bis zu 30% Rabatt \u00f0\u009f\u008e\u0083",
      "action": "Klick auf Werbeanzeige",
      "timestamp": 1698693412
    },
    {
      "title": "https://www.urbanoutfitters.com/de-de/",
      "action": "Klick auf Werbeanzeige",
      "timestamp": 1698435478
    },
    {
      "title": "https://www.urbanoutfitters.com/de-de/",
      "action": "Klick auf Werbeanzeige",
      "timestamp": 1698435369
    },
    {
      "title": "Shopcider_germany",
      "action": "Klick auf Werbeanzeige",
      "timestamp": 1698377077
    }
  ]
}