{
  "relationships_blocked_users": [
    {
      "title": "paruljindal8251",
      "string_list_data": [
        {
          "href": "https://www.instagram.com/_u/paruljindal8251",
          "timestamp": 1634917118
        }
      ]
    },
    {
      "title": "janac89ce",
      "string_list_data": [
        {
          "href": "https://www.instagram.com/_u/janac89ce",
          "timestamp": 1546453816
        }
      ]
    },
    {
        "title": "maxmustermann",
        "string_list_data": [
          {
            "href": "https://www.instagram.com/maxmustermann/",
            "timestamp": 1546453816
          }
        ]
    }
  ]
}