{
  "relationships_blocked_users": [
    {
      "title": "Gucci",
      "string_list_data": [
        {
          "href": "https://www.instagram.com/_u/gucci",
          "timestamp": 1669913364
        }
      ]
    },
    {
      "title": "puma",
      "string_list_data": [
        {
          "href": "https://www.instagram.com/_u/puma",
          "timestamp": 1669913364
        }
      ]
    },
    {
      "title": "adidasoriginals",
      "string_list_data": [
        {
          "href": "https://www.instagram.com/_u/adidasoriginals",
          "timestamp": 1669913364
        }
      ]
    },
    {
      "title": "adidas",
      "string_list_data": [
        {
          "href": "https://www.instagram.com/_u/adidas",
          "timestamp": 1669913364
        }
      ]
    },
    {
      "title": "adidasfootball",
      "string_list_data": [
        {
          "href": "https://www.instagram.com/_u/adidasfootball",
          "timestamp": 1669913364
        }
      ]
    }
  ]
}