{
  "relationships_follow_requests_received": [
    {
      "title": "",
      "media_list_data": [
        
      ],
      "string_list_data": [
        {
          "href": "https://www.instagram.com/adidasgolf",
          "value": "adidasgolf",
          "timestamp": 1685863956
        }
      ]
    },
    {
      "title": "",
      "media_list_data": [
        
      ],
      "string_list_data": [
        {
          "href": "https://www.instagram.com/sezane",
          "value": "sezane",
          "timestamp": 1684611830
        }
      ]
    },
    {
      "title": "",
      "media_list_data": [
        
      ],
      "string_list_data": [
        {
          "href": "https://www.instagram.com/pumaindia",
          "value": "pumaindia",
          "timestamp": 1684132857
        }
      ]
    },
    {
      "title": "",
      "media_list_data": [
        
      ],
      "string_list_data": [
        {
          "href": "https://www.instagram.com/virat.kohli",
          "value": "virat.kohli",
          "timestamp": 1681280432
        }
      ]
    },
    {
      "title": "",
      "media_list_data": [
        
      ],
      "string_list_data": [
        {
          "href": "https://www.instagram.com/maccosmeticsindia",
          "value": "maccosmeticsindia",
          "timestamp": 1679939370
        }
      ]
    },
    {
      "title": "",
      "media_list_data": [
        
      ],
      "string_list_data": [
        {
          "href": "https://www.instagram.com/maccosmetics",
          "value": "maccosmetics",
          "timestamp": 1679536152
        }
      ]
    },
    {
      "title": "",
      "media_list_data": [
        
      ],
      "string_list_data": [
        {
          "href": "https://www.instagram.com/macys",
          "value": "macys",
          "timestamp": 1679252209
        }
      ]
    },
    {
      "title": "",
      "media_list_data": [
        
      ],
      "string_list_data": [
        {
          "href": "https://www.instagram.com/maccosmeticsafrica",
          "value": "maccosmeticsafrica",
          "timestamp": 1679139016
        }
      ]
    },
    {
      "title": "",
      "media_list_data": [
        
      ],
      "string_list_data": [
        {
          "href": "https://www.instagram.com/nike",
          "value": "nike",
          "timestamp": 1658077702
        }
      ]
    },
    {
      "title": "",
      "media_list_data": [
        
      ],
      "string_list_data": [
        {
          "href": "https://www.instagram.com/nikewomen",
          "value": "nikewomen",
          "timestamp": 1657029420
        }
      ]
    }
  ]
}