[
  {
    "title": "",
    "media_list_data": [
      
    ],
    "string_list_data": [
      {
        "href": "https://www.instagram.com/kimkardashian/",
        "value": "kimkardashian",
        "timestamp": 1679370128
      }
    ]
  },
  {
    "title": "",
    "media_list_data": [
      
    ],
    "string_list_data": [
      {
        "href": "https://www.instagram.com/shawnstein/",
        "value": "shawnstein",
        "timestamp": 1672010127
      }
    ]
  },
  {
    "title": "",
    "media_list_data": [
      
    ],
    "string_list_data": [
      {
        "href": "https://www.instagram.com/khloekardashian/",
        "value": "khloekardashian",
        "timestamp": 1670775613
      }
    ]
  },
  {
    "title": "",
    "media_list_data": [
      
    ],
    "string_list_data": [
      {
        "href": "hhttps://www.instagram.com/bastianpastewka/",
        "value": "bastianpastewka",
        "timestamp": 1668749931
      }
    ]
  },
  {
    "title": "",
    "media_list_data": [
      
    ],
    "string_list_data": [
      {
        "href": "https://www.instagram.com/barackobama/",
        "value": "barackobama",
        "timestamp": 1668177569
      }
    ]
  },
  {
    "title": "",
    "media_list_data": [
      
    ],
    "string_list_data": [
      {
        "href": "https://www.instagram.com/michelleobama/",
        "value": "michelleobama",
        "timestamp": 1667768242
      }
    ]
  },
  {
    "title": "",
    "media_list_data": [
      
    ],
    "string_list_data": [
      {
        "href": "https://www.instagram.com/mercedesmaybach/",
        "value": "mercedesmaybach",
        "timestamp": 1667335766
      }
    ]
  },
  {
    "title": "",
    "media_list_data": [
      
    ],
    "string_list_data": [
      {
        "href": "https://www.instagram.com/thisisbillgates/",
        "value": "thisisbillgates",
        "timestamp": 1667299918
      }
    ]
  },
  {
    "title": "",
    "media_list_data": [
      
    ],
    "string_list_data": [
      {
        "href": "https://www.instagram.com/lenagercke/",
        "value": "lenagercke",
        "timestamp": 1667241305
      }
    ]
  },
  {
    "title": "",
    "media_list_data": [
      
    ],
    "string_list_data": [
      {
        "href": "https://www.instagram.com/lenameyerlandrut/",
        "value": "lenameyerlandrut",
        "timestamp": 1667061904
      }
    ]
  },
  {
    "title": "",
    "media_list_data": [
      
    ],
    "string_list_data": [
      {
        "href": "https://www.instagram.com/julienbam/",
        "value": "julienbam",
        "timestamp": 1666904864
      }
    ]
  },
  {
    "title": "",
    "media_list_data": [
      
    ],
    "string_list_data": [
      {
        "href": "https://www.instagram.com/kyliejenner/",
        "value": "kyliejenner",
        "timestamp": 1666903117
      }
    ]
  },
  {
    "title": "",
    "media_list_data": [
      
    ],
    "string_list_data": [
      {
        "href": "https://www.instagram.com/k.mbappe/",
        "value": "k.mbappe",
        "timestamp": 1666870896
      }
    ]
  },
  {
    "title": "",
    "media_list_data": [
      
    ],
    "string_list_data": [
      {
        "href": "https://www.instagram.com/krisjenner/",
        "value": "krisjenner",
        "timestamp": 1666866534
      }
    ]
  },
  {
    "title": "",
    "media_list_data": [
      
    ],
    "string_list_data": [
      {
        "href": "https://www.instagram.com/vancityreynolds/",
        "value": "vancityreynolds",
        "timestamp": 1666774769
      }
    ]
  },
  {
    "title": "",
    "media_list_data": [
      
    ],
    "string_list_data": [
      {
        "href": "https://www.instagram.com/apple/",
        "value": "apple",
        "timestamp": 1666764186
      }
    ]
  },
  {
    "title": "",
    "media_list_data": [
      
    ],
    "string_list_data": [
      {
        "href": "https://www.instagram.com/audi/",
        "value": "audi",
        "timestamp": 1666731597
      }
    ]
  },
  {
    "title": "",
    "media_list_data": [
      
    ],
    "string_list_data": [
      {
        "href": "https://www.instagram.com/paulwalker/",
        "value": "paulwalker",
        "timestamp": 1666686426
      }
    ]
  },
  {
    "title": "",
    "media_list_data": [
      
    ],
    "string_list_data": [
      {
        "href": "https://www.instagram.com/samsung/",
        "value": "samsung",
        "timestamp": 1666686425
      }
    ]
  },
  {
    "title": "",
    "media_list_data": [
      
    ],
    "string_list_data": [
      {
        "href": "https://www.instagram.com/windows/",
        "value": "windows",
        "timestamp": 1666675180
      }
    ]
  }
]