{
  "relationships_following": [
    {
      "title": "",
      "media_list_data": [
        
      ],
      "string_list_data": [
        {
          "href": "https://www.instagram.com/xskincare",
          "value": "xskincare",
          "timestamp": 1681076696
        }
      ]
    },
    {
      "title": "",
      "media_list_data": [
        
      ],
      "string_list_data": [
        {
          "href": "https://www.instagram.com/eminem/",
          "value": "eminem",
          "timestamp": 1679370131
        }
      ]
    },
    {
      "title": "",
      "media_list_data": [
        
      ],
      "string_list_data": [
        {
          "href": "https://www.instagram.com/manuelneuer/",
          "value": "manuelneuer",
          "timestamp": 1672039458
        }
      ]
    },
    {
      "title": "",
      "media_list_data": [
        
      ],
      "string_list_data": [
        {
          "href": "https://www.instagram.com/beccaloreen_beauty_bride/",
          "value": "beccaloreen_beauty_bride",
          "timestamp": 1671818785
        }
      ]
    },
    {
      "title": "",
      "media_list_data": [
        
      ],
      "string_list_data": [
        {
          "href": "https://www.instagram.com/bundeskanzler/",
          "value": "bundeskanzler",
          "timestamp": 1668765628
        }
      ]
    },
    {
      "title": "",
      "media_list_data": [
        
      ],
      "string_list_data": [
        {
          "href": "https://www.instagram.com/fentybeauty/",
          "value": "fentybeauty",
          "timestamp": 1668177570
        }
      ]
    },
    {
      "title": "",
      "media_list_data": [
        
      ],
      "string_list_data": [
        {
          "href": "https://www.instagram.com/astasommerfestival/",
          "value": "astasommerfestival",
          "timestamp": 1667241308
        }
      ]
    },
    {
      "title": "",
      "media_list_data": [
        
      ],
      "string_list_data": [
        {
          "href": "https://www.instagram.com/youtube/",
          "value": "youtube",
          "timestamp": 1667062090
        }
      ]
    },
    {
      "title": "",
      "media_list_data": [
        
      ],
      "string_list_data": [
        {
          "href": "https://www.instagram.com/schwarzenegger/",
          "value": "schwarzenegger",
          "timestamp": 1667062059
        }
      ]
    },
    {
      "title": "",
      "media_list_data": [
        
      ],
      "string_list_data": [
        {
          "href": "https://www.instagram.com/hnfpb/",
          "value": "hnfpb",
          "timestamp": 1667061969
        }
      ]
    },
    {
      "title": "",
      "media_list_data": [
        
      ],
      "string_list_data": [
        {
          "href": "https://www.instagram.com/heidiklum/",
          "value": "heidiklum",
          "timestamp": 1666903535
        }
      ]
    },
    {
      "title": "",
      "media_list_data": [
        
      ],
      "string_list_data": [
        {
          "href": "https://www.instagram.com/tokiohotel/",
          "value": "tokiohotel",
          "timestamp": 1666903118
        }
      ]
    },
    {
      "title": "",
      "media_list_data": [
        
      ],
      "string_list_data": [
        {
          "href": "https://www.instagram.com/linkinpark/",
          "value": "linkinpark",
          "timestamp": 1666870799
        }
      ]
    },
    {
      "title": "",
      "media_list_data": [
        
      ],
      "string_list_data": [
        {
          "href": "https://www.instagram.com/cristiano/",
          "value": "cristiano",
          "timestamp": 1666770044
        }
      ]
    },
    {
      "title": "",
      "media_list_data": [
        
      ],
      "string_list_data": [
        {
          "href": "https://www.instagram.com/therock/",
          "value": "therock",
          "timestamp": 1666759817
        }
      ]
    },
    {
      "title": "",
      "media_list_data": [
        
      ],
      "string_list_data": [
        {
          "href": "https://www.instagram.com/scp07_official/",
          "value": "scp07_official",
          "timestamp": 1666686127
        }
      ]
    },
    {
      "title": "",
      "media_list_data": [
        
      ],
      "string_list_data": [
        {
          "href": "https://www.instagram.com/meganfox/",
          "value": "meganfox",
          "timestamp": 1666678534
        }
      ]
    },
    {
      "title": "",
      "media_list_data": [
        
      ],
      "string_list_data": [
        {
          "href": "https://www.instagram.com/uni_paderborn",
          "value": "uni_paderborn",
          "timestamp": 1666676938
        }
      ]
    },
    {
      "title": "",
      "media_list_data": [
        
      ],
      "string_list_data": [
        {
          "href": "https://www.instagram.com/johnnydepp/",
          "value": "johnnydepp",
          "timestamp": 1666673286
        }
      ]
    }
  ]
}