[
  {
    "title": "",
    "media_list_data": [
      
    ],
    "string_list_data": [
      {
        "href": "https://www.instagram.com/nike",
        "value": "nike",
        "timestamp": 1684918223
      }
    ]
  },
  {
    "title": "",
    "media_list_data": [
      
    ],
    "string_list_data": [
      {
        "href": "https://www.instagram.com/nikewomen",
        "value": "nikewomen",
        "timestamp": 1684738995
      }
    ]
  },
  {
    "title": "",
    "media_list_data": [
      
    ],
    "string_list_data": [
      {
        "href": "https://www.instagram.com/nikefootball",
        "value": "nikefootball",
        "timestamp": 1684512413
      }
    ]
  },
  {
    "title": "",
    "media_list_data": [
      
    ],
    "string_list_data": [
      {
        "href": "https://www.instagram.com/nikerunning",
        "value": "nikerunning",
        "timestamp": 1683142887
      }
    ]
  },
  {
    "title": "",
    "media_list_data": [
      
    ],
    "string_list_data": [
      {
        "href": "https://www.instagram.com/nike_shoes.germany",
        "value": "nike_shoes.germany",
        "timestamp": 1682803765
      }
    ]
  },
  {
    "title": "",
    "media_list_data": [
      
    ],
    "string_list_data": [
      {
        "href": "https://www.instagram.com/maccosmeticsafrica",
        "value": "maccosmeticsafrica",
        "timestamp": 1682093726
      }
    ]
  },
  {
    "title": "",
    "media_list_data": [
      
    ],
    "string_list_data": [
      {
        "href": "https://www.instagram.com/macys",
        "value": "macys",
        "timestamp": 1682093714
      }
    ]
  },
  {
    "title": "",
    "media_list_data": [
      
    ],
    "string_list_data": [
      {
        "href": "https://www.instagram.com/sezane",
        "value": "sezane",
        "timestamp": 1680979220
      }
    ]
  },
  {
    "title": "",
    "media_list_data": [
      
    ],
    "string_list_data": [
      {
        "href": "https://www.instagram.com/puma.de",
        "value": "puma.de",
        "timestamp": 1654715818
      }
    ]
  }
]