{
  "relationships_following": [
    {
      "title": "",
      "media_list_data": [
        
      ],
      "string_list_data": [
        {
          "href": "https://www.instagram.com/oliverbonas",
          "value": "oliverbonas",
          "timestamp": 1685747378
        }
      ]
    },
    {
      "title": "",
      "media_list_data": [
        
      ],
      "string_list_data": [
        {
          "href": "https://www.instagram.com/letz_cookk",
          "value": "letz_cookk",
          "timestamp": 1684789654
        }
      ]
    },
    {
      "title": "",
      "media_list_data": [
        
      ],
      "string_list_data": [
        {
          "href": "https://www.instagram.com/yourdailytreats",
          "value": "yourdailytreats",
          "timestamp": 1684337927
        }
      ]
    },
    {
      "title": "",
      "media_list_data": [
        
      ],
      "string_list_data": [
        {
          "href": "https://www.instagram.com/donnaida",
          "value": "donnaida",
          "timestamp": 1684323114
        }
      ]
    },
    {
      "title": "",
      "media_list_data": [
        
      ],
      "string_list_data": [
        {
          "href": "https://www.instagram.com/bigdataqueen",
          "value": "bigdataqueen",
          "timestamp": 1683901214
        }
      ]
    },
    {
      "title": "",
      "media_list_data": [
        
      ],
      "string_list_data": [
        {
          "href": "https://www.instagram.com/eatinghealthyfeed",
          "value": "eatinghealthyfeed",
          "timestamp": 1683357248
        }
      ]
    },
    {
      "title": "",
      "media_list_data": [
        
      ],
      "string_list_data": [
        {
          "href": "https://www.instagram.com/chapter_two_goa",
          "value": "chapter_two_goa",
          "timestamp": 1682268890
        }
      ]
    },
    {
      "title": "",
      "media_list_data": [
        
      ],
      "string_list_data": [
        {
          "href": "https://www.instagram.com/olelynggaardcopenhagen",
          "value": "olelynggaardcopenhagen",
          "timestamp": 1682157085
        }
      ]
    },
    {
      "title": "",
      "media_list_data": [
        
      ],
      "string_list_data": [
        {
          "href": "https://www.instagram.com/guiltyoffashion",
          "value": "guiltyoffashion",
          "timestamp": 1681056498
        }
      ]
    },
    {
      "title": "",
      "media_list_data": [
        
      ],
      "string_list_data": [
        {
          "href": "https://www.instagram.com/maharajaindian_schutterwald",
          "value": "maharajaindian_schutterwald",
          "timestamp": 1681056287
        }
      ]
    },
    {
      "title": "",
      "media_list_data": [
        
      ],
      "string_list_data": [
        {
          "href": "https://www.instagram.com/monicamohta",
          "value": "monicamohta",
          "timestamp": 1679692369
        }
      ]
    },
    {
      "title": "",
      "media_list_data": [
        
      ],
      "string_list_data": [
        {
          "href": "https://www.instagram.com/lesa.milan",
          "value": "lesa.milan",
          "timestamp": 1654717092
        }
      ]
    }
  ]
}