{
  "relationships_follow_requests_sent": [
    {
      "title": "",
      "media_list_data": [
        
      ],
      "string_list_data": [
        {
          "href": "https://www.instagram.com/chanelofficial",
          "value": "chanelofficial",
          "timestamp": 1683142897
        }
      ]
    },
    {
      "title": "",
      "media_list_data": [
        
      ],
      "string_list_data": [
        {
          "href": "https://www.instagram.com/chanel.beauty",
          "value": "chanel.beauty",
          "timestamp": 1683142897
        }
      ]
    },
    {
      "title": "",
      "media_list_data": [
        
      ],
      "string_list_data": [
        {
          "href": "https://www.instagram.com/narsissist",
          "value": "narsissist",
          "timestamp": 1683142897
        }
      ]
    },
    {
      "title": "",
      "media_list_data": [
        
      ],
      "string_list_data": [
        {
          "href": "https://www.instagram.com/tartecosmetics",
          "value": "tartecosmetics",
          "timestamp": 1683142897
        }
      ]
    },
    {
      "title": "",
      "media_list_data": [
        
      ],
      "string_list_data": [
        {
          "href": "https://www.instagram.com/sephora",
          "value": "sephora",
          "timestamp": 1683142897
        }
      ]
    }
  ]
}