{
  "relationships_permanent_follow_requests": [
    {
      "title": "",
      "media_list_data": [
        
      ],
      "string_list_data": [
        {
          "href": "https://www.instagram.com/nayananaik263",
          "value": "nayananaik263",
          "timestamp": 1683142897
        }
      ]
    },
    {
      "title": "",
      "media_list_data": [
        
      ],
      "string_list_data": [
        {
          "href": "https://www.instagram.com/nisarg06",
          "value": "nisarg06",
          "timestamp": 1682803767
        }
      ]
    },
    {
      "title": "",
      "media_list_data": [
        
      ],
      "string_list_data": [
        {
          "href": "https://www.instagram.com/axryalit_11",
          "value": "axryalit_11",
          "timestamp": 1682268300
        }
      ]
    },
    {
      "title": "",
      "media_list_data": [
        
      ],
      "string_list_data": [
        {
          "href": "https://www.instagram.com/carolina.braun",
          "value": "carolina.braun",
          "timestamp": 1680979223
        }
      ]
    },
    {
      "title": "",
      "media_list_data": [
        
      ],
      "string_list_data": [
        {
          "href": "https://www.instagram.com/juliet_royes",
          "value": "juliet_royes",
          "timestamp": 1678646731
        }
      ]
    }
  ]
}