{
  "relationships_unfollowed_users": [
    {
      "title": "",
      "media_list_data": [
        
      ],
      "string_list_data": [
        {
          "href": "https://www.instagram.com/jenniferaniston",
          "value": "jenniferaniston",
          "timestamp": 1685829978
        }
      ]
    },
    {
      "title": "",
      "media_list_data": [
        
      ],
      "string_list_data": [
        {
          "href": "https://www.instagram.com/zomato",
          "value": "zomato",
          "timestamp": 1685426662
        }
      ]
    },
    {
      "title": "",
      "media_list_data": [
        
      ],
      "string_list_data": [
        {
          "href": "https://www.instagram.com/sarahhyland",
          "value": "sarahhyland",
          "timestamp": 1684095119
        }
      ]
    },
    {
      "title": "",
      "media_list_data": [
        
      ],
      "string_list_data": [
        {
          "href": "https://www.instagram.com/jlo",
          "value": "jlo",
          "timestamp": 1685829978
        }
      ]
    },
    {
      "title": "",
      "media_list_data": [
        
      ],
      "string_list_data": [
        {
          "href": "https://www.instagram.com/kimkardashian",
          "value": "kimkardashian",
          "timestamp": 1685426662
        }
      ]
    },
    {
      "title": "",
      "media_list_data": [
        
      ],
      "string_list_data": [
        {
          "href": "https://www.instagram.com/kyliejenner",
          "value": "kyliejenner",
          "timestamp": 1684095119
        }
      ]
    }
  ]
}