{
  "relationships_permanent_follow_requests": [
    {
      "title": "",
      "media_list_data": [
        
      ],
      "string_list_data": [
        {
          "href": "https://www.instagram.com/chennel",
          "value": "chennel",
          "timestamp": 1683142897
        }
      ]
    },
    {
      "title": "",
      "media_list_data": [
        
      ],
      "string_list_data": [
        {
          "href": "https://www.instagram.com/Gucci",
          "value": "Gucci",
          "timestamp": 1682803767
        }
      ]
    },
    {
      "title": "",
      "media_list_data": [
        
      ],
      "string_list_data": [
        {
          "href": "https://www.instagram.com/puma",
          "value": "puma",
          "timestamp": 1682268300
        }
      ]
    },
    {
      "title": "",
      "media_list_data": [
        
      ],
      "string_list_data": [
        {
          "href": "https://www.instagram.com/bradpitt",
          "value": "bradpitt",
          "timestamp": 1680979223
        }
      ]
    },
    {
      "title": "",
      "media_list_data": [
        
      ],
      "string_list_data": [
        {
          "href": "https://www.instagram.com/harrypotter",
          "value": "harrypotter",
          "timestamp": 1678646731
        }
      ]
    }
  ]
}