{
  "relationships_dismissed_suggested_users": [
    {
      "title": "",
      "media_list_data": [
        
      ],
      "string_list_data": [
        {
          "href": "https://www.instagram.com/khloekardashian",
          "value": "khloekardashian",
          "timestamp": 1660387093
        }
      ]
    },
    {
      "title": "",
      "media_list_data": [
        
      ],
      "string_list_data": [
        {
          "href": "https://www.instagram.com/kourtneykardash",
          "value": "kourtneykardash",
          "timestamp": 1660387081
        }
      ]
    },
    {
      "title": "",
      "media_list_data": [
        
      ],
      "string_list_data": [
        {
          "href": "https://www.instagram.com/krisjenner",
          "value": "krisjenner",
          "timestamp": 1660387077
        }
      ]
    },
    {
      "title": "",
      "media_list_data": [
        
      ],
      "string_list_data": [
        {
          "href": "https://www.instagram.com/caitlynjenner",
          "value": "caitlynjenner",
          "timestamp": 1660387074
        }
      ]
    },
    {
      "title": "",
      "media_list_data": [
        
      ],
      "string_list_data": [
        {
          "href": "https://www.instagram.com/parishilton",
          "value": "parishilton",
          "timestamp": 1660387072
        }
      ]
    },
    {
      "title": "",
      "media_list_data": [
        
      ],
      "string_list_data": [
        {
          "href": "https://www.instagram.com/paris.explore",
          "value": "paris.explore",
          "timestamp": 1660387071
        }
      ]
    },
    {
      "title": "",
      "media_list_data": [
        
      ],
      "string_list_data": [
        {
          "href": "https://www.instagram.com/london",
          "value": "london",
          "timestamp": 1660387058
        }
      ]
    }
  ]
}