{
  "group_posts_v2": [
    {
      "timestamp": 1386850867,
      "attachments": [
        {
          "data": [
            {
              "media": {
                "uri": "your_activity_across_facebook/posts/media/your_posts/redacted_image.png",
                "creation_timestamp": 1386850867,
                "media_metadata": {
                  "photo_metadata": {
                    "exif_data": [
                      {
                        "upload_ip": "127.0.0.1",
                        "taken_timestamp": 1386850325
                      }
                    ]
                  }
                }
              }
            }
          ]
        }
      ],
      "data": [
        
      ],
      "title": "redacted"
    },
    {
      "timestamp": 1390225494,
      "data": [
        {
          "post": "redacted"
        }
      ],
      "title": "redacted"
    }
  ]
}