{
  "groups_joined_v2": [
    {
      "timestamp": 1310471835,
      "data": [
        {
          "name": "redacted"
        }
      ],
      "title": "redacted"
    },
    {
      "timestamp": 1319552174,
      "data": [
        {
          "name": "redacted"
        }
      ],
      "title": "redacted"
    },
    {
      "timestamp": 1320154760,
      "data": [
        {
          "name": "redacted"
        }
      ],
      "title": "redacted"
    },
    {
      "timestamp": 1336153135,
      "data": [
        {
          "name": "redacted"
        }
      ],
      "title": "redacted"
    },
    {
      "timestamp": 1371020501,
      "data": [
        {
          "name": "redacted"
        }
      ],
      "title": "redacted"
    },
    {
      "timestamp": 1379587437,
      "data": [
        {
          "name": "redacted"
        }
      ],
      "title": "redacted"
    },
    {
      "timestamp": 1404918231,
      "data": [
        {
          "name": "redacted"
        }
      ],
      "title": "redacted"
    },
    {
      "timestamp": 1591302557,
      "data": [
        {
          "name": "redacted"
        }
      ],
      "title": "redacted"
    }
  ]
}