{
  "group_comments_v2": [
    {
      "timestamp": 1317642040,
      "data": [
        {
          "comment": {
            "timestamp": 1317642040,
            "comment": "redacted",
            "author": "Mark Husen",
            "group": "WHG '11"
          }
        }
      ],
      "title": "redacted"
    },
    {
      "timestamp": 1342909914,
      "data": [
        {
          "comment": {
            "timestamp": 1342909914,
            "comment": "redacted",
            "author": "Mark Husen",
            "group": "WHG '11"
          }
        }
      ],
      "title": "redacted"
    },
    {
      "timestamp": 1342965510,
      "data": [
        {
          "comment": {
            "timestamp": 1342965510,
            "comment": "redacted",
            "author": "Mark Husen",
            "group": "WHG '11"
          }
        }
      ],
      "title": "redacted"
    },
    {
      "timestamp": 1371495570,
      "data": [
        {
          "comment": {
            "timestamp": 1371495570,
            "comment": "redacted",
            "author": "Mark Husen",
            "group": "Southside 2013"
          }
        }
      ],
      "title": "redacted"
    },
    {
      "timestamp": 1386850901,
      "data": [
        {
          "comment": {
            "timestamp": 1386850901,
            "comment": "redacted",
            "author": "Mark Husen",
            "group": "Informatik Ersties Uni Paderborn WS 11/12"
          }
        }
      ],
      "title": "redacted"
    },
    {
      "timestamp": 1396909891,
      "data": [
        {
          "comment": {
            "timestamp": 1396909891,
            "comment": "redacted",
            "author": "Mark Husen",
            "group": "Informatik Ersties Uni Paderborn WS 11/12"
          }
        }
      ],
      "title": "redacted"
    }
  ]
}