{
    "account_accesses_v2": [
      {
        "action": "Login",
        "timestamp": 1866430943,
        "site": "www.facebook.com",
        "ip_address": "203.0.113.10"
      },
      {
        "action": "Login",
        "timestamp": 1760917560,
        "site": "www.facebook.com",
        "ip_address": "2001:db8:85a3::8a2e:370:7334"
      },
      {
        "action": "Login",
        "timestamp": 1659861249,
        "site": "www.facebook.com",
        "ip_address": "192.0.2.50"
      },
      {
        "action": "Log out",
        "timestamp": 1642948146,
        "site": "www.facebook.com",
        "ip_address": "2001:db8:85a3::8a2e:370:7334"
      },
      {
        "action": "Login",
        "timestamp": 1642948144,
        "site": "www.facebook.com",
        "ip_address": "192.0.2.50"
      },
      {
        "action": "Login",
        "timestamp": 1640261384,
        "site": "www.facebook.com",
        "ip_address": "198.51.100.123"
      },
      {
        "action": "Login",
        "timestamp": 1628485331,
        "site": "www.facebook.com",
        "ip_address": "203.0.113.25"
      },
      {
        "action": "Login",
        "timestamp": 1623832294,
        "site": "www.facebook.com",
        "ip_address": "192.0.2.99"
      },
      {
        "action": "Login",
        "timestamp": 1623832292,
        "site": "www.facebook.com",
        "ip_address": "192.0.2.99"
      },
      {
        "action": "Login",
        "timestamp": 1622439028,
        "site": "www.facebook.com",
        "ip_address": "192.0.2.200"
      },
      {
        "action": "Login",
        "timestamp": 1617645172,
        "site": "m.facebook.com",
        "ip_address": "192.0.2.150"
      },
      {
        "action": "Login",
        "timestamp": 1617346482,
        "site": "www.facebook.com",
        "ip_address": "192.0.2.120"
      },
      {
        "action": "Login",
        "timestamp": 1613224930,
        "site": "www.facebook.com",
        "ip_address": "192.0.2.210"
      },
      {
        "action": "Login",
        "timestamp": 1608567108,
        "site": "www.facebook.com",
        "ip_address": "2001:db8:85a3::8a2e:370:7335"
      },
      {
        "action": "Log out",
        "timestamp": 1607003473,
        "site": "m.facebook.com",
        "ip_address": "2001:db8:85a3::8a2e:370:7336"
      },
      {
        "action": "Log out",
        "timestamp": 1605516479,
        "site": "www.facebook.com",
        "ip_address": "2001:db8:85a3::8a2e:370:7337"
      },
      {
        "action": "Log out",
        "timestamp": 1598277082,
        "site": "m.facebook.com",
        "ip_address": "2001:db8:85a3::8a2e:370:7338"
      },
      {
        "action": "Log out",
        "timestamp": 1598277036,
        "site": "www.facebook.com",
        "ip_address": "2001:db8:85a3::8a2e:370:7338"
      }
    ]
  }
  
