{
  "profile_updates_v2": [
    {
      "timestamp": 1272563897,
      "title": "redacted"
    },
    {
      "timestamp": 1281341525,
      "title": "redacted"
    },
    {
      "timestamp": 1296584514,
      "title": "redacted"
    },
    {
      "timestamp": 1297602123,
      "title": "redacted"
    },
    {
      "timestamp": 1304084469,
      "title": "redacted"
    },
    {
      "timestamp": 1309794536,
      "title": "redacted"
    },
    {
      "timestamp": 1319916894,
      "title": "redacted"
    },
    {
      "timestamp": 1321431446,
      "title": "redacted"
    },
    {
      "timestamp": 1329238229,
      "title": "redacted"
    },
    {
      "timestamp": 1337018471,
      "title": "redacted"
    },
    {
      "timestamp": 1341661022,
      "title": "redacted"
    },
    {
      "timestamp": 1373229208,
      "title": "redacted"
    },
    {
      "timestamp": 1384338268,
      "title": "redacted"
    },
    {
      "timestamp": 1398978119,
      "title": "redacted"
    },
    {
      "timestamp": 1403008692,
      "title": "redacted"
    },
    {
      "timestamp": 1403986334,
      "title": "redacted"
    },
    {
      "timestamp": 1408566775,
      "title": "redacted"
    },
    {
      "timestamp": 1409290330,
      "title": "redacted"
    },
    {
      "timestamp": 1412143304,
      "title": "redacted"
    },
    {
      "timestamp": 1426062100,
      "title": "redacted"
    },
    {
      "timestamp": 1437026724,
      "title": "redacted"
    },
    {
      "timestamp": 1440677468,
      "title": "redacted"
    },
    {
      "timestamp": 1445343059,
      "title": "redacted"
    },
    {
      "timestamp": 1460047799,
      "title": "redacted"
    },
    {
      "timestamp": 1471288292,
      "title": "redacted"
    },
    {
      "timestamp": 1472219529,
      "title": "redacted"
    },
    {
      "timestamp": 1472219538,
      "title": "redacted"
    },
    {
      "timestamp": 1472759566,
      "title": "redacted"
    },
    {
      "timestamp": 1474319158,
      "title": "redacted"
    },
    {
      "timestamp": 1476188792,
      "title": "redacted"
    },
    {
      "timestamp": 1476188820,
      "title": "redacted"
    },
    {
      "timestamp": 1476299954,
      "title": "redacted"
    },
    {
      "timestamp": 1481797738,
      "title": "redacted"
    },
    {
      "timestamp": 1491648884,
      "title": "redacted"
    },
    {
      "timestamp": 1499883780,
      "attachments": [
        {
          "data": [
            {
              "media": {
                "uri": "your_activity_across_facebook/posts/media/Profilbilder_7zDcocbeNw/redacted_image.png",
                "creation_timestamp": 1499883780,
                "media_metadata": {
                  "photo_metadata": {
                    "exif_data": [
                      {
                        "upload_ip": "127.0.0.1",
                        "taken_timestamp": 1499883782
                      }
                    ]
                  }
                },
                "title": "redacted"
              }
            }
          ]
        }
      ],
      "title": "redacted"
    },
    {
      "timestamp": 1507825093,
      "title": "redacted"
    },
    {
      "timestamp": 1521274954,
      "title": "redacted"
    },
    {
      "timestamp": 1549794561,
      "title": "redacted"
    },
    {
      "timestamp": 1579939037,
      "title": "redacted"
    },
    {
      "timestamp": 1597929803,
      "title": "redacted"
    },
    {
      "timestamp": 1606406729,
      "title": "redacted"
    },
    {
      "timestamp": 1609110455,
      "title": "redacted"
    },
    {
      "timestamp": 1609110475,
      "title": "redacted"
    },
    {
      "timestamp": 1614856072,
      "title": "redacted"
    },
    {
      "timestamp": 1628711378,
      "title": "redacted"
    },
    {
      "timestamp": 1648153033,
      "title": "redacted"
    }
  ]
}