{
  "profile_v2": {
    "name": {
      "full_name": "redacted",
      "first_name": "redacted",
      "middle_name": "",
      "last_name": "redacted"
    },
    "emails": {
      "emails": [
        "husen.mark@hotmail.de"
      ],
      "previous_emails": [
        "mark.husen.5@facebook.com"
      ],
      "pending_emails": [
        
      ],
      "ad_account_emails": [
        
      ]
    },
    "birthday": {
      "year": 1990,
      "month": 10,
      "day": 1
    },
    "gender": {
      "gender_option": "FEMALE",
      "pronoun": "FEMALE"
    },
    "previous_names": [
      
    ],
    "other_names": [
      
    ],
    "relationship": {
      "status": "",
      "timestamp": 1622398709
    },
    "previous_relationships": [
      {
        "name": "redacted",
        "timestamp": 0
      },
      {
        "name": "redacted",
        "timestamp": 0
      }
    ],
    "family_members": [
      {
        "name": "redacted",
        "relation": "Cousine",
        "timestamp": 1451392726
      },
      {
        "name": "redacted",
        "relation": "Nichte",
        "timestamp": 1400149455
      }
    ],
    "education_experiences": [
      {
        "name": "redacted",
        "end_timestamp": 1293868800,
        "graduated": true,
        "concentrations": [
          
        ],
        "school_type": "Schule",
        "timestamp": 1298933334
      }
    ],
    "work_experiences": [
      
    ],
    "blood_info": {
      "blood_donor_status": "unregistered"
    },
    "websites": [
      
    ],
    "phone_numbers": [
      {
        "phone_type": "Handy",
        "phone_number": "redacted",
        "verified": true,
        "creation_time": 1384519842
      },
      {
        "phone_type": "Handy",
        "phone_number": "redacted",
        "verified": true,
        "creation_time": 1390636068
      }
    ],
    "registration_timestamp": 1272035277,
    "profile_uri": "https://www.facebook.com/redacted
  }
}