{
  "likes_comment_likes": [
    {
      "title": "aureliaelena_",
      "string_list_data": [
        {
          "href": "https://www.instagram.com/p/Cbu9NhmA1sj/",
          "value": "\u00f0\u009f\u0091\u008d",
          "timestamp": 1648665601
        }
      ]
    },
    {
      "title": "gavincking_",
      "string_list_data": [
        {
          "href": "https://www.instagram.com/p/CHbC9g8D5cp/",
          "value": "\u00f0\u009f\u0091\u008d",
          "timestamp": 1605091498
        }
      ]
    },
    {
      "title": "ravensclqws",
      "string_list_data": [
        {
          "href": "https://www.instagram.com/p/CHbC9g8D5cp/",
          "value": "\u00f0\u009f\u0091\u008d",
          "timestamp": 1605091496
        }
      ]
    },
    {
      "title": "gavincking_",
      "string_list_data": [
        {
          "href": "https://www.instagram.com/p/CHbC9g8D5cp/",
          "value": "\u00f0\u009f\u0091\u008d",
          "timestamp": 1605091496
        }
      ]
    },
    {
      "title": "aureliaelena_",
      "string_list_data": [
        {
          "href": "https://www.instagram.com/p/B7oW_eniv--/",
          "value": "\u00f0\u009f\u0091\u008d",
          "timestamp": 1579715513
        }
      ]
    },
    {
      "title": "aureliaelena_",
      "string_list_data": [
        {
          "href": "https://www.instagram.com/p/B3mPGupoGd7/",
          "value": "\u00f0\u009f\u0091\u008d",
          "timestamp": 1573045916
        }
      ]
    },
    {
      "title": "aureliaelena_",
      "string_list_data": [
        {
          "href": "https://www.instagram.com/p/B3CgxUBHXD1/",
          "value": "\u00f0\u009f\u0091\u008d",
          "timestamp": 1569857707
        }
      ]
    },
    {
      "title": "iamjcsh",
      "string_list_data": [
        {
          "href": "https://www.instagram.com/p/B02tAbUj8ey/",
          "value": "\u00f0\u009f\u0091\u008d",
          "timestamp": 1565889495
        }
      ]
    },
    {
      "title": "aureliaelena_",
      "string_list_data": [
        {
          "href": "https://www.instagram.com/p/B0LopBXCYPn/",
          "value": "\u00f0\u009f\u0091\u008d",
          "timestamp": 1563718745
        }
      ]
    }
  ]
}