{
  "likes_media_likes": [
    {
      "title": "Sam",
      "string_list_data": [
        {
          "href": "https://www.instagram.com/p/fgt5/",
          "value": "\u00f0\u009f\u0091\u008d",
          "timestamp": 1685896705
        }
      ]
    },
    {
      "title": "Ben",
      "string_list_data": [
        {
          "href": "https://www.instagram.com/p/dfgd543fgd/",
          "value": "\u00f0\u009f\u0091\u008d",
          "timestamp": 1685828550
        }
      ]
    },
    {
      "title": "Tom",
      "string_list_data": [
        {
          "href": "https://www.instagram.com/p/fgdgf5dfg/",
          "value": "\u00f0\u009f\u0091\u008d",
          "timestamp": 1685828536
        }
      ]
    },
    {
      "title": "trendy_fashion",
      "string_list_data": [
        {
          "href": "https://www.instagram.com/p/bvn654gf/",
          "value": "\u00f0\u009f\u0091\u008d",
          "timestamp": 1685655377
        }
      ]
    },
    {
      "title": "Fashion ",
      "string_list_data": [
        {
          "href": "https://www.instagram.com/reel/ghf54dg/",
          "value": "\u00f0\u009f\u0091\u008d",
          "timestamp": 1685655196
        }
      ]
    },
    {
      "title": "Sia",
      "string_list_data": [
        {
          "href": "https://www.instagram.com/reel/fgd4sfddsf/",
          "value": "\u00f0\u009f\u0091\u008d",
          "timestamp": 1685551877
        }
      ]
    },
    {
      "title": "Bobby",
      "string_list_data": [
        {
          "href": "https://www.instagram.com/reel/fdsgfs435sdf/",
          "value": "\u00f0\u009f\u0091\u008d",
          "timestamp": 1685551802
        }
      ]
    },
    {
      "title": "Bob",
      "string_list_data": [
        {
          "href": "https://www.instagram.com/p/fsdf4/",
          "value": "\u00f0\u009f\u0091\u008d",
          "timestamp": 1685551774
        }
      ]
    },
    {
      "title": "Tan",
      "string_list_data": [
        {
          "href": "https://www.instagram.com/p/dfgd4fdg/",
          "value": "\u00f0\u009f\u0091\u008d",
          "timestamp": 1685394440
        }
      ]
    },
    {
      "title": "Pam",
      "string_list_data": [
        {
          "href": "https://www.instagram.com/p/dfgd432dsff/",
          "value": "\u00f0\u009f\u0091\u008d",
          "timestamp": 1685382954
        }
      ]
    },
    {
      "title": "Sam",
      "string_list_data": [
        {
          "href": "https://www.instagram.com/reel/fdg43fgdf/",
          "value": "\u00f0\u009f\u0091\u008d",
          "timestamp": 1685119358
        }
      ]
    },
    {
      "title": "Raj",
      "string_list_data": [
        {
          "href": "https://www.instagram.com/p/fdfg324fsdf/",
          "value": "\u00f0\u009f\u0091\u008d",
          "timestamp": 1685118920
        }
      ]
    },
    {
      "title": "sezane",
      "string_list_data": [
        {
          "href": "https://www.instagram.com/reel/CsrDSNXocCe/",
          "value": "\u00f0\u009f\u0091\u008d",
          "timestamp": 1685095107
        }
      ]
    },
    {
      "title": "CAT",
      "string_list_data": [
        {
          "href": "https://www.instagram.com/p/gdfgdg543gfd/",
          "value": "\u00f0\u009f\u0091\u008d",
          "timestamp": 1684966351
        }
      ]
    },
    {
      "title": "Dog",
      "string_list_data": [
        {
          "href": "https://www.instagram.com/p/fdg435fd/",
          "value": "\u00f0\u009f\u0091\u008d",
          "timestamp": 1684788487
        }
      ]
    },
    {
      "title": "National",
      "string_list_data": [
        {
          "href": "https://www.instagram.com/p/dsf432d/",
          "value": "\u00f0\u009f\u0091\u008d",
          "timestamp": 1684762885
        }
      ]
    },
    {
      "title": "Trends in cars",
      "string_list_data": [
        {
          "href": "https://www.instagram.com/p/dsf42fdsf/",
          "value": "\u00f0\u009f\u0091\u008d",
          "timestamp": 1684759762
        }
      ]
    },
    {
      "title": "Hems",
      "string_list_data": [
        {
          "href": "https://www.instagram.com/p/fgd4fsdf/",
          "value": "\u00f0\u009f\u0091\u008d",
          "timestamp": 1684526697
        }
      ]
    },
    {
      "title": "Gucci",
      "string_list_data": [
        {
          "href": "https://www.instagram.com/p/dfsf2423sf-ENPR5/",
          "value": "\u00f0\u009f\u0091\u008d",
          "timestamp": 1684512306
        }
      ]
    },
    {
      "title": "Prats",
      "string_list_data": [
        {
          "href": "https://www.instagram.com/p/CsX-dfg43/",
          "value": "\u00f0\u009f\u0091\u008d",
          "timestamp": 1684438417
        }
      ]
    },
    
    {
      "title": "Max",
      "string_list_data": [
        {
          "href": "https://www.instagram.com/p/gdgdf56g/",
          "value": "\u00f0\u009f\u0091\u008d",
          "timestamp": 1679777270
        }
      ]
    },
    {
      "title": "Tom",
      "string_list_data": [
        {
          "href": "https://www.instagram.com/p/gfdg534fs/",
          "value": "\u00f0\u009f\u0091\u008d",
          "timestamp": 1679482452
        }
      ]
    },
    {
      "title": "Rain",
      "string_list_data": [
        {
          "href": "https://www.instagram.com/p/dfg43fds/",
          "value": "\u00f0\u009f\u0091\u008d",
          "timestamp": 1679260878
        }
      ]
    },
    {
      "title": "Jordan",
      "string_list_data": [
        {
          "href": "https://www.instagram.com/p/dsf4fsd/",
          "value": "\u00f0\u009f\u0091\u008d",
          "timestamp": 1654457312
        }
      ]
    },
    {
      "title": "Puma",
      "string_list_data": [
        {
          "href": "https://www.instagram.com/p/sdfs4sdff/",
          "value": "\u00f0\u009f\u0091\u008d",
          "timestamp": 1654443393
        }
      ]
    }
  ]
}