{
  "likes_media_likes": [
    {
      "title": "nielshsr",
      "string_list_data": [
        {
          "href": "https://www.instagram.com/p/B1O7JBto81A/",
          "value": "\u00f0\u009f\u0091\u008d",
          "timestamp": 1565977566
        }
      ]
    },
    {
      "title": "aureliaelena_",
      "string_list_data": [
        {
          "href": "https://www.instagram.com/p/B1O36Saiu3U/",
          "value": "\u00f0\u009f\u0091\u008d",
          "timestamp": 1565975913
        }
      ]
    },
    {
      "title": "edutattooer",
      "string_list_data": [
        {
          "href": "https://www.instagram.com/p/B1M73pyBuln/",
          "value": "\u00f0\u009f\u0091\u008d",
          "timestamp": 1565938007
        }
      ]
    },
    {
      "title": "aureliaelena_",
      "string_list_data": [
        {
          "href": "https://www.instagram.com/p/B1JhTNsoyaJ/",
          "value": "\u00f0\u009f\u0091\u008d",
          "timestamp": 1565804219
        }
      ]
    },
    {
      "title": "bi.special",
      "string_list_data": [
        {
          "href": "https://www.instagram.com/p/B1I01K_ls1a/",
          "value": "\u00f0\u009f\u0091\u008d",
          "timestamp": 1565772172
        }
      ]
    },
    {
      "title": "_idakatharina_",
      "string_list_data": [
        {
          "href": "https://www.instagram.com/p/B09EhsJodnK/",
          "value": "\u00f0\u009f\u0091\u008d",
          "timestamp": 1565390911
        }
      ]
    },
    {
      "title": "aureliaelena_",
      "string_list_data": [
        {
          "href": "https://www.instagram.com/p/B072AsroBui/",
          "value": "\u00f0\u009f\u0091\u008d",
          "timestamp": 1565354000
        }
      ]
    },
    {
      "title": "aureliaelena_",
      "string_list_data": [
        {
          "href": "https://www.instagram.com/p/B03EF5vI7MR/",
          "value": "\u00f0\u009f\u0091\u008d",
          "timestamp": 1565194844
        }
      ]
    },
    {
      "title": "neskathetwinsandme",
      "string_list_data": [
        {
          "href": "https://www.instagram.com/p/B0yBD4-C9Yd/",
          "value": "\u00f0\u009f\u0091\u008d",
          "timestamp": 1565032941
        }
      ]
    },
    {
      "title": "aureliaelena_",
      "string_list_data": [
        {
          "href": "https://www.instagram.com/p/B0ymqVpIPEG/",
          "value": "\u00f0\u009f\u0091\u008d",
          "timestamp": 1565028108
        }
      ]
    },
    {
      "title": "aureliaelena_",
      "string_list_data": [
        {
          "href": "https://www.instagram.com/p/B0kxYAsCIo5/",
          "value": "\u00f0\u009f\u0091\u008d",
          "timestamp": 1564585894
        }
      ]
    },
    {
      "title": "aureliaelena_",
      "string_list_data": [
        {
          "href": "https://www.instagram.com/p/B0jCyfeCxoq/",
          "value": "\u00f0\u009f\u0091\u008d",
          "timestamp": 1564505448
        }
      ]
    },
    {
      "title": "aureliaelena_",
      "string_list_data": [
        {
          "href": "https://www.instagram.com/p/B0gDxywCyLT/",
          "value": "\u00f0\u009f\u0091\u008d",
          "timestamp": 1564408638
        }
      ]
    },
    {
      "title": "aureliaelena_",
      "string_list_data": [
        {
          "href": "https://www.instagram.com/p/B0dYSLroKuP/",
          "value": "\u00f0\u009f\u0091\u008d",
          "timestamp": 1564315601
        }
      ]
    },
    {
      "title": "aureliaelena_",
      "string_list_data": [
        {
          "href": "https://www.instagram.com/p/B0Y1MTQiAyd/",
          "value": "\u00f0\u009f\u0091\u008d",
          "timestamp": 1564178361
        }
      ]
    },
    {
      "title": "aureliaelena_",
      "string_list_data": [
        {
          "href": "https://www.instagram.com/p/B0WICAZiCey/",
          "value": "\u00f0\u009f\u0091\u008d",
          "timestamp": 1564077644
        }
      ]
    },
    {
      "title": "aureliaelena_",
      "string_list_data": [
        {
          "href": "https://www.instagram.com/p/B0TL-gBiYTS/",
          "value": "\u00f0\u009f\u0091\u008d",
          "timestamp": 1563987622
        }
      ]
    },
    {
      "title": "aureliaelena_",
      "string_list_data": [
        {
          "href": "https://www.instagram.com/p/B0QdP46C7IR/",
          "value": "\u00f0\u009f\u0091\u008d",
          "timestamp": 1563886858
        }
      ]
    },
    {
      "title": "david_tappe",
      "string_list_data": [
        {
          "href": "https://www.instagram.com/p/B0O6DiqoU8y/",
          "value": "\u00f0\u009f\u0091\u008d",
          "timestamp": 1563833762
        }
      ]
    },
    {
      "title": "aureliaelena_",
      "string_list_data": [
        {
          "href": "https://www.instagram.com/p/B0OuBoAChBj/",
          "value": "\u00f0\u009f\u0091\u008d",
          "timestamp": 1563822175
        }
      ]
    },
    {
      "title": "aureliaelena_",
      "string_list_data": [
        {
          "href": "https://www.instagram.com/p/B0LopBXCYPn/",
          "value": "\u00f0\u009f\u0091\u008d",
          "timestamp": 1563718701
        }
      ]
    },
    {
      "title": "bi.special",
      "string_list_data": [
        {
          "href": "https://www.instagram.com/p/Bz2Zg_5hcdy/",
          "value": "\u00f0\u009f\u0091\u008d",
          "timestamp": 1563022433
        }
      ]
    },
    {
      "title": "daniela_s_c_h_m_i_d_t",
      "string_list_data": [
        {
          "href": "https://www.instagram.com/p/BzaA2WoocpH/",
          "value": "\u00f0\u009f\u0091\u008d",
          "timestamp": 1562058778
        }
      ]
    },
    {
      "title": "worldofpencils",
      "string_list_data": [
        {
          "href": "https://www.instagram.com/p/By2_zbJoj2v/",
          "value": "\u00f0\u009f\u0091\u008d",
          "timestamp": 1560887816
        }
      ]
    },
    {
      "title": "heike.tappe121",
      "string_list_data": [
        {
          "href": "https://www.instagram.com/p/BygGNRtihBU/",
          "value": "\u00f0\u009f\u0091\u008d",
          "timestamp": 1560236371
        }
      ]
    },
    {
      "title": "seb.smit",
      "string_list_data": [
        {
          "href": "https://www.instagram.com/p/ByhhW_ZI8Bl/",
          "value": "\u00f0\u009f\u0091\u008d",
          "timestamp": 1560164091
        }
      ]
    },
    {
      "title": "t1ga_safari",
      "string_list_data": [
        {
          "href": "https://www.instagram.com/p/Byc7rJZoKse/",
          "value": "\u00f0\u009f\u0091\u008d",
          "timestamp": 1560033415
        }
      ]
    },
    {
      "title": "t1ga_safari",
      "string_list_data": [
        {
          "href": "https://www.instagram.com/p/Bx7vJuMohfD/",
          "value": "\u00f0\u009f\u0091\u008d",
          "timestamp": 1558941985
        }
      ]
    },
    {
      "title": "t1ga_safari",
      "string_list_data": [
        {
          "href": "https://www.instagram.com/p/BxnyBxBINSw/",
          "value": "\u00f0\u009f\u0091\u008d",
          "timestamp": 1558271479
        }
      ]
    },
    {
      "title": "t1ga_safari",
      "string_list_data": [
        {
          "href": "https://www.instagram.com/p/Bxm4pvBocKx/",
          "value": "\u00f0\u009f\u0091\u008d",
          "timestamp": 1558271452
        }
      ]
    },
    {
      "title": "t1ga_safari",
      "string_list_data": [
        {
          "href": "https://www.instagram.com/p/BxRP3LlljAk/",
          "value": "\u00f0\u009f\u0091\u008d",
          "timestamp": 1557521573
        }
      ]
    },
    {
      "title": "johannes_luckas",
      "string_list_data": [
        {
          "href": "https://www.instagram.com/p/BwCt7UfAtUg/",
          "value": "\u00f0\u009f\u0091\u008d",
          "timestamp": 1554982641
        }
      ]
    },
    {
      "title": "sarah.srhok",
      "string_list_data": [
        {
          "href": "https://www.instagram.com/p/Bv9YJ0ulvDO/",
          "value": "\u00f0\u009f\u0091\u008d",
          "timestamp": 1554713841
        }
      ]
    },
    {
      "title": "bi.special",
      "string_list_data": [
        {
          "href": "https://www.instagram.com/p/Bv6A5YcBeUb/",
          "value": "\u00f0\u009f\u0091\u008d",
          "timestamp": 1554574660
        }
      ]
    },
    {
      "title": "helmutwilbrink",
      "string_list_data": [
        {
          "href": "https://www.instagram.com/p/Bu_5hIYBp5i/",
          "value": "\u00f0\u009f\u0091\u008d",
          "timestamp": 1552650022
        }
      ]
    },
    {
      "title": "robertdowneyjr",
      "string_list_data": [
        {
          "href": "https://www.instagram.com/p/BubBYrBAphI/",
          "value": "\u00f0\u009f\u0091\u008d",
          "timestamp": 1551433637
        }
      ]
    },
    {
      "title": "emmanuelleparty",
      "string_list_data": [
        {
          "href": "https://www.instagram.com/p/BuEZxp7ApFF/",
          "value": "\u00f0\u009f\u0091\u008d",
          "timestamp": 1550593465
        }
      ]
    },
    {
      "title": "theresaisabel_",
      "string_list_data": [
        {
          "href": "https://www.instagram.com/p/Br3MI_MILXK/",
          "value": "\u00f0\u009f\u0091\u008d",
          "timestamp": 1545899742
        }
      ]
    },
    {
      "title": "emmanuelleparty",
      "string_list_data": [
        {
          "href": "https://www.instagram.com/p/Brz-ld_lSyi/",
          "value": "\u00f0\u009f\u0091\u008d",
          "timestamp": 1545764267
        }
      ]
    },
    {
      "title": "emmanuelleparty",
      "string_list_data": [
        {
          "href": "https://www.instagram.com/p/Brw2BcmlJtR/",
          "value": "\u00f0\u009f\u0091\u008d",
          "timestamp": 1545682773
        }
      ]
    },
    {
      "title": "emmanuelleparty",
      "string_list_data": [
        {
          "href": "https://www.instagram.com/p/BruunjKl7wE/",
          "value": "\u00f0\u009f\u0091\u008d",
          "timestamp": 1545580937
        }
      ]
    },
    {
      "title": "emmanuelleparty",
      "string_list_data": [
        {
          "href": "https://www.instagram.com/p/BrrhjS9lBsV/",
          "value": "\u00f0\u009f\u0091\u008d",
          "timestamp": 1545493464
        }
      ]
    },
    {
      "title": "vancityreynolds",
      "string_list_data": [
        {
          "href": "https://www.instagram.com/p/BrohVOhB7yt/",
          "value": "\u00f0\u009f\u0091\u008d",
          "timestamp": 1545404445
        }
      ]
    },
    {
      "title": "bi.special",
      "string_list_data": [
        {
          "href": "https://www.instagram.com/p/BrpMcTTBrEc/",
          "value": "\u00f0\u009f\u0091\u008d",
          "timestamp": 1545404406
        }
      ]
    },
    {
      "title": "emmanuelleparty",
      "string_list_data": [
        {
          "href": "https://www.instagram.com/p/BrZuu8OlFu4/",
          "value": "\u00f0\u009f\u0091\u008d",
          "timestamp": 1544866381
        }
      ]
    },
    {
      "title": "emmanuelleparty",
      "string_list_data": [
        {
          "href": "https://www.instagram.com/p/BrW-_-wlkvC/",
          "value": "\u00f0\u009f\u0091\u008d",
          "timestamp": 1544788010
        }
      ]
    },
    {
      "title": "seb.smit",
      "string_list_data": [
        {
          "href": "https://www.instagram.com/p/Bq5rvP9lAbL/",
          "value": "\u00f0\u009f\u0091\u008d",
          "timestamp": 1543790574
        }
      ]
    },
    {
      "title": "seb.smit",
      "string_list_data": [
        {
          "href": "https://www.instagram.com/p/BqpOrvsFQgB/",
          "value": "\u00f0\u009f\u0091\u008d",
          "timestamp": 1543256986
        }
      ]
    },
    {
      "title": "daniela_s_c_h_m_i_d_t",
      "string_list_data": [
        {
          "href": "https://www.instagram.com/p/BqVBLA6nAT8/",
          "value": "\u00f0\u009f\u0091\u008d",
          "timestamp": 1542560480
        }
      ]
    },
    {
      "title": "seb.smit",
      "string_list_data": [
        {
          "href": "https://www.instagram.com/p/BqDUZGbAt-T/",
          "value": "\u00f0\u009f\u0091\u008d",
          "timestamp": 1541972065
        }
      ]
    },
    {
      "title": "seb.smit",
      "string_list_data": [
        {
          "href": "https://www.instagram.com/p/BqDWyxUnHpf/",
          "value": "\u00f0\u009f\u0091\u008d",
          "timestamp": 1541971999
        }
      ]
    },
    {
      "title": "bi.special",
      "string_list_data": [
        {
          "href": "https://www.instagram.com/p/BnyHC1FH8V4/",
          "value": "\u00f0\u009f\u0091\u008d",
          "timestamp": 1537204616
        }
      ]
    },
    {
      "title": "nielshsr",
      "string_list_data": [
        {
          "href": "https://www.instagram.com/p/BnynR2KlJol/",
          "value": "\u00f0\u009f\u0091\u008d",
          "timestamp": 1537204601
        }
      ]
    },
    {
      "title": "tomhardy",
      "string_list_data": [
        {
          "href": "https://www.instagram.com/p/BnlIs3UBEgb/",
          "value": "\u00f0\u009f\u0091\u008d",
          "timestamp": 1536732368
        }
      ]
    },
    {
      "title": "nielshsr",
      "string_list_data": [
        {
          "href": "https://www.instagram.com/p/BnOFsS_FXII/",
          "value": "\u00f0\u009f\u0091\u008d",
          "timestamp": 1535902624
        }
      ]
    },
    {
      "title": "torben.go",
      "string_list_data": [
        {
          "href": "https://www.instagram.com/p/Bm55qZMHQIb/",
          "value": "\u00f0\u009f\u0091\u008d",
          "timestamp": 1535312775
        }
      ]
    },
    {
      "title": "brendan_kallenberg",
      "string_list_data": [
        {
          "href": "https://www.instagram.com/p/Bm3n7HVFNvM/",
          "value": "\u00f0\u009f\u0091\u008d",
          "timestamp": 1535204569
        }
      ]
    },
    {
      "title": "torben.go",
      "string_list_data": [
        {
          "href": "https://www.instagram.com/p/Bm1Bp83nSGK/",
          "value": "\u00f0\u009f\u0091\u008d",
          "timestamp": 1535204566
        }
      ]
    },
    {
      "title": "torben.go",
      "string_list_data": [
        {
          "href": "https://www.instagram.com/p/Bm3Z2-LnTUF/",
          "value": "\u00f0\u009f\u0091\u008d",
          "timestamp": 1535204562
        }
      ]
    },
    {
      "title": "torben.go",
      "string_list_data": [
        {
          "href": "https://www.instagram.com/p/BmvtjI9nit4/",
          "value": "\u00f0\u009f\u0091\u008d",
          "timestamp": 1534927605
        }
      ]
    },
    {
      "title": "worldofpencils",
      "string_list_data": [
        {
          "href": "https://www.instagram.com/p/BlfXd5FgNp8/",
          "value": "\u00f0\u009f\u0091\u008d",
          "timestamp": 1532281777
        }
      ]
    },
    {
      "title": "brendan_kallenberg",
      "string_list_data": [
        {
          "href": "https://www.instagram.com/p/BlONf-uFxV-/",
          "value": "\u00f0\u009f\u0091\u008d",
          "timestamp": 1531648850
        }
      ]
    },
    {
      "title": "derfladenwagen",
      "string_list_data": [
        {
          "href": "https://www.instagram.com/p/Bk7maGPjg4f/",
          "value": "\u00f0\u009f\u0091\u008d",
          "timestamp": 1531037257
        }
      ]
    },
    {
      "title": "derfladenwagen",
      "string_list_data": [
        {
          "href": "https://www.instagram.com/p/Bk0XnTjD9tp/",
          "value": "\u00f0\u009f\u0091\u008d",
          "timestamp": 1530726462
        }
      ]
    },
    {
      "title": "maja.hw",
      "string_list_data": [
        {
          "href": "https://www.instagram.com/p/BjgFlMPBeWV/",
          "value": "\u00f0\u009f\u0091\u008d",
          "timestamp": 1527922175
        }
      ]
    },
    {
      "title": "fraser.coffee",
      "string_list_data": [
        {
          "href": "https://www.instagram.com/p/CLl5F94hsW9/",
          "value": "\u00f0\u009f\u0091\u008d",
          "timestamp": 1619773754
        }
      ]
    },
    {
      "title": "fraser.coffee",
      "string_list_data": [
        {
          "href": "https://www.instagram.com/p/CLq2_3whTAl/",
          "value": "\u00f0\u009f\u0091\u008d",
          "timestamp": 1619773753
        }
      ]
    },
    {
      "title": "fraser.coffee",
      "string_list_data": [
        {
          "href": "https://www.instagram.com/p/CLylKoihKX3/",
          "value": "\u00f0\u009f\u0091\u008d",
          "timestamp": 1619773752
        }
      ]
    },
    {
      "title": "fraser.coffee",
      "string_list_data": [
        {
          "href": "https://www.instagram.com/p/CL36xupBtNY/",
          "value": "\u00f0\u009f\u0091\u008d",
          "timestamp": 1619773751
        }
      ]
    },
    {
      "title": "fraser.coffee",
      "string_list_data": [
        {
          "href": "https://www.instagram.com/p/CL65nx-Bbw4/",
          "value": "\u00f0\u009f\u0091\u008d",
          "timestamp": 1619773749
        }
      ]
    },
    {
      "title": "fraser.coffee",
      "string_list_data": [
        {
          "href": "https://www.instagram.com/p/CMC3G5RBJLQ/",
          "value": "\u00f0\u009f\u0091\u008d",
          "timestamp": 1619773748
        }
      ]
    },
    {
      "title": "fraser.coffee",
      "string_list_data": [
        {
          "href": "https://www.instagram.com/p/CMMhFJoBxxm/",
          "value": "\u00f0\u009f\u0091\u008d",
          "timestamp": 1619773746
        }
      ]
    },
    {
      "title": "fraser.coffee",
      "string_list_data": [
        {
          "href": "https://www.instagram.com/p/CMRfcDDBTlO/",
          "value": "\u00f0\u009f\u0091\u008d",
          "timestamp": 1619773744
        }
      ]
    },
    {
      "title": "fraser.coffee",
      "string_list_data": [
        {
          "href": "https://www.instagram.com/p/CMU4J_BB6DI/",
          "value": "\u00f0\u009f\u0091\u008d",
          "timestamp": 1619773743
        }
      ]
    },
    {
      "title": "fraser.coffee",
      "string_list_data": [
        {
          "href": "https://www.instagram.com/p/CMZcVTjhTkj/",
          "value": "\u00f0\u009f\u0091\u008d",
          "timestamp": 1619773742
        }
      ]
    },
    {
      "title": "fraser.coffee",
      "string_list_data": [
        {
          "href": "https://www.instagram.com/p/CMekum_BOJ5/",
          "value": "\u00f0\u009f\u0091\u008d",
          "timestamp": 1619773740
        }
      ]
    },
    {
      "title": "fraser.coffee",
      "string_list_data": [
        {
          "href": "https://www.instagram.com/p/CMjhAVaBPBv/",
          "value": "\u00f0\u009f\u0091\u008d",
          "timestamp": 1619773736
        }
      ]
    },
    {
      "title": "fraser.coffee",
      "string_list_data": [
        {
          "href": "https://www.instagram.com/p/CMrQ7quBqUa/",
          "value": "\u00f0\u009f\u0091\u008d",
          "timestamp": 1619773734
        }
      ]
    },
    {
      "title": "fraser.coffee",
      "string_list_data": [
        {
          "href": "https://www.instagram.com/p/CMwaYNzhIzF/",
          "value": "\u00f0\u009f\u0091\u008d",
          "timestamp": 1619773732
        }
      ]
    },
    {
      "title": "fraser.coffee",
      "string_list_data": [
        {
          "href": "https://www.instagram.com/p/CM1nxdRBb6t/",
          "value": "\u00f0\u009f\u0091\u008d",
          "timestamp": 1619773731
        }
      ]
    },
    {
      "title": "fraser.coffee",
      "string_list_data": [
        {
          "href": "https://www.instagram.com/p/CM7D_8lhjMv/",
          "value": "\u00f0\u009f\u0091\u008d",
          "timestamp": 1619773729
        }
      ]
    },
    {
      "title": "fraser.coffee",
      "string_list_data": [
        {
          "href": "https://www.instagram.com/p/CM_05enBIbf/",
          "value": "\u00f0\u009f\u0091\u008d",
          "timestamp": 1619773728
        }
      ]
    },
    {
      "title": "fraser.coffee",
      "string_list_data": [
        {
          "href": "https://www.instagram.com/p/CNKOor6hPqp/",
          "value": "\u00f0\u009f\u0091\u008d",
          "timestamp": 1619773726
        }
      ]
    },
    {
      "title": "fraser.coffee",
      "string_list_data": [
        {
          "href": "https://www.instagram.com/p/CNUllFLhE6M/",
          "value": "\u00f0\u009f\u0091\u008d",
          "timestamp": 1619773723
        }
      ]
    },
    {
      "title": "fraser.coffee",
      "string_list_data": [
        {
          "href": "https://www.instagram.com/p/CNezpoKhynG/",
          "value": "\u00f0\u009f\u0091\u008d",
          "timestamp": 1619773722
        }
      ]
    },
    {
      "title": "fraser.coffee",
      "string_list_data": [
        {
          "href": "https://www.instagram.com/p/CNmmOOdBVji/",
          "value": "\u00f0\u009f\u0091\u008d",
          "timestamp": 1619773720
        }
      ]
    },
    {
      "title": "fraser.coffee",
      "string_list_data": [
        {
          "href": "https://www.instagram.com/p/CNuXZMahPiz/",
          "value": "\u00f0\u009f\u0091\u008d",
          "timestamp": 1619773719
        }
      ]
    },
    {
      "title": "fraser.coffee",
      "string_list_data": [
        {
          "href": "https://www.instagram.com/p/CNzghALBjmm/",
          "value": "\u00f0\u009f\u0091\u008d",
          "timestamp": 1619773717
        }
      ]
    },
    {
      "title": "fraser.coffee",
      "string_list_data": [
        {
          "href": "https://www.instagram.com/p/COAWe5uhSuz/",
          "value": "\u00f0\u009f\u0091\u008d",
          "timestamp": 1619773713
        }
      ]
    },
    {
      "title": "fraser.coffee",
      "string_list_data": [
        {
          "href": "https://www.instagram.com/p/COPl245BEUu/",
          "value": "\u00f0\u009f\u0091\u008d",
          "timestamp": 1619773708
        }
      ]
    },
    {
      "title": "fraser.coffee",
      "string_list_data": [
        {
          "href": "https://www.instagram.com/p/COKe3txhiJt/",
          "value": "\u00f0\u009f\u0091\u008d",
          "timestamp": 1619718558
        }
      ]
    },
    {
      "title": "seb.smit",
      "string_list_data": [
        {
          "href": "https://www.instagram.com/p/CMQFvo6lTth/",
          "value": "\u00f0\u009f\u0091\u008d",
          "timestamp": 1615494215
        }
      ]
    },
    {
      "title": "raumvorteil_home_staging",
      "string_list_data": [
        {
          "href": "https://www.instagram.com/p/CLwrpyrli6_/",
          "value": "\u00f0\u009f\u0091\u008d",
          "timestamp": 1614763272
        }
      ]
    },
    {
      "title": "heike.tappe121",
      "string_list_data": [
        {
          "href": "https://www.instagram.com/p/CLR6B5lh8du/",
          "value": "\u00f0\u009f\u0091\u008d",
          "timestamp": 1613550117
        }
      ]
    },
    {
      "title": "brunalove_baby",
      "string_list_data": [
        {
          "href": "https://www.instagram.com/p/CJ_BGdxFAYF/",
          "value": "\u00f0\u009f\u0091\u008d",
          "timestamp": 1610708454
        }
      ]
    },
    {
      "title": "raumvorteil_home_staging",
      "string_list_data": [
        {
          "href": "https://www.instagram.com/p/CJdw1EpFy57/",
          "value": "\u00f0\u009f\u0091\u008d",
          "timestamp": 1609425244
        }
      ]
    },
    {
      "title": "david_tappe",
      "string_list_data": [
        {
          "href": "https://www.instagram.com/p/CJI1WX9nxFG/",
          "value": "\u00f0\u009f\u0091\u008d",
          "timestamp": 1608819199
        }
      ]
    },
    {
      "title": "seb.smit",
      "string_list_data": [
        {
          "href": "https://www.instagram.com/p/CIxaKTulPwD/",
          "value": "\u00f0\u009f\u0091\u008d",
          "timestamp": 1607966108
        }
      ]
    },
    {
      "title": "raumvorteil_home_staging",
      "string_list_data": [
        {
          "href": "https://www.instagram.com/p/CIvPc7RF5Qw/",
          "value": "\u00f0\u009f\u0091\u008d",
          "timestamp": 1607866501
        }
      ]
    },
    {
      "title": "timbissbronko_tattoo",
      "string_list_data": [
        {
          "href": "https://www.instagram.com/p/CH5tWmYFFpI/",
          "value": "\u00f0\u009f\u0091\u008d",
          "timestamp": 1606147866
        }
      ]
    },
    {
      "title": "brunalove_baby",
      "string_list_data": [
        {
          "href": "https://www.instagram.com/reel/CHcd9SLoAXC/",
          "value": "\u00f0\u009f\u0091\u008d",
          "timestamp": 1605095837
        }
      ]
    },
    {
      "title": "david_tappe",
      "string_list_data": [
        {
          "href": "https://www.instagram.com/p/CHcZ4N0nTms/",
          "value": "\u00f0\u009f\u0091\u008d",
          "timestamp": 1605086402
        }
      ]
    },
    {
      "title": "brunalove_baby",
      "string_list_data": [
        {
          "href": "https://www.instagram.com/reel/CHTQZAvIwba/",
          "value": "\u00f0\u009f\u0091\u008d",
          "timestamp": 1604834391
        }
      ]
    },
    {
      "title": "brunalove_baby",
      "string_list_data": [
        {
          "href": "https://www.instagram.com/p/CHS6G7VFS19/",
          "value": "\u00f0\u009f\u0091\u008d",
          "timestamp": 1604770701
        }
      ]
    },
    {
      "title": "david_tappe",
      "string_list_data": [
        {
          "href": "https://www.instagram.com/p/CHNWEfan5mP/",
          "value": "\u00f0\u009f\u0091\u008d",
          "timestamp": 1604597989
        }
      ]
    },
    {
      "title": "brunalove_baby",
      "string_list_data": [
        {
          "href": "https://www.instagram.com/p/CHKzQ1RF7gl/",
          "value": "\u00f0\u009f\u0091\u008d",
          "timestamp": 1604506793
        }
      ]
    },
    {
      "title": "david_tappe",
      "string_list_data": [
        {
          "href": "https://www.instagram.com/p/CHGKUs7HNbI/",
          "value": "\u00f0\u009f\u0091\u008d",
          "timestamp": 1604343557
        }
      ]
    },
    {
      "title": "brunalove_baby",
      "string_list_data": [
        {
          "href": "https://www.instagram.com/p/CHFfLLblTXQ/",
          "value": "\u00f0\u009f\u0091\u008d",
          "timestamp": 1604327873
        }
      ]
    },
    {
      "title": "brunalove_baby",
      "string_list_data": [
        {
          "href": "https://www.instagram.com/p/CG7Fqc4FIkJ/",
          "value": "\u00f0\u009f\u0091\u008d",
          "timestamp": 1603968111
        }
      ]
    },
    {
      "title": "brunalove_baby",
      "string_list_data": [
        {
          "href": "https://www.instagram.com/p/CG4bpTQFy9k/",
          "value": "\u00f0\u009f\u0091\u008d",
          "timestamp": 1603889711
        }
      ]
    },
    {
      "title": "brunalove_baby",
      "string_list_data": [
        {
          "href": "https://www.instagram.com/p/CGxPQYylBNA/",
          "value": "\u00f0\u009f\u0091\u008d",
          "timestamp": 1603650270
        }
      ]
    },
    {
      "title": "brunalove_baby",
      "string_list_data": [
        {
          "href": "https://www.instagram.com/p/CGpzkoWl0QM/",
          "value": "\u00f0\u009f\u0091\u008d",
          "timestamp": 1603434070
        }
      ]
    },
    {
      "title": "david_tappe",
      "string_list_data": [
        {
          "href": "https://www.instagram.com/tv/CGM0VTNnjdh/",
          "value": "\u00f0\u009f\u0091\u008d",
          "timestamp": 1602585072
        }
      ]
    },
    {
      "title": "brunalove_baby",
      "string_list_data": [
        {
          "href": "https://www.instagram.com/p/CGRtL5AFihe/",
          "value": "\u00f0\u009f\u0091\u008d",
          "timestamp": 1602585053
        }
      ]
    },
    {
      "title": "david_tappe",
      "string_list_data": [
        {
          "href": "https://www.instagram.com/p/CGE_OQxHJZ2/",
          "value": "\u00f0\u009f\u0091\u008d",
          "timestamp": 1602253588
        }
      ]
    },
    {
      "title": "raumvorteil_home_staging",
      "string_list_data": [
        {
          "href": "https://www.instagram.com/p/CGFdm4EoqTy/",
          "value": "\u00f0\u009f\u0091\u008d",
          "timestamp": 1602253571
        }
      ]
    },
    {
      "title": "raumvorteil_home_staging",
      "string_list_data": [
        {
          "href": "https://www.instagram.com/p/CGAvjiMI4jJ/",
          "value": "\u00f0\u009f\u0091\u008d",
          "timestamp": 1602060572
        }
      ]
    },
    {
      "title": "david_tappe",
      "string_list_data": [
        {
          "href": "https://www.instagram.com/tv/CF9G11onLHK/",
          "value": "\u00f0\u009f\u0091\u008d",
          "timestamp": 1601897151
        }
      ]
    },
    {
      "title": "heike.tappe121",
      "string_list_data": [
        {
          "href": "https://www.instagram.com/p/CF7YyZ6Bs-m/",
          "value": "\u00f0\u009f\u0091\u008d",
          "timestamp": 1601838153
        }
      ]
    },
    {
      "title": "david_tappe",
      "string_list_data": [
        {
          "href": "https://www.instagram.com/p/CFtb53mKGXQ/",
          "value": "\u00f0\u009f\u0091\u008d",
          "timestamp": 1601449647
        }
      ]
    },
    {
      "title": "raumvorteil_home_staging",
      "string_list_data": [
        {
          "href": "https://www.instagram.com/p/CFe5C_ugb9M/",
          "value": "\u00f0\u009f\u0091\u008d",
          "timestamp": 1601041137
        }
      ]
    },
    {
      "title": "david_tappe",
      "string_list_data": [
        {
          "href": "https://www.instagram.com/p/CFXlFCMqawz/",
          "value": "\u00f0\u009f\u0091\u008d",
          "timestamp": 1600675505
        }
      ]
    },
    {
      "title": "johannestappe",
      "string_list_data": [
        {
          "href": "https://www.instagram.com/p/CFSXM9vnM_7/",
          "value": "\u00f0\u009f\u0091\u008d",
          "timestamp": 1600509187
        }
      ]
    },
    {
      "title": "david_tappe",
      "string_list_data": [
        {
          "href": "https://www.instagram.com/p/CFAqT6UCYnF/",
          "value": "\u00f0\u009f\u0091\u008d",
          "timestamp": 1599987291
        }
      ]
    },
    {
      "title": "david_tappe",
      "string_list_data": [
        {
          "href": "https://www.instagram.com/p/CD8lKliobIp/",
          "value": "\u00f0\u009f\u0091\u008d",
          "timestamp": 1597690815
        }
      ]
    },
    {
      "title": "david_tappe",
      "string_list_data": [
        {
          "href": "https://www.instagram.com/p/CDq-CokqAKw/",
          "value": "\u00f0\u009f\u0091\u008d",
          "timestamp": 1597053161
        }
      ]
    },
    {
      "title": "johannes_haller",
      "string_list_data": [
        {
          "href": "https://www.instagram.com/p/B9uPZnCJW3V/",
          "value": "\u00f0\u009f\u0091\u008d",
          "timestamp": 1596035113
        }
      ]
    },
    {
      "title": "raumvorteil_home_staging",
      "string_list_data": [
        {
          "href": "https://www.instagram.com/p/CC3D8Xni85L/",
          "value": "\u00f0\u009f\u0091\u008d",
          "timestamp": 1595343372
        }
      ]
    },
    {
      "title": "seb.smit",
      "string_list_data": [
        {
          "href": "https://www.instagram.com/p/CCs6E9DljdV/",
          "value": "\u00f0\u009f\u0091\u008d",
          "timestamp": 1594926345
        }
      ]
    },
    {
      "title": "theresaisabel_",
      "string_list_data": [
        {
          "href": "https://www.instagram.com/p/CClyPe_IxgM/",
          "value": "\u00f0\u009f\u0091\u008d",
          "timestamp": 1594753746
        }
      ]
    },
    {
      "title": "raumvorteil_home_staging",
      "string_list_data": [
        {
          "href": "https://www.instagram.com/p/CCVwnIQgRRx/",
          "value": "\u00f0\u009f\u0091\u008d",
          "timestamp": 1594126183
        }
      ]
    },
    {
      "title": "raumvorteil_home_staging",
      "string_list_data": [
        {
          "href": "https://www.instagram.com/p/CCEE_EWlkPP/",
          "value": "\u00f0\u009f\u0091\u008d",
          "timestamp": 1593622580
        }
      ]
    },
    {
      "title": "seb.smit",
      "string_list_data": [
        {
          "href": "https://www.instagram.com/p/CCGRi4GFHuj/",
          "value": "\u00f0\u009f\u0091\u008d",
          "timestamp": 1593622575
        }
      ]
    },
    {
      "title": "bi.special",
      "string_list_data": [
        {
          "href": "https://www.instagram.com/p/CB0OUwMlcYK/",
          "value": "\u00f0\u009f\u0091\u008d",
          "timestamp": 1593622564
        }
      ]
    },
    {
      "title": "raumvorteil_home_staging",
      "string_list_data": [
        {
          "href": "https://www.instagram.com/p/CB5V1JYF1YL/",
          "value": "\u00f0\u009f\u0091\u008d",
          "timestamp": 1593171018
        }
      ]
    },
    {
      "title": "raumvorteil_home_staging",
      "string_list_data": [
        {
          "href": "https://www.instagram.com/p/CB5Ph0Cl1lF/",
          "value": "\u00f0\u009f\u0091\u008d",
          "timestamp": 1593171016
        }
      ]
    },
    {
      "title": "raumvorteil_home_staging",
      "string_list_data": [
        {
          "href": "https://www.instagram.com/p/CB5OpTklmvb/",
          "value": "\u00f0\u009f\u0091\u008d",
          "timestamp": 1593171014
        }
      ]
    },
    {
      "title": "_idakatharina_",
      "string_list_data": [
        {
          "href": "https://www.instagram.com/p/CBlPrJOFV8T/",
          "value": "\u00f0\u009f\u0091\u008d",
          "timestamp": 1592681410
        }
      ]
    },
    {
      "title": "melinapreu",
      "string_list_data": [
        {
          "href": "https://www.instagram.com/p/CADv0J7FTQl/",
          "value": "\u00f0\u009f\u0091\u008d",
          "timestamp": 1589272532
        }
      ]
    },
    {
      "title": "berniundfreunde",
      "string_list_data": [
        {
          "href": "https://www.instagram.com/p/B-yt-94oZps/",
          "value": "\u00f0\u009f\u0091\u008d",
          "timestamp": 1586505747
        }
      ]
    },
    {
      "title": "gero_brockstedt",
      "string_list_data": [
        {
          "href": "https://www.instagram.com/p/B94LqaJoU_T/",
          "value": "\u00f0\u009f\u0091\u008d",
          "timestamp": 1584654886
        }
      ]
    },
    {
      "title": "_idakatharina_",
      "string_list_data": [
        {
          "href": "https://www.instagram.com/p/B9y43ryoq2G/",
          "value": "\u00f0\u009f\u0091\u008d",
          "timestamp": 1584380170
        }
      ]
    },
    {
      "title": "maja.hw",
      "string_list_data": [
        {
          "href": "https://www.instagram.com/p/B9gSYYsFUTb/",
          "value": "\u00f0\u009f\u0091\u008d",
          "timestamp": 1583788695
        }
      ]
    },
    {
      "title": "annika__pic",
      "string_list_data": [
        {
          "href": "https://www.instagram.com/p/B6wovJNFVSb/",
          "value": "\u00f0\u009f\u0091\u008d",
          "timestamp": 1578085475
        }
      ]
    },
    {
      "title": "beccaloreen_beauty_bride",
      "string_list_data": [
        {
          "href": "https://www.instagram.com/p/B6GPV09IRbs/",
          "value": "\u00f0\u009f\u0091\u008d",
          "timestamp": 1576432473
        }
      ]
    },
    {
      "title": "bi.special",
      "string_list_data": [
        {
          "href": "https://www.instagram.com/p/B5BSIjHFe-i/",
          "value": "\u00f0\u009f\u0091\u008d",
          "timestamp": 1574174688
        }
      ]
    },
    {
      "title": "soldmysoultobands",
      "string_list_data": [
        {
          "href": "https://www.instagram.com/p/B4ztIYiHo6W/",
          "value": "\u00f0\u009f\u0091\u008d",
          "timestamp": 1573801779
        }
      ]
    },
    {
      "title": "_idakatharina_",
      "string_list_data": [
        {
          "href": "https://www.instagram.com/p/B4sS0EFoquw/",
          "value": "\u00f0\u009f\u0091\u008d",
          "timestamp": 1573469036
        }
      ]
    },
    {
      "title": "_idakatharina_",
      "string_list_data": [
        {
          "href": "https://www.instagram.com/p/B4K23HVIAHJ/",
          "value": "\u00f0\u009f\u0091\u008d",
          "timestamp": 1572385266
        }
      ]
    },
    {
      "title": "seb.smit",
      "string_list_data": [
        {
          "href": "https://www.instagram.com/p/B3cn248Ipcn/",
          "value": "\u00f0\u009f\u0091\u008d",
          "timestamp": 1570791357
        }
      ]
    },
    {
      "title": "_idakatharina_",
      "string_list_data": [
        {
          "href": "https://www.instagram.com/p/B2uJeEVIr3b/",
          "value": "\u00f0\u009f\u0091\u008d",
          "timestamp": 1569174116
        }
      ]
    },
    {
      "title": "aureliaelena_",
      "string_list_data": [
        {
          "href": "https://www.instagram.com/p/B2hPu2bo7Y1/",
          "value": "\u00f0\u009f\u0091\u008d",
          "timestamp": 1568743242
        }
      ]
    },
    {
      "title": "t1ga_safari",
      "string_list_data": [
        {
          "href": "https://www.instagram.com/p/B2aDQltoxBL/",
          "value": "\u00f0\u009f\u0091\u008d",
          "timestamp": 1568622099
        }
      ]
    },
    {
      "title": "t1ga_safari",
      "string_list_data": [
        {
          "href": "https://www.instagram.com/p/B2ZUIr1IeMR/",
          "value": "\u00f0\u009f\u0091\u008d",
          "timestamp": 1568562382
        }
      ]
    },
    {
      "title": "aureliaelena_",
      "string_list_data": [
        {
          "href": "https://www.instagram.com/p/B2MnLI0i47l/",
          "value": "\u00f0\u009f\u0091\u008d",
          "timestamp": 1568046965
        }
      ]
    },
    {
      "title": "aureliaelena_",
      "string_list_data": [
        {
          "href": "https://www.instagram.com/p/B1_q-XCCOjq/",
          "value": "\u00f0\u009f\u0091\u008d",
          "timestamp": 1567623599
        }
      ]
    },
    {
      "title": "aureliaelena_",
      "string_list_data": [
        {
          "href": "https://www.instagram.com/p/B13A3IpCw_r/",
          "value": "\u00f0\u009f\u0091\u008d",
          "timestamp": 1567325459
        }
      ]
    },
    {
      "title": "aureliaelena_",
      "string_list_data": [
        {
          "href": "https://www.instagram.com/p/B1rQiW-i3hM/",
          "value": "\u00f0\u009f\u0091\u008d",
          "timestamp": 1566927757
        }
      ]
    },
    {
      "title": "t1ga_safari",
      "string_list_data": [
        {
          "href": "https://www.instagram.com/p/B1oTT_-Isn4/",
          "value": "\u00f0\u009f\u0091\u008d",
          "timestamp": 1566840419
        }
      ]
    },
    {
      "title": "seb.smit",
      "string_list_data": [
        {
          "href": "https://www.instagram.com/p/B1l3DKsILON/",
          "value": "\u00f0\u009f\u0091\u008d",
          "timestamp": 1566748919
        }
      ]
    },
    {
      "title": "aureliaelena_",
      "string_list_data": [
        {
          "href": "https://www.instagram.com/p/B1iYLrPoBWJ/",
          "value": "\u00f0\u009f\u0091\u008d",
          "timestamp": 1566649248
        }
      ]
    },
    {
      "title": "aureliaelena_",
      "string_list_data": [
        {
          "href": "https://www.instagram.com/p/B1eVSCKi86f/",
          "value": "\u00f0\u009f\u0091\u008d",
          "timestamp": 1566496451
        }
      ]
    },
    {
      "title": "aureliaelena_",
      "string_list_data": [
        {
          "href": "https://www.instagram.com/p/B1ZOyGLi8cq/",
          "value": "\u00f0\u009f\u0091\u008d",
          "timestamp": 1566322232
        }
      ]
    },
    {
      "title": "aureliaelena_",
      "string_list_data": [
        {
          "href": "https://www.instagram.com/p/B1UDG6UiWEO/",
          "value": "\u00f0\u009f\u0091\u008d",
          "timestamp": 1566157597
        }
      ]
    },
    {
      "title": "t1ga_safari",
      "string_list_data": [
        {
          "href": "https://www.instagram.com/p/B1RLfJxIBoy/",
          "value": "\u00f0\u009f\u0091\u008d",
          "timestamp": 1566082864
        }
      ]
    },
    {
      "title": "beccaloreen_beauty_bride",
      "string_list_data": [
        {
          "href": "https://www.instagram.com/reel/Cnw-iSCq0lo/",
          "value": "\u00f0\u009f\u0091\u008d",
          "timestamp": 1674509571
        }
      ]
    },
    {
      "title": "beccaloreen_beauty_bride",
      "string_list_data": [
        {
          "href": "https://www.instagram.com/p/CncVN9hI7I_/",
          "value": "\u00f0\u009f\u0091\u008d",
          "timestamp": 1673800562
        }
      ]
    },
    {
      "title": "pike_perch_toonvanham",
      "string_list_data": [
        {
          "href": "https://www.instagram.com/p/Cm-4iu_Kob0/",
          "value": "\u00f0\u009f\u0091\u008d",
          "timestamp": 1672813119
        }
      ]
    },
    {
      "title": "seb.smit",
      "string_list_data": [
        {
          "href": "https://www.instagram.com/p/Cm4DxBwN1Jj/",
          "value": "\u00f0\u009f\u0091\u008d",
          "timestamp": 1672598652
        }
      ]
    },
    {
      "title": "beccaloreen_beauty_bride",
      "string_list_data": [
        {
          "href": "https://www.instagram.com/reel/Cm1a0H6IqP8/",
          "value": "\u00f0\u009f\u0091\u008d",
          "timestamp": 1672510674
        }
      ]
    },
    {
      "title": "fitnessyakeven",
      "string_list_data": [
        {
          "href": "https://www.instagram.com/reel/Cmojq8jIk4b/",
          "value": "\u00f0\u009f\u0091\u008d",
          "timestamp": 1672131863
        }
      ]
    },
    {
      "title": "ondrej318",
      "string_list_data": [
        {
          "href": "https://www.instagram.com/reel/CmQ9ycGgm8P/",
          "value": "\u00f0\u009f\u0091\u008d",
          "timestamp": 1671732833
        }
      ]
    },
    {
      "title": "beccaloreen_beauty_bride",
      "string_list_data": [
        {
          "href": "https://www.instagram.com/reel/CmW7acdgI4f/",
          "value": "\u00f0\u009f\u0091\u008d",
          "timestamp": 1671552410
        }
      ]
    },
    {
      "title": "joshi_bln",
      "string_list_data": [
        {
          "href": "https://www.instagram.com/p/CmOXPfCL7SE/",
          "value": "\u00f0\u009f\u0091\u008d",
          "timestamp": 1671206136
        }
      ]
    },
    {
      "title": "beccaloreen_beauty_bride",
      "string_list_data": [
        {
          "href": "https://www.instagram.com/p/CmHUWUzNrn-/",
          "value": "\u00f0\u009f\u0091\u008d",
          "timestamp": 1670994957
        }
      ]
    },
    {
      "title": "vanessajuliette.xo",
      "string_list_data": [
        {
          "href": "https://www.instagram.com/p/CmG9P-CrMgB/",
          "value": "\u00f0\u009f\u0091\u008d",
          "timestamp": 1670994936
        }
      ]
    },
    {
      "title": "seb.smit",
      "string_list_data": [
        {
          "href": "https://www.instagram.com/p/Cl_TH2ejBWq/",
          "value": "\u00f0\u009f\u0091\u008d",
          "timestamp": 1670701574
        }
      ]
    },
    {
      "title": "theresaisabel_",
      "string_list_data": [
        {
          "href": "https://www.instagram.com/p/ClszkgSDW8X/",
          "value": "\u00f0\u009f\u0091\u008d",
          "timestamp": 1670061595
        }
      ]
    },
    {
      "title": "beccaloreen_beauty_bride",
      "string_list_data": [
        {
          "href": "https://www.instagram.com/p/CktfFxdjbHR/",
          "value": "\u00f0\u009f\u0091\u008d",
          "timestamp": 1667993434
        }
      ]
    },
    {
      "title": "melina.k357",
      "string_list_data": [
        {
          "href": "https://www.instagram.com/p/CkTlj8PMrl1/",
          "value": "\u00f0\u009f\u0091\u008d",
          "timestamp": 1667243988
        }
      ]
    },
    {
      "title": "beccaloreen_beauty_bride",
      "string_list_data": [
        {
          "href": "https://www.instagram.com/p/CkJYmdfjXeu/",
          "value": "\u00f0\u009f\u0091\u008d",
          "timestamp": 1666772212
        }
      ]
    },
    {
      "title": "beccaloreen_beauty_bride",
      "string_list_data": [
        {
          "href": "https://www.instagram.com/p/CivJoWljKak/",
          "value": "\u00f0\u009f\u0091\u008d",
          "timestamp": 1663761988
        }
      ]
    },
    {
      "title": "beccaloreen_beauty_bride",
      "string_list_data": [
        {
          "href": "https://www.instagram.com/p/CidCTSvDm4y/",
          "value": "\u00f0\u009f\u0091\u008d",
          "timestamp": 1663089055
        }
      ]
    },
    {
      "title": "theresaisabel_",
      "string_list_data": [
        {
          "href": "https://www.instagram.com/p/Cia0ccHjYrm/",
          "value": "\u00f0\u009f\u0091\u008d",
          "timestamp": 1663047912
        }
      ]
    },
    {
      "title": "joshi_bln",
      "string_list_data": [
        {
          "href": "https://www.instagram.com/p/CiX_YKMrTYP/",
          "value": "\u00f0\u009f\u0091\u008d",
          "timestamp": 1662922850
        }
      ]
    },
    {
      "title": "maja.hw",
      "string_list_data": [
        {
          "href": "https://www.instagram.com/p/CfTBOz3DLIe/",
          "value": "\u00f0\u009f\u0091\u008d",
          "timestamp": 1656443005
        }
      ]
    },
    {
      "title": "beccaloreen_beauty_bride",
      "string_list_data": [
        {
          "href": "https://www.instagram.com/p/CfW7NoSDTsq/",
          "value": "\u00f0\u009f\u0091\u008d",
          "timestamp": 1656442845
        }
      ]
    },
    {
      "title": "baitzeljolinde",
      "string_list_data": [
        {
          "href": "https://www.instagram.com/p/Ce-0QIvqlAu/",
          "value": "\u00f0\u009f\u0091\u008d",
          "timestamp": 1655647912
        }
      ]
    },
    {
      "title": "im_dickicht",
      "string_list_data": [
        {
          "href": "https://www.instagram.com/p/CcxGxeGoNn6/",
          "value": "\u00f0\u009f\u0091\u008d",
          "timestamp": 1650891313
        }
      ]
    },
    {
      "title": "pablobasscobar",
      "string_list_data": [
        {
          "href": "https://www.instagram.com/p/Cb7kHkCMN6U/",
          "value": "\u00f0\u009f\u0091\u008d",
          "timestamp": 1649757260
        }
      ]
    },
    {
      "title": "beccaloreen_beauty_bride",
      "string_list_data": [
        {
          "href": "https://www.instagram.com/p/Cbu9NhmA1sj/",
          "value": "\u00f0\u009f\u0091\u008d",
          "timestamp": 1648659435
        }
      ]
    },
    {
      "title": "raumvorteil_home_staging",
      "string_list_data": [
        {
          "href": "https://www.instagram.com/p/CbpwH4Cs0V7/",
          "value": "\u00f0\u009f\u0091\u008d",
          "timestamp": 1648555593
        }
      ]
    },
    {
      "title": "hechtundbarsch.de",
      "string_list_data": [
        {
          "href": "https://www.instagram.com/p/Cbkz5LFqSa4/",
          "value": "\u00f0\u009f\u0091\u008d",
          "timestamp": 1648323871
        }
      ]
    },
    {
      "title": "t1ga_safari",
      "string_list_data": [
        {
          "href": "https://www.instagram.com/p/CbedkLJgzVK/",
          "value": "\u00f0\u009f\u0091\u008d",
          "timestamp": 1648109276
        }
      ]
    },
    {
      "title": "david_tappe",
      "string_list_data": [
        {
          "href": "https://www.instagram.com/p/CbMiuyaMWMO/",
          "value": "\u00f0\u009f\u0091\u008d",
          "timestamp": 1647597540
        }
      ]
    },
    {
      "title": "pablobasscobar",
      "string_list_data": [
        {
          "href": "https://www.instagram.com/p/CbIFrgOs-rp/",
          "value": "\u00f0\u009f\u0091\u008d",
          "timestamp": 1647597481
        }
      ]
    },
    {
      "title": "joshi_bln",
      "string_list_data": [
        {
          "href": "https://www.instagram.com/p/CasJdFBrFvH/",
          "value": "\u00f0\u009f\u0091\u008d",
          "timestamp": 1646580917
        }
      ]
    },
    {
      "title": "hechtundbarsch.de",
      "string_list_data": [
        {
          "href": "https://www.instagram.com/p/CaIRFORL87E/",
          "value": "\u00f0\u009f\u0091\u008d",
          "timestamp": 1645306923
        }
      ]
    },
    {
      "title": "seb.smit",
      "string_list_data": [
        {
          "href": "https://www.instagram.com/p/CZw7c1iN70B/",
          "value": "\u00f0\u009f\u0091\u008d",
          "timestamp": 1644475921
        }
      ]
    },
    {
      "title": "lieblingskoeder",
      "string_list_data": [
        {
          "href": "https://www.instagram.com/reel/CZlqtO1gwBM/",
          "value": "\u00f0\u009f\u0091\u008d",
          "timestamp": 1644070744
        }
      ]
    },
    {
      "title": "lieblingskoeder",
      "string_list_data": [
        {
          "href": "https://www.instagram.com/p/CZXcKn2LwQw/",
          "value": "\u00f0\u009f\u0091\u008d",
          "timestamp": 1643655913
        }
      ]
    },
    {
      "title": "beccaloreen_beauty_bride",
      "string_list_data": [
        {
          "href": "https://www.instagram.com/p/CZW4_joAJMF/",
          "value": "\u00f0\u009f\u0091\u008d",
          "timestamp": 1643655805
        }
      ]
    },
    {
      "title": "fraser.coffee",
      "string_list_data": [
        {
          "href": "https://www.instagram.com/p/CZWsTjXMqWY/",
          "value": "\u00f0\u009f\u0091\u008d",
          "timestamp": 1643655646
        }
      ]
    },
    {
      "title": "david_tappe",
      "string_list_data": [
        {
          "href": "https://www.instagram.com/p/CZIQ8TYsgZx/",
          "value": "\u00f0\u009f\u0091\u008d",
          "timestamp": 1643109111
        }
      ]
    },
    {
      "title": "beccaloreen_beauty_bride",
      "string_list_data": [
        {
          "href": "https://www.instagram.com/p/CYZVyOzICes/",
          "value": "\u00f0\u009f\u0091\u008d",
          "timestamp": 1641666708
        }
      ]
    },
    {
      "title": "johannestappe",
      "string_list_data": [
        {
          "href": "https://www.instagram.com/p/CYG11agsbdS/",
          "value": "\u00f0\u009f\u0091\u008d",
          "timestamp": 1640950006
        }
      ]
    },
    {
      "title": "johannestappe",
      "string_list_data": [
        {
          "href": "https://www.instagram.com/p/CX9UR-KM1O2/",
          "value": "\u00f0\u009f\u0091\u008d",
          "timestamp": 1640709707
        }
      ]
    },
    {
      "title": "david_tappe",
      "string_list_data": [
        {
          "href": "https://www.instagram.com/p/CYCET9HMf7o/",
          "value": "\u00f0\u009f\u0091\u008d",
          "timestamp": 1640709694
        }
      ]
    },
    {
      "title": "david_tappe",
      "string_list_data": [
        {
          "href": "https://www.instagram.com/p/CXdvTwmM7Pd/",
          "value": "\u00f0\u009f\u0091\u008d",
          "timestamp": 1639660446
        }
      ]
    },
    {
      "title": "fraser.coffee",
      "string_list_data": [
        {
          "href": "https://www.instagram.com/p/CXimH_oKWIF/",
          "value": "\u00f0\u009f\u0091\u008d",
          "timestamp": 1639660438
        }
      ]
    },
    {
      "title": "baitzeljolinde",
      "string_list_data": [
        {
          "href": "https://www.instagram.com/p/CVbC4iNI57L/",
          "value": "\u00f0\u009f\u0091\u008d",
          "timestamp": 1635104440
        }
      ]
    },
    {
      "title": "fraser.coffee",
      "string_list_data": [
        {
          "href": "https://www.instagram.com/p/CUU7A-cMZJv/",
          "value": "\u00f0\u009f\u0091\u008d",
          "timestamp": 1632756211
        }
      ]
    },
    {
      "title": "joshi_bln",
      "string_list_data": [
        {
          "href": "https://www.instagram.com/p/CTNb4i4LR_f/",
          "value": "\u00f0\u009f\u0091\u008d",
          "timestamp": 1630355111
        }
      ]
    },
    {
      "title": "fraser.coffee",
      "string_list_data": [
        {
          "href": "https://www.instagram.com/p/CTJ04-hDmWL/",
          "value": "\u00f0\u009f\u0091\u008d",
          "timestamp": 1630338440
        }
      ]
    },
    {
      "title": "fraser.coffee",
      "string_list_data": [
        {
          "href": "https://www.instagram.com/p/CSG4YPeji5E/",
          "value": "\u00f0\u009f\u0091\u008d",
          "timestamp": 1628013936
        }
      ]
    },
    {
      "title": "berywam",
      "string_list_data": [
        {
          "href": "https://www.instagram.com/reel/CPDtsliKpXW/",
          "value": "\u00f0\u009f\u0091\u008d",
          "timestamp": 1622642647
        }
      ]
    },
    {
      "title": "fraser.coffee",
      "string_list_data": [
        {
          "href": "https://www.instagram.com/p/CHNenpRBYWk/",
          "value": "\u00f0\u009f\u0091\u008d",
          "timestamp": 1619773839
        }
      ]
    },
    {
      "title": "fraser.coffee",
      "string_list_data": [
        {
          "href": "https://www.instagram.com/p/CHQGz3jhQe4/",
          "value": "\u00f0\u009f\u0091\u008d",
          "timestamp": 1619773838
        }
      ]
    },
    {
      "title": "fraser.coffee",
      "string_list_data": [
        {
          "href": "https://www.instagram.com/p/CHVEH4vBW4s/",
          "value": "\u00f0\u009f\u0091\u008d",
          "timestamp": 1619773836
        }
      ]
    },
    {
      "title": "fraser.coffee",
      "string_list_data": [
        {
          "href": "https://www.instagram.com/p/CHdVWNtBw7_/",
          "value": "\u00f0\u009f\u0091\u008d",
          "timestamp": 1619773835
        }
      ]
    },
    {
      "title": "fraser.coffee",
      "string_list_data": [
        {
          "href": "https://www.instagram.com/p/CHkxLEyhIeA/",
          "value": "\u00f0\u009f\u0091\u008d",
          "timestamp": 1619773834
        }
      ]
    },
    {
      "title": "fraser.coffee",
      "string_list_data": [
        {
          "href": "https://www.instagram.com/p/CHv3La-hag8/",
          "value": "\u00f0\u009f\u0091\u008d",
          "timestamp": 1619773833
        }
      ]
    },
    {
      "title": "fraser.coffee",
      "string_list_data": [
        {
          "href": "https://www.instagram.com/p/CHz_tNRh6N5/",
          "value": "\u00f0\u009f\u0091\u008d",
          "timestamp": 1619773829
        }
      ]
    },
    {
      "title": "fraser.coffee",
      "string_list_data": [
        {
          "href": "https://www.instagram.com/p/CH5GLh8BTco/",
          "value": "\u00f0\u009f\u0091\u008d",
          "timestamp": 1619773827
        }
      ]
    },
    {
      "title": "fraser.coffee",
      "string_list_data": [
        {
          "href": "https://www.instagram.com/p/CH8aJDVhYGg/",
          "value": "\u00f0\u009f\u0091\u008d",
          "timestamp": 1619773826
        }
      ]
    },
    {
      "title": "fraser.coffee",
      "string_list_data": [
        {
          "href": "https://www.instagram.com/p/CIA1CZ9BwYJ/",
          "value": "\u00f0\u009f\u0091\u008d",
          "timestamp": 1619773825
        }
      ]
    },
    {
      "title": "fraser.coffee",
      "string_list_data": [
        {
          "href": "https://www.instagram.com/p/CIGAr2Bhwst/",
          "value": "\u00f0\u009f\u0091\u008d",
          "timestamp": 1619773823
        }
      ]
    },
    {
      "title": "fraser.coffee",
      "string_list_data": [
        {
          "href": "https://www.instagram.com/p/CILHMcahn0c/",
          "value": "\u00f0\u009f\u0091\u008d",
          "timestamp": 1619773822
        }
      ]
    },
    {
      "title": "fraser.coffee",
      "string_list_data": [
        {
          "href": "https://www.instagram.com/p/CIVjDwlBaOD/",
          "value": "\u00f0\u009f\u0091\u008d",
          "timestamp": 1619773820
        }
      ]
    },
    {
      "title": "fraser.coffee",
      "string_list_data": [
        {
          "href": "https://www.instagram.com/p/CIdDAb0hU97/",
          "value": "\u00f0\u009f\u0091\u008d",
          "timestamp": 1619773819
        }
      ]
    },
    {
      "title": "fraser.coffee",
      "string_list_data": [
        {
          "href": "https://www.instagram.com/p/CIgWmhdBlhH/",
          "value": "\u00f0\u009f\u0091\u008d",
          "timestamp": 1619773818
        }
      ]
    },
    {
      "title": "fraser.coffee",
      "string_list_data": [
        {
          "href": "https://www.instagram.com/p/CInY3aiBXTn/",
          "value": "\u00f0\u009f\u0091\u008d",
          "timestamp": 1619773816
        }
      ]
    },
    {
      "title": "fraser.coffee",
      "string_list_data": [
        {
          "href": "https://www.instagram.com/p/CIsf6m6hT7g/",
          "value": "\u00f0\u009f\u0091\u008d",
          "timestamp": 1619773814
        }
      ]
    },
    {
      "title": "fraser.coffee",
      "string_list_data": [
        {
          "href": "https://www.instagram.com/p/CIvU0VQhRXn/",
          "value": "\u00f0\u009f\u0091\u008d",
          "timestamp": 1619773813
        }
      ]
    },
    {
      "title": "fraser.coffee",
      "string_list_data": [
        {
          "href": "https://www.instagram.com/p/CI26SABBE09/",
          "value": "\u00f0\u009f\u0091\u008d",
          "timestamp": 1619773811
        }
      ]
    },
    {
      "title": "fraser.coffee",
      "string_list_data": [
        {
          "href": "https://www.instagram.com/p/CI7ykxrBzgB/",
          "value": "\u00f0\u009f\u0091\u008d",
          "timestamp": 1619773810
        }
      ]
    },
    {
      "title": "fraser.coffee",
      "string_list_data": [
        {
          "href": "https://www.instagram.com/p/CI-4vIGh4_o/",
          "value": "\u00f0\u009f\u0091\u008d",
          "timestamp": 1619773809
        }
      ]
    },
    {
      "title": "fraser.coffee",
      "string_list_data": [
        {
          "href": "https://www.instagram.com/p/CJDkr42BZnd/",
          "value": "\u00f0\u009f\u0091\u008d",
          "timestamp": 1619773807
        }
      ]
    },
    {
      "title": "fraser.coffee",
      "string_list_data": [
        {
          "href": "https://www.instagram.com/p/CJGZVH2h390/",
          "value": "\u00f0\u009f\u0091\u008d",
          "timestamp": 1619773806
        }
      ]
    },
    {
      "title": "fraser.coffee",
      "string_list_data": [
        {
          "href": "https://www.instagram.com/p/CJJs48hBkLz/",
          "value": "\u00f0\u009f\u0091\u008d",
          "timestamp": 1619773804
        }
      ]
    },
    {
      "title": "fraser.coffee",
      "string_list_data": [
        {
          "href": "https://www.instagram.com/p/CJN53CxhSxG/",
          "value": "\u00f0\u009f\u0091\u008d",
          "timestamp": 1619773802
        }
      ]
    },
    {
      "title": "fraser.coffee",
      "string_list_data": [
        {
          "href": "https://www.instagram.com/p/CJTHuwVhMbI/",
          "value": "\u00f0\u009f\u0091\u008d",
          "timestamp": 1619773799
        }
      ]
    },
    {
      "title": "fraser.coffee",
      "string_list_data": [
        {
          "href": "https://www.instagram.com/p/CJbmIeQh1wu/",
          "value": "\u00f0\u009f\u0091\u008d",
          "timestamp": 1619773798
        }
      ]
    },
    {
      "title": "fraser.coffee",
      "string_list_data": [
        {
          "href": "https://www.instagram.com/p/CJdmeftBEah/",
          "value": "\u00f0\u009f\u0091\u008d",
          "timestamp": 1619773797
        }
      ]
    },
    {
      "title": "fraser.coffee",
      "string_list_data": [
        {
          "href": "https://www.instagram.com/p/CJiiQi1BBL8/",
          "value": "\u00f0\u009f\u0091\u008d",
          "timestamp": 1619773795
        }
      ]
    },
    {
      "title": "fraser.coffee",
      "string_list_data": [
        {
          "href": "https://www.instagram.com/p/CJlMtAABbGQ/",
          "value": "\u00f0\u009f\u0091\u008d",
          "timestamp": 1619773794
        }
      ]
    },
    {
      "title": "fraser.coffee",
      "string_list_data": [
        {
          "href": "https://www.instagram.com/p/CJ9bM1FBAuL/",
          "value": "\u00f0\u009f\u0091\u008d",
          "timestamp": 1619773792
        }
      ]
    },
    {
      "title": "fraser.coffee",
      "string_list_data": [
        {
          "href": "https://www.instagram.com/p/CKBTlihBx0B/",
          "value": "\u00f0\u009f\u0091\u008d",
          "timestamp": 1619773791
        }
      ]
    },
    {
      "title": "fraser.coffee",
      "string_list_data": [
        {
          "href": "https://www.instagram.com/p/CKOdTXmhP9I/",
          "value": "\u00f0\u009f\u0091\u008d",
          "timestamp": 1619773788
        }
      ]
    },
    {
      "title": "fraser.coffee",
      "string_list_data": [
        {
          "href": "https://www.instagram.com/p/CKYpP0VhLnx/",
          "value": "\u00f0\u009f\u0091\u008d",
          "timestamp": 1619773785
        }
      ]
    },
    {
      "title": "fraser.coffee",
      "string_list_data": [
        {
          "href": "https://www.instagram.com/p/CKbSqu9hQP2/",
          "value": "\u00f0\u009f\u0091\u008d",
          "timestamp": 1619773783
        }
      ]
    },
    {
      "title": "fraser.coffee",
      "string_list_data": [
        {
          "href": "https://www.instagram.com/p/CKgZi3fBTA_/",
          "value": "\u00f0\u009f\u0091\u008d",
          "timestamp": 1619773782
        }
      ]
    },
    {
      "title": "fraser.coffee",
      "string_list_data": [
        {
          "href": "https://www.instagram.com/p/CKlZrIbhtkW/",
          "value": "\u00f0\u009f\u0091\u008d",
          "timestamp": 1619773780
        }
      ]
    },
    {
      "title": "fraser.coffee",
      "string_list_data": [
        {
          "href": "https://www.instagram.com/p/CKqo1MRh-dO/",
          "value": "\u00f0\u009f\u0091\u008d",
          "timestamp": 1619773778
        }
      ]
    },
    {
      "title": "fraser.coffee",
      "string_list_data": [
        {
          "href": "https://www.instagram.com/p/CKtS1tNh1-p/",
          "value": "\u00f0\u009f\u0091\u008d",
          "timestamp": 1619773777
        }
      ]
    },
    {
      "title": "fraser.coffee",
      "string_list_data": [
        {
          "href": "https://www.instagram.com/p/CKyg5wABgf7/",
          "value": "\u00f0\u009f\u0091\u008d",
          "timestamp": 1619773775
        }
      ]
    },
    {
      "title": "fraser.coffee",
      "string_list_data": [
        {
          "href": "https://www.instagram.com/p/CK3WfjohnUq/",
          "value": "\u00f0\u009f\u0091\u008d",
          "timestamp": 1619773774
        }
      ]
    },
    {
      "title": "fraser.coffee",
      "string_list_data": [
        {
          "href": "https://www.instagram.com/p/CK8w0z4hIkC/",
          "value": "\u00f0\u009f\u0091\u008d",
          "timestamp": 1619773772
        }
      ]
    },
    {
      "title": "fraser.coffee",
      "string_list_data": [
        {
          "href": "https://www.instagram.com/p/CLEfWW5BtCp/",
          "value": "\u00f0\u009f\u0091\u008d",
          "timestamp": 1619773771
        }
      ]
    },
    {
      "title": "fraser.coffee",
      "string_list_data": [
        {
          "href": "https://www.instagram.com/p/CLKfEl_Bf3T/",
          "value": "\u00f0\u009f\u0091\u008d",
          "timestamp": 1619773770
        }
      ]
    },
    {
      "title": "fraser.coffee",
      "string_list_data": [
        {
          "href": "https://www.instagram.com/p/CLNLZ1VB-_1/",
          "value": "\u00f0\u009f\u0091\u008d",
          "timestamp": 1619773768
        }
      ]
    },
    {
      "title": "fraser.coffee",
      "string_list_data": [
        {
          "href": "https://www.instagram.com/p/CLRfyINBtRt/",
          "value": "\u00f0\u009f\u0091\u008d",
          "timestamp": 1619773767
        }
      ]
    },
    {
      "title": "fraser.coffee",
      "string_list_data": [
        {
          "href": "https://www.instagram.com/p/CLWz1lXBYfH/",
          "value": "\u00f0\u009f\u0091\u008d",
          "timestamp": 1619773766
        }
      ]
    },
    {
      "title": "fraser.coffee",
      "string_list_data": [
        {
          "href": "https://www.instagram.com/p/CLcUxw3hPOD/",
          "value": "\u00f0\u009f\u0091\u008d",
          "timestamp": 1619773765
        }
      ]
    },
    {
      "title": "fraser.coffee",
      "string_list_data": [
        {
          "href": "https://www.instagram.com/p/CLg4RsEBNzv/",
          "value": "\u00f0\u009f\u0091\u008d",
          "timestamp": 1619773763
        }
      ]
    }
  ]
}