{
  "likes_comment_likes": [
    {
      "title": "prats",
      "string_list_data": [
        {
          "href": "https://www.instagram.com/p/fdg4gfh/",
          "value": "\u00f0\u009f\u0091\u008d",
          "timestamp": 1665741012
        }
      ]
    },
    {
      "title": "thepup",
      "media_list_data": [
        
      ],
      "string_list_data": [
        {
          "href": "https://www.instagram.com/p/df45435/",
          "value": "\fd00\u093f\u2392098d",
          "timestamp": 1611417155
        }
      ]
    },
    {
      "title": "SamSmith",
      "media_list_data": [
        
      ],
      "string_list_data": [
        {
          "href": "https://www.instagram.com/p/fdg54543/",
          "value": "",
          "timestamp": 1609671777
        }
      ]
    },
    {
      "title": "Ashley",
      "media_list_data": [
        
      ],
      "string_list_data": [
        {
          "href": "https://www.instagram.com/p/fgh5646/",
          "value": "\fd00\u093f\u2392098d",
          "timestamp": 1609671728
        }
      ]
    },
    {
      "title": "Philipp",
      "media_list_data": [
        
      ],
      "string_list_data": [
        {
          "href": "https://www.instagram.com/p/sfdsfs342fsdf/",
          "value": "\fd00\u093f\u2392098d",
          "timestamp": 1609671726
        }
      ]
    },
    {
      "title": "Max",
      "media_list_data": [
        
      ],
      "string_list_data": [
        {
          "href": "https://www.instagram.com/p/dfgd43dgf/",
          "value": "\fd00\u093f\u2392098d",
          "timestamp": 1609607554
        }
      ]
    },
    {
      "title": "Tony",
      "media_list_data": [
        
      ],
      "string_list_data": [
        {
          "href": "https://www.instagram.com/p/fddsfew/",
          "value": "\fd00\u093f\u2392098d",
          "timestamp": 1609607189
        }
      ]
    },
    {
      "title": "Ted baker",
      "media_list_data": [
        
      ],
      "string_list_data": [
        {
          "href": "https://www.instagram.com/p/fgdg/",
          "value": "\fd00\u093f\u2392098d",
          "timestamp": 1609607188
        }
      ]
    },
    {
      "title": "Cool Americans",
      "media_list_data": [
        
      ],
      "string_list_data": [
        {
          "href": "https://www.instagram.com/p/dfdgdg/",
          "value": "\fd00\u093f\u2392098d",
          "timestamp": 1609607182
        }
      ]
    },
    {
      "title": "___Paris____",
      "media_list_data": [
        
      ],
      "string_list_data": [
        {
          "href": "https://www.instagram.com/p/gfdgdgdg/",
          "value": "\fd00\u093f\u2392098d",
          "timestamp": 1609208794
        }
      ]
    },
    {
      "title": "Nature Lovers",
      "media_list_data": [
        
      ],
      "string_list_data": [
        {
          "href": "https://www.instagram.com/p/dfgdg/",
          "value": "\fd00\u093f\u2392098d",
          "timestamp": 1602912393
        }
      ]
    },
    {
      "title": "getNike",
      "media_list_data": [
        
      ],
      "string_list_data": [
        {
          "href": "https://www.instagram.com/p/fggdgd/",
          "value": "\fd00\u093f\u2392098d",
          "timestamp": 1601536332
        }
      ]
    },
    {
      "title": "upend above",
      "media_list_data": [
        
      ],
      "string_list_data": [
        {
          "href": "https://www.instagram.com/p/gfdgdgd/",
          "value": "\fd00\u093f\u2392098d",
          "timestamp": 1611417155
        }
      ]
    },
    {
      "title": "SamDoe",
      "media_list_data": [
        
      ],
      "string_list_data": [
        {
          "href": "https://www.instagram.com/p/rgd4/",
          "value": "",
          "timestamp": 1609671777
        }
      ]
    },
    {
      "title": "Braddy",
      "media_list_data": [
        
      ],
      "string_list_data": [
        {
          "href": "https://www.instagram.com/p/hjgj87jh/",
          "value": "\fd00\u093f\u2392098d",
          "timestamp": 1609671728
        }
      ]
    },
    {
      "title": "Penny",
      "media_list_data": [
        
      ],
      "string_list_data": [
        {
          "href": "https://www.instagram.com/p/gfdgrf/",
          "value": "\fd00\u093f\u2392098d",
          "timestamp": 1609671726
        }
      ]
    },
    {
      "title": "Misho",
      "media_list_data": [
        
      ],
      "string_list_data": [
        {
          "href": "https://www.instagram.com/p/bvn5ghf/",
          "value": "\fd00\u093f\u2392098d",
          "timestamp": 1609607554
        }
      ]
    },
    {
      "title": "Pony",
      "media_list_data": [
        
      ],
      "string_list_data": [
        {
          "href": "https://www.instagram.com/p/cbv5dyt/",
          "value": "\fd00\u093f\u2392098d",
          "timestamp": 1609607189
        }
      ]
    },
    {
      "title": "Sèzane",
      "media_list_data": [
        
      ],
      "string_list_data": [
        {
          "href": "https://www.instagram.com/p/hgj7hgj/",
          "value": "\fd00\u093f\u2392098d",
          "timestamp": 1609607188
        }
      ]
    },
    {
      "title": "Cool Indians",
      "media_list_data": [
        
      ],
      "string_list_data": [
        {
          "href": "https://www.instagram.com/p/jh67jhg/",
          "value": "\fd00\u093f\u2392098d",
          "timestamp": 1609607182
        }
      ]
    },
    {
      "title": "___Paris Fashion____",
      "media_list_data": [
        
      ],
      "string_list_data": [
        {
          "href": "https://www.instagram.com/p/gf56ghf/",
          "value": "\fd00\u093f\u2392098d",
          "timestamp": 1609208794
        }
      ]
    },
    {
      "title": "Burger Lovers",
      "media_list_data": [
        
      ],
      "string_list_data": [
        {
          "href": "https://www.instagram.com/p/jkl8jhk/",
          "value": "\fd00\u093f\u2392098d",
          "timestamp": 1602912393
        }
      ]
    },
    {
      "title": "getGoing",
      "media_list_data": [
        
      ],
      "string_list_data": [
        {
          "href": "https://www.instagram.com/p/fd3ds/",
          "value": "\fd00\u093f\u2392098d",
          "timestamp": 1601536332
        }
      ]
    },
    {
      "title": "v.Bobby",
      "string_list_data": [
        {
          "href": "https://www.instagram.com/p/sdfs432fdgdf/",
          "value": "\u00f0\u009f\u0091\u008d",
          "timestamp": 1660063407
        }
      ]
    }
  ]
}