{
  "installed_apps_v2": [
    {
      "name": "Instagram",
      "added_timestamp": 1678022738,
      "user_app_scoped_id": 10160033770139654,
      "category": "Social media",
      "removed_timestamp": 0
    },
    {
      "name": "TikTok",
      "added_timestamp": 1676941562,
      "user_app_scoped_id": 10152294983634654,
      "category": "Social media",
      "removed_timestamp": 0
    },
    {
      "name": "Candy Crush",
      "added_timestamp": 1675201135,
      "user_app_scoped_id": 10160033770289654,
      "category": "Gaming",
      "removed_timestamp": 0
    },
    {
      "name": "Snapchat",
      "added_timestamp": 1674446885,
      "user_app_scoped_id": 10160033770259654,
      "category": "Social media",
      "removed_timestamp": 0
    },
    {
      "name": "Uber",
      "added_timestamp": 1673652480,
      "user_app_scoped_id": 10154860536049654,
      "category": "Transportation",
      "removed_timestamp": 0
    },
    {
      "name": "Netflix",
      "added_timestamp": 1672108800,
      "user_app_scoped_id": 10160033770149654,
      "category": "Streaming",
      "removed_timestamp": 0
    },
    {
      "name": "Google Maps",
      "added_timestamp": 1669948800,
      "user_app_scoped_id": 10160033770374654,
      "category": "Navigation",
      "removed_timestamp": 0
    },
    {
      "name": "Facebook",
      "added_timestamp": 1669046400,
      "user_app_scoped_id": 10160033770279654,
      "category": "Social media",
      "removed_timestamp": 0
    },
    {
      "name": "Twitter",
      "added_timestamp": 1667376000,
      "user_app_scoped_id": 10160033770269654,
      "category": "Social media",
      "removed_timestamp": 0
    },
    {
      "name": "Gmail",
      "added_timestamp": 1666300800,
      "user_app_scoped_id": 10160033770344654,
      "category": "Email",
      "removed_timestamp": 0
    },
    {
      "name": "WhatsApp",
      "added_timestamp": 1665736000,
      "user_app_scoped_id": 10160033770419654,
      "category": "Messaging",
      "removed_timestamp": 0
    },
    {
      "name": "YouTube",
      "added_timestamp": 1664179200,
      "user_app_scoped_id": 10160033770354654,
      "category": "Video",
      "removed_timestamp": 0
    },
    {
      "name": "Amazon",
      "added_timestamp": 1662657600,
      "user_app_scoped_id": 10160033770434654,
      "category": "Shopping",
      "removed_timestamp": 0
    }
  ]
  }
