{
  "off_facebook_activity_v2": [
    {
      "name": "greekreporter.com",
      "events": [
        {
          "id": 185709107002647,
          "type": "PAGE_VIEW",
          "timestamp": 1679529720
        },
        {
          "id": 185709107002647,
          "type": "PAGE_VIEW",
          "timestamp": 1669274940
        }
      ]
    },
    {
      "name": "tomsguide.com",
      "events": [
        {
          "id": 1765833506947124,
          "type": "PAGE_VIEW",
          "timestamp": 1679525400
        },
        {
          "id": 1765833506947124,
          "type": "PAGE_VIEW",
          "timestamp": 1668863160
        },
        {
          "id": 1765833506947124,
          "type": "PAGE_VIEW",
          "timestamp": 1665877080
        },
        {
          "id": 1765833506947124,
          "type": "PAGE_VIEW",
          "timestamp": 1665442440
        }
      ]
    },
    {
      "name": "cnbc.com",
      "events": [
        {
          "id": 212491672506947,
          "type": "PAGE_VIEW",
          "timestamp": 1679520600
        },
        {
          "id": 212491672506947,
          "type": "PAGE_VIEW",
          "timestamp": 1679496720
        },
        {
          "id": 212491672506947,
          "type": "PAGE_VIEW",
          "timestamp": 1679415480
        },
        {
          "id": 212491672506947,
          "type": "PAGE_VIEW",
          "timestamp": 1678540560
        },
        {
          "id": 212491672506947,
          "type": "PAGE_VIEW",
          "timestamp": 1671443460
        },
        {
          "id": 212491672506947,
          "type": "PAGE_VIEW",
          "timestamp": 1670489580
        },
        {
          "id": 212491672506947,
          "type": "PAGE_VIEW",
          "timestamp": 1669999320
        },
        {
          "id": 212491672506947,
          "type": "PAGE_VIEW",
          "timestamp": 1668763200
        },
        {
          "id": 212491672506947,
          "type": "PAGE_VIEW",
          "timestamp": 1668378480
        },
        {
          "id": 212491672506947,
          "type": "PAGE_VIEW",
          "timestamp": 1668337320
        },
        {
          "id": 212491672506947,
          "type": "PAGE_VIEW",
          "timestamp": 1667388780
        },
        {
          "id": 212491672506947,
          "type": "PAGE_VIEW",
          "timestamp": 1667069220
        },
        {
          "id": 212491672506947,
          "type": "PAGE_VIEW",
          "timestamp": 1666778760
        },
        {
          "id": 212491672506947,
          "type": "PAGE_VIEW",
          "timestamp": 1666392120
        },
        {
          "id": 212491672506947,
          "type": "PAGE_VIEW",
          "timestamp": 1665766080
        },
        {
          "id": 212491672506947,
          "type": "PAGE_VIEW",
          "timestamp": 1665472260
        },
        {
          "id": 212491672506947,
          "type": "PAGE_VIEW",
          "timestamp": 1664481540
        }
      ]
    },
    {
      "name": "Adobe Acrobat Reader: Edit PDF",
      "events": [
        {
          "id": 1821842398143553,
          "type": "ACTIVATE_APP",
          "timestamp": 1679502840
        },
        {
          "id": 1821842398143553,
          "type": "ACTIVATE_APP",
          "timestamp": 1679474220
        },
        {
          "id": 1821842398143553,
          "type": "ACTIVATE_APP",
          "timestamp": 1679469180
        },
        {
          "id": 1821842398143553,
          "type": "ACTIVATE_APP",
          "timestamp": 1679360820
        },
        {
          "id": 1821842398143553,
          "type": "ACTIVATE_APP",
          "timestamp": 1679299320
        },
        {
          "id": 1821842398143553,
          "type": "ACTIVATE_APP",
          "timestamp": 1679267580
        },
        {
          "id": 1821842398143553,
          "type": "ACTIVATE_APP",
          "timestamp": 1679233860
        },
        {
          "id": 1821842398143553,
          "type": "ACTIVATE_APP",
          "timestamp": 1679220600
        },
        {
          "id": 1821842398143553,
          "type": "ACTIVATE_APP",
          "timestamp": 1679161860
        },
        {
          "id": 1821842398143553,
          "type": "ACTIVATE_APP",
          "timestamp": 1679067360
        },
        {
          "id": 1821842398143553,
          "type": "ACTIVATE_APP",
          "timestamp": 1678993980
        },
        {
          "id": 1821842398143553,
          "type": "ACTIVATE_APP",
          "timestamp": 1678729020
        },
        {
          "id": 1821842398143553,
          "type": "ACTIVATE_APP",
          "timestamp": 1678560780
        },
        {
          "id": 1821842398143553,
          "type": "ACTIVATE_APP",
          "timestamp": 1678206180
        },
        {
          "id": 1821842398143553,
          "type": "ACTIVATE_APP",
          "timestamp": 1678181280
        },
        {
          "id": 1821842398143553,
          "type": "ACTIVATE_APP",
          "timestamp": 1678177500
        },
        {
          "id": 1821842398143553,
          "type": "ACTIVATE_APP",
          "timestamp": 1678124040
        },
        {
          "id": 1821842398143553,
          "type": "ACTIVATE_APP",
          "timestamp": 1678121880
        },
        {
          "id": 1821842398143553,
          "type": "ACTIVATE_APP",
          "timestamp": 1677689520
        },
        {
          "id": 1821842398143553,
          "type": "ACTIVATE_APP",
          "timestamp": 1677684180
        },
        {
          "id": 1821842398143553,
          "type": "ACTIVATE_APP",
          "timestamp": 1677676380
        },
        {
          "id": 1821842398143553,
          "type": "ACTIVATE_APP",
          "timestamp": 1677597540
        },
        {
          "id": 1821842398143553,
          "type": "ACTIVATE_APP",
          "timestamp": 1677585720
        },
        {
          "id": 1821842398143553,
          "type": "ACTIVATE_APP",
          "timestamp": 1677583920
        },
        {
          "id": 1821842398143553,
          "type": "ACTIVATE_APP",
          "timestamp": 1677426480
        },
        {
          "id": 1821842398143553,
          "type": "ACTIVATE_APP",
          "timestamp": 1676640060
        },
        {
          "id": 1821842398143553,
          "type": "ACTIVATE_APP",
          "timestamp": 1676450940
        },
        {
          "id": 1821842398143553,
          "type": "ACTIVATE_APP",
          "timestamp": 1676370660
        },
        {
          "id": 1821842398143553,
          "type": "ACTIVATE_APP",
          "timestamp": 1676323320
        },
        {
          "id": 1821842398143553,
          "type": "ACTIVATE_APP",
          "timestamp": 1676297040
        },
        {
          "id": 1821842398143553,
          "type": "ACTIVATE_APP",
          "timestamp": 1676197440
        },
        {
          "id": 1821842398143553,
          "type": "ACTIVATE_APP",
          "timestamp": 1675969980
        },
        {
          "id": 1821842398143553,
          "type": "ACTIVATE_APP",
          "timestamp": 1675964820
        },
        {
          "id": 1821842398143553,
          "type": "ACTIVATE_APP",
          "timestamp": 1675951320
        },
        {
          "id": 1821842398143553,
          "type": "ACTIVATE_APP",
          "timestamp": 1675950360
        },
        {
          "id": 1821842398143553,
          "type": "ACTIVATE_APP",
          "timestamp": 1675934880
        },
        {
          "id": 1821842398143553,
          "type": "ACTIVATE_APP",
          "timestamp": 1675718100
        },
        {
          "id": 1821842398143553,
          "type": "ACTIVATE_APP",
          "timestamp": 1675675620
        },
        {
          "id": 1821842398143553,
          "type": "ACTIVATE_APP",
          "timestamp": 1675443360
        },
        {
          "id": 1821842398143553,
          "type": "ACTIVATE_APP",
          "timestamp": 1675245660
        },
        {
          "id": 1821842398143553,
          "type": "ACTIVATE_APP",
          "timestamp": 1675234740
        },
        {
          "id": 1821842398143553,
          "type": "ACTIVATE_APP",
          "timestamp": 1675175460
        },
        {
          "id": 1821842398143553,
          "type": "ACTIVATE_APP",
          "timestamp": 1675103160
        },
        {
          "id": 1821842398143553,
          "type": "ACTIVATE_APP",
          "timestamp": 1675088820
        },
        {
          "id": 1821842398143553,
          "type": "ACTIVATE_APP",
          "timestamp": 1675086840
        },
        {
          "id": 1821842398143553,
          "type": "ACTIVATE_APP",
          "timestamp": 1674945420
        },
        {
          "id": 1821842398143553,
          "type": "ACTIVATE_APP",
          "timestamp": 1674688440
        },
        {
          "id": 1821842398143553,
          "type": "ACTIVATE_APP",
          "timestamp": 1674659100
        },
        {
          "id": 1821842398143553,
          "type": "ACTIVATE_APP",
          "timestamp": 1674642360
        },
        {
          "id": 1821842398143553,
          "type": "ACTIVATE_APP",
          "timestamp": 1674640020
        },
        {
          "id": 1821842398143553,
          "type": "ACTIVATE_APP",
          "timestamp": 1674155160
        },
        {
          "id": 1821842398143553,
          "type": "ACTIVATE_APP",
          "timestamp": 1674151860
        },
        {
          "id": 1821842398143553,
          "type": "ACTIVATE_APP",
          "timestamp": 1674150720
        },
        {
          "id": 1821842398143553,
          "type": "ACTIVATE_APP",
          "timestamp": 1674150240
        },
        {
          "id": 1821842398143553,
          "type": "ACTIVATE_APP",
          "timestamp": 1674144300
        },
        {
          "id": 1821842398143553,
          "type": "ACTIVATE_APP",
          "timestamp": 1674136920
        },
        {
          "id": 1821842398143553,
          "type": "ACTIVATE_APP",
          "timestamp": 1674129480
        },
        {
          "id": 1821842398143553,
          "type": "ACTIVATE_APP",
          "timestamp": 1674056400
        },
        {
          "id": 1821842398143553,
          "type": "ACTIVATE_APP",
          "timestamp": 1674022800
        },
        {
          "id": 1821842398143553,
          "type": "ACTIVATE_APP",
          "timestamp": 1673987160
        },
        {
          "id": 1821842398143553,
          "type": "ACTIVATE_APP",
          "timestamp": 1673986200
        },
        {
          "id": 1821842398143553,
          "type": "ACTIVATE_APP",
          "timestamp": 1673894760
        },
        {
          "id": 1821842398143553,
          "type": "ACTIVATE_APP",
          "timestamp": 1673617800
        },
        {
          "id": 1821842398143553,
          "type": "ACTIVATE_APP",
          "timestamp": 1673600640
        },
        {
          "id": 1821842398143553,
          "type": "ACTIVATE_APP",
          "timestamp": 1673548920
        },
        {
          "id": 1821842398143553,
          "type": "ACTIVATE_APP",
          "timestamp": 1673467380
        },
        {
          "id": 1821842398143553,
          "type": "ACTIVATE_APP",
          "timestamp": 1673465820
        },
        {
          "id": 1821842398143553,
          "type": "ACTIVATE_APP",
          "timestamp": 1673460900
        },
        {
          "id": 1821842398143553,
          "type": "ACTIVATE_APP",
          "timestamp": 1671959760
        },
        {
          "id": 1821842398143553,
          "type": "ACTIVATE_APP",
          "timestamp": 1671667620
        },
        {
          "id": 1821842398143553,
          "type": "ACTIVATE_APP",
          "timestamp": 1671646440
        },
        {
          "id": 1821842398143553,
          "type": "ACTIVATE_APP",
          "timestamp": 1670515560
        },
        {
          "id": 1821842398143553,
          "type": "ACTIVATE_APP",
          "timestamp": 1670409540
        },
        {
          "id": 1821842398143553,
          "type": "ACTIVATE_APP",
          "timestamp": 1670408220
        },
        {
          "id": 1821842398143553,
          "type": "ACTIVATE_APP",
          "timestamp": 1670405700
        },
        {
          "id": 1821842398143553,
          "type": "ACTIVATE_APP",
          "timestamp": 1670368320
        },
        {
          "id": 1821842398143553,
          "type": "ACTIVATE_APP",
          "timestamp": 1670351520
        },
        {
          "id": 1821842398143553,
          "type": "ACTIVATE_APP",
          "timestamp": 1670351040
        },
        {
          "id": 1821842398143553,
          "type": "ACTIVATE_APP",
          "timestamp": 1670339100
        },
        {
          "id": 1821842398143553,
          "type": "ACTIVATE_APP",
          "timestamp": 1670335980
        },
        {
          "id": 1821842398143553,
          "type": "ACTIVATE_APP",
          "timestamp": 1670332080
        },
        {
          "id": 1821842398143553,
          "type": "ACTIVATE_APP",
          "timestamp": 1670025120
        },
        {
          "id": 1821842398143553,
          "type": "ACTIVATE_APP",
          "timestamp": 1670022960
        },
        {
          "id": 1821842398143553,
          "type": "ACTIVATE_APP",
          "timestamp": 1669765980
        },
        {
          "id": 1821842398143553,
          "type": "ACTIVATE_APP",
          "timestamp": 1669750380
        },
        {
          "id": 1821842398143553,
          "type": "ACTIVATE_APP",
          "timestamp": 1669581600
        },
        {
          "id": 1821842398143553,
          "type": "ACTIVATE_APP",
          "timestamp": 1669320660
        },
        {
          "id": 1821842398143553,
          "type": "ACTIVATE_APP",
          "timestamp": 1669041840
        },
        {
          "id": 1821842398143553,
          "type": "ACTIVATE_APP",
          "timestamp": 1669036620
        },
        {
          "id": 1821842398143553,
          "type": "ACTIVATE_APP",
          "timestamp": 1668900720
        },
        {
          "id": 1821842398143553,
          "type": "ACTIVATE_APP",
          "timestamp": 1668776640
        },
        {
          "id": 1821842398143553,
          "type": "ACTIVATE_APP",
          "timestamp": 1668761760
        },
        {
          "id": 1821842398143553,
          "type": "ACTIVATE_APP",
          "timestamp": 1668696540
        },
        {
          "id": 1821842398143553,
          "type": "ACTIVATE_APP",
          "timestamp": 1668694320
        },
        {
          "id": 1821842398143553,
          "type": "ACTIVATE_APP",
          "timestamp": 1668674520
        },
        {
          "id": 1821842398143553,
          "type": "ACTIVATE_APP",
          "timestamp": 1668467700
        },
        {
          "id": 1821842398143553,
          "type": "ACTIVATE_APP",
          "timestamp": 1668467640
        },
        {
          "id": 1821842398143553,
          "type": "ACTIVATE_APP",
          "timestamp": 1668005160
        },
        {
          "id": 1821842398143553,
          "type": "ACTIVATE_APP",
          "timestamp": 1667988840
        },
        {
          "id": 1821842398143553,
          "type": "ACTIVATE_APP",
          "timestamp": 1667739120
        },
        {
          "id": 1821842398143553,
          "type": "ACTIVATE_APP",
          "timestamp": 1667592600
        },
        {
          "id": 1821842398143553,
          "type": "ACTIVATE_APP",
          "timestamp": 1667579160
        },
        {
          "id": 1821842398143553,
          "type": "ACTIVATE_APP",
          "timestamp": 1667567520
        },
        {
          "id": 1821842398143553,
          "type": "ACTIVATE_APP",
          "timestamp": 1667493060
        },
        {
          "id": 1821842398143553,
          "type": "ACTIVATE_APP",
          "timestamp": 1667492880
        },
        {
          "id": 1821842398143553,
          "type": "ACTIVATE_APP",
          "timestamp": 1667474460
        },
        {
          "id": 1821842398143553,
          "type": "ACTIVATE_APP",
          "timestamp": 1667418300
        },
        {
          "id": 1821842398143553,
          "type": "ACTIVATE_APP",
          "timestamp": 1667396100
        },
        {
          "id": 1821842398143553,
          "type": "ACTIVATE_APP",
          "timestamp": 1667315400
        },
        {
          "id": 1821842398143553,
          "type": "ACTIVATE_APP",
          "timestamp": 1667247720
        },
        {
          "id": 1821842398143553,
          "type": "ACTIVATE_APP",
          "timestamp": 1667236440
        },
        {
          "id": 1821842398143553,
          "type": "ACTIVATE_APP",
          "timestamp": 1667235060
        },
        {
          "id": 1821842398143553,
          "type": "ACTIVATE_APP",
          "timestamp": 1667084700
        },
        {
          "id": 1821842398143553,
          "type": "ACTIVATE_APP",
          "timestamp": 1667038980
        },
        {
          "id": 1821842398143553,
          "type": "ACTIVATE_APP",
          "timestamp": 1666725900
        },
        {
          "id": 1821842398143553,
          "type": "ACTIVATE_APP",
          "timestamp": 1666714680
        },
        {
          "id": 1821842398143553,
          "type": "ACTIVATE_APP",
          "timestamp": 1666710540
        },
        {
          "id": 1821842398143553,
          "type": "ACTIVATE_APP",
          "timestamp": 1666645200
        },
        {
          "id": 1821842398143553,
          "type": "ACTIVATE_APP",
          "timestamp": 1665999720
        },
        {
          "id": 1821842398143553,
          "type": "ACTIVATE_APP",
          "timestamp": 1665850380
        },
        {
          "id": 1821842398143553,
          "type": "ACTIVATE_APP",
          "timestamp": 1665825540
        },
        {
          "id": 1821842398143553,
          "type": "ACTIVATE_APP",
          "timestamp": 1665786180
        },
        {
          "id": 1821842398143553,
          "type": "ACTIVATE_APP",
          "timestamp": 1665774660
        },
        {
          "id": 1821842398143553,
          "type": "ACTIVATE_APP",
          "timestamp": 1665095100
        },
        {
          "id": 1821842398143553,
          "type": "ACTIVATE_APP",
          "timestamp": 1665093780
        },
        {
          "id": 1821842398143553,
          "type": "ACTIVATE_APP",
          "timestamp": 1663887600
        },
        {
          "id": 1821842398143553,
          "type": "ACTIVATE_APP",
          "timestamp": 1663566180
        },
        {
          "id": 1821842398143553,
          "type": "ACTIVATE_APP",
          "timestamp": 1663544820
        },
        {
          "id": 1821842398143553,
          "type": "ACTIVATE_APP",
          "timestamp": 1663542120
        },
        {
          "id": 1821842398143553,
          "type": "ACTIVATE_APP",
          "timestamp": 1663535160
        },
        {
          "id": 1821842398143553,
          "type": "ACTIVATE_APP",
          "timestamp": 1663524300
        },
        {
          "id": 1821842398143553,
          "type": "ACTIVATE_APP",
          "timestamp": 1663494720
        },
        {
          "id": 1821842398143553,
          "type": "ACTIVATE_APP",
          "timestamp": 1663342740
        },
        {
          "id": 1821842398143553,
          "type": "ACTIVATE_APP",
          "timestamp": 1663244160
        },
        {
          "id": 1821842398143553,
          "type": "ACTIVATE_APP",
          "timestamp": 1650822420
        },
        {
          "id": 1821842398143553,
          "type": "ACTIVATE_APP",
          "timestamp": 1650745440
        },
        {
          "id": 1821842398143553,
          "type": "ACTIVATE_APP",
          "timestamp": 1650299520
        },
        {
          "id": 1821842398143553,
          "type": "ACTIVATE_APP",
          "timestamp": 1650044040
        },
        {
          "id": 1821842398143553,
          "type": "ACTIVATE_APP",
          "timestamp": 1649914380
        },
        {
          "id": 1821842398143553,
          "type": "ACTIVATE_APP",
          "timestamp": 1649695080
        },
        {
          "id": 1821842398143553,
          "type": "ACTIVATE_APP",
          "timestamp": 1649644080
        },
        {
          "id": 1821842398143553,
          "type": "ACTIVATE_APP",
          "timestamp": 1649416800
        },
        {
          "id": 1821842398143553,
          "type": "ACTIVATE_APP",
          "timestamp": 1649325420
        },
        {
          "id": 1821842398143553,
          "type": "ACTIVATE_APP",
          "timestamp": 1649158260
        },
        {
          "id": 1821842398143553,
          "type": "ACTIVATE_APP",
          "timestamp": 1649003640
        },
        {
          "id": 1821842398143553,
          "type": "ACTIVATE_APP",
          "timestamp": 1648326420
        },
        {
          "id": 1821842398143553,
          "type": "ACTIVATE_APP",
          "timestamp": 1648301280
        },
        {
          "id": 1821842398143553,
          "type": "ACTIVATE_APP",
          "timestamp": 1648124640
        },
        {
          "id": 1821842398143553,
          "type": "ACTIVATE_APP",
          "timestamp": 1648120740
        },
        {
          "id": 1821842398143553,
          "type": "ACTIVATE_APP",
          "timestamp": 1648039440
        },
        {
          "id": 1821842398143553,
          "type": "ACTIVATE_APP",
          "timestamp": 1647361020
        },
        {
          "id": 1821842398143553,
          "type": "ACTIVATE_APP",
          "timestamp": 1647360540
        },
        {
          "id": 1821842398143553,
          "type": "ACTIVATE_APP",
          "timestamp": 1646859660
        },
        {
          "id": 1821842398143553,
          "type": "ACTIVATE_APP",
          "timestamp": 1646856480
        },
        {
          "id": 1821842398143553,
          "type": "ACTIVATE_APP",
          "timestamp": 1646849820
        },
        {
          "id": 1821842398143553,
          "type": "ACTIVATE_APP",
          "timestamp": 1646849640
        },
        {
          "id": 1821842398143553,
          "type": "ACTIVATE_APP",
          "timestamp": 1645364700
        },
        {
          "id": 1821842398143553,
          "type": "ACTIVATE_APP",
          "timestamp": 1644329040
        },
        {
          "id": 1821842398143553,
          "type": "ACTIVATE_APP",
          "timestamp": 1644101820
        },
        {
          "id": 1821842398143553,
          "type": "ACTIVATE_APP",
          "timestamp": 1644074220
        },
        {
          "id": 1821842398143553,
          "type": "ACTIVATE_APP",
          "timestamp": 1644067140
        },
        {
          "id": 1821842398143553,
          "type": "ACTIVATE_APP",
          "timestamp": 1644047400
        },
        {
          "id": 1821842398143553,
          "type": "ACTIVATE_APP",
          "timestamp": 1643962740
        },
        {
          "id": 1821842398143553,
          "type": "ACTIVATE_APP",
          "timestamp": 1643958960
        },
        {
          "id": 1821842398143553,
          "type": "ACTIVATE_APP",
          "timestamp": 1643957280
        },
        {
          "id": 1821842398143553,
          "type": "ACTIVATE_APP",
          "timestamp": 1643956680
        },
        {
          "id": 1821842398143553,
          "type": "ACTIVATE_APP",
          "timestamp": 1643914320
        },
        {
          "id": 1821842398143553,
          "type": "ACTIVATE_APP",
          "timestamp": 1643913840
        },
        {
          "id": 1821842398143553,
          "type": "ACTIVATE_APP",
          "timestamp": 1643881800
        },
        {
          "id": 1821842398143553,
          "type": "ACTIVATE_APP",
          "timestamp": 1643862120
        },
        {
          "id": 1821842398143553,
          "type": "ACTIVATE_APP",
          "timestamp": 1643814540
        },
        {
          "id": 1821842398143553,
          "type": "ACTIVATE_APP",
          "timestamp": 1643613360
        },
        {
          "id": 1821842398143553,
          "type": "ACTIVATE_APP",
          "timestamp": 1643609160
        },
        {
          "id": 1821842398143553,
          "type": "ACTIVATE_APP",
          "timestamp": 1643607600
        },
        {
          "id": 1821842398143553,
          "type": "ACTIVATE_APP",
          "timestamp": 1643605860
        },
        {
          "id": 1821842398143553,
          "type": "ACTIVATE_APP",
          "timestamp": 1643561460
        },
        {
          "id": 1821842398143553,
          "type": "ACTIVATE_APP",
          "timestamp": 1643407200
        },
        {
          "id": 1821842398143553,
          "type": "ACTIVATE_APP",
          "timestamp": 1643382600
        },
        {
          "id": 1821842398143553,
          "type": "ACTIVATE_APP",
          "timestamp": 1643318820
        },
        {
          "id": 1821842398143553,
          "type": "ACTIVATE_APP",
          "timestamp": 1643290320
        },
        {
          "id": 1821842398143553,
          "type": "ACTIVATE_APP",
          "timestamp": 1643288280
        },
        {
          "id": 1821842398143553,
          "type": "ACTIVATE_APP",
          "timestamp": 1643285220
        },
        {
          "id": 1821842398143553,
          "type": "ACTIVATE_APP",
          "timestamp": 1643203200
        },
        {
          "id": 1821842398143553,
          "type": "ACTIVATE_APP",
          "timestamp": 1643185260
        },
        {
          "id": 1821842398143553,
          "type": "ACTIVATE_APP",
          "timestamp": 1643119680
        },
        {
          "id": 1821842398143553,
          "type": "ACTIVATE_APP",
          "timestamp": 1643015220
        },
        {
          "id": 1821842398143553,
          "type": "ACTIVATE_APP",
          "timestamp": 1643012700
        },
        {
          "id": 1821842398143553,
          "type": "ACTIVATE_APP",
          "timestamp": 1643011800
        },
        {
          "id": 1821842398143553,
          "type": "ACTIVATE_APP",
          "timestamp": 1643010000
        },
        {
          "id": 1821842398143553,
          "type": "ACTIVATE_APP",
          "timestamp": 1642985520
        },
        {
          "id": 1821842398143553,
          "type": "ACTIVATE_APP",
          "timestamp": 1642973940
        },
        {
          "id": 1821842398143553,
          "type": "ACTIVATE_APP",
          "timestamp": 1642752060
        },
        {
          "id": 1821842398143553,
          "type": "ACTIVATE_APP",
          "timestamp": 1642705980
        },
        {
          "id": 1821842398143553,
          "type": "ACTIVATE_APP",
          "timestamp": 1642704300
        },
        {
          "id": 1821842398143553,
          "type": "ACTIVATE_APP",
          "timestamp": 1642704240
        },
        {
          "id": 1821842398143553,
          "type": "ACTIVATE_APP",
          "timestamp": 1642689720
        },
        {
          "id": 1821842398143553,
          "type": "ACTIVATE_APP",
          "timestamp": 1642688940
        },
        {
          "id": 1821842398143553,
          "type": "ACTIVATE_APP",
          "timestamp": 1642674000
        },
        {
          "id": 1821842398143553,
          "type": "ACTIVATE_APP",
          "timestamp": 1642673100
        },
        {
          "id": 1821842398143553,
          "type": "ACTIVATE_APP",
          "timestamp": 1642661040
        },
        {
          "id": 1821842398143553,
          "type": "ACTIVATE_APP",
          "timestamp": 1642659180
        },
        {
          "id": 1821842398143553,
          "type": "ACTIVATE_APP",
          "timestamp": 1642658340
        },
        {
          "id": 1821842398143553,
          "type": "ACTIVATE_APP",
          "timestamp": 1642657020
        },
        {
          "id": 1821842398143553,
          "type": "ACTIVATE_APP",
          "timestamp": 1642656480
        },
        {
          "id": 1821842398143553,
          "type": "ACTIVATE_APP",
          "timestamp": 1642570620
        },
        {
          "id": 1821842398143553,
          "type": "ACTIVATE_APP",
          "timestamp": 1642543800
        },
        {
          "id": 1821842398143553,
          "type": "ACTIVATE_APP",
          "timestamp": 1642060500
        },
        {
          "id": 1821842398143553,
          "type": "ACTIVATE_APP",
          "timestamp": 1639969680
        },
        {
          "id": 1821842398143553,
          "type": "ACTIVATE_APP",
          "timestamp": 1639968960
        },
        {
          "id": 1821842398143553,
          "type": "ACTIVATE_APP",
          "timestamp": 1639646280
        },
        {
          "id": 1821842398143553,
          "type": "ACTIVATE_APP",
          "timestamp": 1639641600
        },
        {
          "id": 1821842398143553,
          "type": "ACTIVATE_APP",
          "timestamp": 1639573740
        },
        {
          "id": 1821842398143553,
          "type": "ACTIVATE_APP",
          "timestamp": 1639531380
        },
        {
          "id": 1821842398143553,
          "type": "ACTIVATE_APP",
          "timestamp": 1639477320
        },
        {
          "id": 1821842398143553,
          "type": "ACTIVATE_APP",
          "timestamp": 1639424820
        },
        {
          "id": 1821842398143553,
          "type": "ACTIVATE_APP",
          "timestamp": 1639383480
        },
        {
          "id": 1821842398143553,
          "type": "ACTIVATE_APP",
          "timestamp": 1639032720
        },
        {
          "id": 1821842398143553,
          "type": "ACTIVATE_APP",
          "timestamp": 1639009800
        },
        {
          "id": 1821842398143553,
          "type": "ACTIVATE_APP",
          "timestamp": 1638972060
        },
        {
          "id": 1821842398143553,
          "type": "ACTIVATE_APP",
          "timestamp": 1638881460
        },
        {
          "id": 1821842398143553,
          "type": "ACTIVATE_APP",
          "timestamp": 1638697140
        },
        {
          "id": 1821842398143553,
          "type": "ACTIVATE_APP",
          "timestamp": 1638567960
        },
        {
          "id": 1821842398143553,
          "type": "ACTIVATE_APP",
          "timestamp": 1638099420
        },
        {
          "id": 1821842398143553,
          "type": "ACTIVATE_APP",
          "timestamp": 1638060180
        },
        {
          "id": 1821842398143553,
          "type": "ACTIVATE_APP",
          "timestamp": 1638055320
        },
        {
          "id": 1821842398143553,
          "type": "ACTIVATE_APP",
          "timestamp": 1638049740
        },
        {
          "id": 1821842398143553,
          "type": "ACTIVATE_APP",
          "timestamp": 1637847840
        },
        {
          "id": 1821842398143553,
          "type": "ACTIVATE_APP",
          "timestamp": 1637178420
        },
        {
          "id": 1821842398143553,
          "type": "ACTIVATE_APP",
          "timestamp": 1637178240
        },
        {
          "id": 1821842398143553,
          "type": "ACTIVATE_APP",
          "timestamp": 1636988280
        },
        {
          "id": 1821842398143553,
          "type": "ACTIVATE_APP",
          "timestamp": 1636928460
        },
        {
          "id": 1821842398143553,
          "type": "ACTIVATE_APP",
          "timestamp": 1636928040
        },
        {
          "id": 1821842398143553,
          "type": "ACTIVATE_APP",
          "timestamp": 1636724040
        },
        {
          "id": 1821842398143553,
          "type": "ACTIVATE_APP",
          "timestamp": 1636671600
        },
        {
          "id": 1821842398143553,
          "type": "ACTIVATE_APP",
          "timestamp": 1636671540
        },
        {
          "id": 1821842398143553,
          "type": "ACTIVATE_APP",
          "timestamp": 1636669080
        },
        {
          "id": 1821842398143553,
          "type": "ACTIVATE_APP",
          "timestamp": 1636555560
        },
        {
          "id": 1821842398143553,
          "type": "ACTIVATE_APP",
          "timestamp": 1636555140
        },
        {
          "id": 1821842398143553,
          "type": "ACTIVATE_APP",
          "timestamp": 1636496460
        },
        {
          "id": 1821842398143553,
          "type": "ACTIVATE_APP",
          "timestamp": 1636360980
        },
        {
          "id": 1821842398143553,
          "type": "ACTIVATE_APP",
          "timestamp": 1636339200
        },
        {
          "id": 1821842398143553,
          "type": "ACTIVATE_APP",
          "timestamp": 1636305540
        },
        {
          "id": 1821842398143553,
          "type": "ACTIVATE_APP",
          "timestamp": 1636296600
        },
        {
          "id": 1821842398143553,
          "type": "ACTIVATE_APP",
          "timestamp": 1636292940
        },
        {
          "id": 1821842398143553,
          "type": "ACTIVATE_APP",
          "timestamp": 1636292520
        },
        {
          "id": 1821842398143553,
          "type": "ACTIVATE_APP",
          "timestamp": 1636286760
        },
        {
          "id": 1821842398143553,
          "type": "ACTIVATE_APP",
          "timestamp": 1636161240
        },
        {
          "id": 1821842398143553,
          "type": "ACTIVATE_APP",
          "timestamp": 1636144080
        },
        {
          "id": 1821842398143553,
          "type": "ACTIVATE_APP",
          "timestamp": 1636142340
        },
        {
          "id": 1821842398143553,
          "type": "ACTIVATE_APP",
          "timestamp": 1636118580
        },
        {
          "id": 1821842398143553,
          "type": "ACTIVATE_APP",
          "timestamp": 1636085880
        },
        {
          "id": 1821842398143553,
          "type": "ACTIVATE_APP",
          "timestamp": 1636085520
        },
        {
          "id": 1821842398143553,
          "type": "ACTIVATE_APP",
          "timestamp": 1636084620
        },
        {
          "id": 1821842398143553,
          "type": "ACTIVATE_APP",
          "timestamp": 1635808260
        },
        {
          "id": 1821842398143553,
          "type": "ACTIVATE_APP",
          "timestamp": 1635806580
        },
        {
          "id": 1821842398143553,
          "type": "ACTIVATE_APP",
          "timestamp": 1635804780
        },
        {
          "id": 1821842398143553,
          "type": "ACTIVATE_APP",
          "timestamp": 1635790560
        },
        {
          "id": 1821842398143553,
          "type": "ACTIVATE_APP",
          "timestamp": 1635785280
        },
        {
          "id": 1821842398143553,
          "type": "ACTIVATE_APP",
          "timestamp": 1635719280
        },
        {
          "id": 1821842398143553,
          "type": "ACTIVATE_APP",
          "timestamp": 1635708900
        },
        {
          "id": 1821842398143553,
          "type": "ACTIVATE_APP",
          "timestamp": 1635698580
        },
        {
          "id": 1821842398143553,
          "type": "ACTIVATE_APP",
          "timestamp": 1635697500
        },
        {
          "id": 1821842398143553,
          "type": "ACTIVATE_APP",
          "timestamp": 1635555180
        },
        {
          "id": 1821842398143553,
          "type": "ACTIVATE_APP",
          "timestamp": 1635553920
        },
        {
          "id": 1821842398143553,
          "type": "ACTIVATE_APP",
          "timestamp": 1635550440
        },
        {
          "id": 1821842398143553,
          "type": "ACTIVATE_APP",
          "timestamp": 1635550140
        },
        {
          "id": 1821842398143553,
          "type": "ACTIVATE_APP",
          "timestamp": 1635531180
        },
        {
          "id": 1821842398143553,
          "type": "ACTIVATE_APP",
          "timestamp": 1635530160
        },
        {
          "id": 1821842398143553,
          "type": "ACTIVATE_APP",
          "timestamp": 1635450720
        },
        {
          "id": 1821842398143553,
          "type": "ACTIVATE_APP",
          "timestamp": 1635412140
        },
        {
          "id": 1821842398143553,
          "type": "ACTIVATE_APP",
          "timestamp": 1635411540
        },
        {
          "id": 1821842398143553,
          "type": "ACTIVATE_APP",
          "timestamp": 1635344340
        },
        {
          "id": 1821842398143553,
          "type": "ACTIVATE_APP",
          "timestamp": 1635341400
        },
        {
          "id": 1821842398143553,
          "type": "ACTIVATE_APP",
          "timestamp": 1635289320
        },
        {
          "id": 1821842398143553,
          "type": "ACTIVATE_APP",
          "timestamp": 1635289020
        },
        {
          "id": 1821842398143553,
          "type": "ACTIVATE_APP",
          "timestamp": 1634810280
        },
        {
          "id": 1821842398143553,
          "type": "ACTIVATE_APP",
          "timestamp": 1634808780
        },
        {
          "id": 1821842398143553,
          "type": "ACTIVATE_APP",
          "timestamp": 1634605140
        },
        {
          "id": 1821842398143553,
          "type": "ACTIVATE_APP",
          "timestamp": 1634503920
        },
        {
          "id": 1821842398143553,
          "type": "ACTIVATE_APP",
          "timestamp": 1634492400
        },
        {
          "id": 1821842398143553,
          "type": "ACTIVATE_APP",
          "timestamp": 1634490060
        },
        {
          "id": 1821842398143553,
          "type": "ACTIVATE_APP",
          "timestamp": 1634489880
        },
        {
          "id": 1821842398143553,
          "type": "ACTIVATE_APP",
          "timestamp": 1634269140
        },
        {
          "id": 1821842398143553,
          "type": "ACTIVATE_APP",
          "timestamp": 1634240460
        },
        {
          "id": 1821842398143553,
          "type": "ACTIVATE_APP",
          "timestamp": 1634232360
        },
        {
          "id": 1821842398143553,
          "type": "ACTIVATE_APP",
          "timestamp": 1634058720
        },
        {
          "id": 1821842398143553,
          "type": "ACTIVATE_APP",
          "timestamp": 1634043240
        },
        {
          "id": 1821842398143553,
          "type": "ACTIVATE_APP",
          "timestamp": 1634020980
        },
        {
          "id": 1821842398143553,
          "type": "ACTIVATE_APP",
          "timestamp": 1634013660
        },
        {
          "id": 1821842398143553,
          "type": "ACTIVATE_APP",
          "timestamp": 1634012760
        },
        {
          "id": 1821842398143553,
          "type": "ACTIVATE_APP",
          "timestamp": 1633982880
        },
        {
          "id": 1821842398143553,
          "type": "ACTIVATE_APP",
          "timestamp": 1633954500
        },
        {
          "id": 1821842398143553,
          "type": "ACTIVATE_APP",
          "timestamp": 1633951380
        },
        {
          "id": 1821842398143553,
          "type": "ACTIVATE_APP",
          "timestamp": 1633901520
        },
        {
          "id": 1821842398143553,
          "type": "ACTIVATE_APP",
          "timestamp": 1633652160
        },
        {
          "id": 1821842398143553,
          "type": "ACTIVATE_APP",
          "timestamp": 1633649760
        },
        {
          "id": 1821842398143553,
          "type": "ACTIVATE_APP",
          "timestamp": 1633642200
        },
        {
          "id": 1821842398143553,
          "type": "ACTIVATE_APP",
          "timestamp": 1633445940
        },
        {
          "id": 1821842398143553,
          "type": "ACTIVATE_APP",
          "timestamp": 1633417980
        },
        {
          "id": 1821842398143553,
          "type": "ACTIVATE_APP",
          "timestamp": 1633391160
        },
        {
          "id": 1821842398143553,
          "type": "ACTIVATE_APP",
          "timestamp": 1633391040
        },
        {
          "id": 1821842398143553,
          "type": "ACTIVATE_APP",
          "timestamp": 1633186140
        },
        {
          "id": 1821842398143553,
          "type": "ACTIVATE_APP",
          "timestamp": 1633185660
        },
        {
          "id": 1821842398143553,
          "type": "ACTIVATE_APP",
          "timestamp": 1633164900
        },
        {
          "id": 1821842398143553,
          "type": "ACTIVATE_APP",
          "timestamp": 1632916080
        },
        {
          "id": 1821842398143553,
          "type": "ACTIVATE_APP",
          "timestamp": 1632873240
        },
        {
          "id": 1821842398143553,
          "type": "ACTIVATE_APP",
          "timestamp": 1632869100
        },
        {
          "id": 1821842398143553,
          "type": "ACTIVATE_APP",
          "timestamp": 1632480540
        },
        {
          "id": 1821842398143553,
          "type": "ACTIVATE_APP",
          "timestamp": 1632462360
        }
      ]
    },
    {
      "name": "stepstone.de",
      "events": [
        {
          "id": 1701549626756830,
          "type": "PAGE_VIEW",
          "timestamp": 1679497140
        }
      ]
    },
    {
      "name": "micro1.ai",
      "events": [
        {
          "id": 748316996617780,
          "type": "PAGE_VIEW",
          "timestamp": 1679496060
        }
      ]
    },
    {
      "name": "nature.com",
      "events": [
        {
          "id": 1229240860577415,
          "type": "PAGE_VIEW",
          "timestamp": 1679495820
        },
        {
          "id": 1229240860577415,
          "type": "PAGE_VIEW",
          "timestamp": 1667386800
        },
        {
          "id": 1229240860577415,
          "type": "PAGE_VIEW",
          "timestamp": 1667211000
        },
        {
          "id": 1229240860577415,
          "type": "PAGE_VIEW",
          "timestamp": 1666993140
        },
        {
          "id": 1229240860577415,
          "type": "PAGE_VIEW",
          "timestamp": 1665875040
        },
        {
          "id": 1229240860577415,
          "type": "PAGE_VIEW",
          "timestamp": 1665774720
        },
        {
          "id": 1229240860577415,
          "type": "PAGE_VIEW",
          "timestamp": 1665701700
        },
        {
          "id": 1229240860577415,
          "type": "PAGE_VIEW",
          "timestamp": 1665279420
        },
        {
          "id": 1229240860577415,
          "type": "PAGE_VIEW",
          "timestamp": 1665170580
        },
        {
          "id": 1229240860577415,
          "type": "PAGE_VIEW",
          "timestamp": 1665163980
        },
        {
          "id": 1229240860577415,
          "type": "PAGE_VIEW",
          "timestamp": 1665018120
        }
      ]
    },
    {
      "name": "euronews.com",
      "events": [
        {
          "id": 1612819098956034,
          "type": "PAGE_VIEW",
          "timestamp": 1679495760
        },
        {
          "id": 1612819098956034,
          "type": "PAGE_VIEW",
          "timestamp": 1669550580
        },
        {
          "id": 1612819098956034,
          "type": "PAGE_VIEW",
          "timestamp": 1669512180
        },
        {
          "id": 1612819098956034,
          "type": "PAGE_VIEW",
          "timestamp": 1669133280
        },
        {
          "id": 1612819098956034,
          "type": "PAGE_VIEW",
          "timestamp": 1665874740
        },
        {
          "id": 1612819098956034,
          "type": "PAGE_VIEW",
          "timestamp": 1665701820
        },
        {
          "id": 1612819098956034,
          "type": "PAGE_VIEW",
          "timestamp": 1664671020
        }
      ]
    },
    {
      "name": "steuertipps.de",
      "events": [
        {
          "id": 3797286423830770,
          "type": "PAGE_VIEW",
          "timestamp": 1679493780
        }
      ]
    },
    {
      "name": "businessinsider.com",
      "events": [
        {
          "id": 1988166924554892,
          "type": "CUSTOM",
          "timestamp": 1679420400
        },
        {
          "id": 1988166924554892,
          "type": "CUSTOM",
          "timestamp": 1679415060
        },
        {
          "id": 1988166924554892,
          "type": "CUSTOM",
          "timestamp": 1678439700
        },
        {
          "id": 1988166924554892,
          "type": "VIEW_CONTENT",
          "timestamp": 1678439640
        },
        {
          "id": 1988166924554892,
          "type": "CUSTOM",
          "timestamp": 1669463220
        },
        {
          "id": 1988166924554892,
          "type": "CUSTOM",
          "timestamp": 1668339180
        },
        {
          "id": 1988166924554892,
          "type": "CUSTOM",
          "timestamp": 1668034020
        },
        {
          "id": 1988166924554892,
          "type": "CUSTOM",
          "timestamp": 1667607300
        },
        {
          "id": 1988166924554892,
          "type": "CUSTOM",
          "timestamp": 1667468460
        },
        {
          "id": 1988166924554892,
          "type": "VIEW_CONTENT",
          "timestamp": 1666774380
        },
        {
          "id": 1988166924554892,
          "type": "VIEW_CONTENT",
          "timestamp": 1666378980
        },
        {
          "id": 1988166924554892,
          "type": "CUSTOM",
          "timestamp": 1665847500
        },
        {
          "id": 1988166924554892,
          "type": "CUSTOM",
          "timestamp": 1665785280
        },
        {
          "id": 1988166924554892,
          "type": "CUSTOM",
          "timestamp": 1665476640
        },
        {
          "id": 1988166924554892,
          "type": "CUSTOM",
          "timestamp": 1665418380
        },
        {
          "id": 1988166924554892,
          "type": "CUSTOM",
          "timestamp": 1664897100
        }
      ]
    },
    {
      "name": "Lieferando.de",
      "events": [
        {
          "id": 416666965050799,
          "type": "ACTIVATE_APP",
          "timestamp": 1679409660
        },
        {
          "id": 416666965050799,
          "type": "ACTIVATE_APP",
          "timestamp": 1679245200
        },
        {
          "id": 416666965050799,
          "type": "ACTIVATE_APP",
          "timestamp": 1678536180
        },
        {
          "id": 416666965050799,
          "type": "ACTIVATE_APP",
          "timestamp": 1678363860
        },
        {
          "id": 416666965050799,
          "type": "ACTIVATE_APP",
          "timestamp": 1678363140
        },
        {
          "id": 416666965050799,
          "type": "SEARCH",
          "timestamp": 1678358700
        },
        {
          "id": 416666965050799,
          "type": "ACTIVATE_APP",
          "timestamp": 1678358640
        },
        {
          "id": 416666965050799,
          "type": "ACTIVATE_APP",
          "timestamp": 1677965040
        },
        {
          "id": 416666965050799,
          "type": "ACTIVATE_APP",
          "timestamp": 1677964020
        },
        {
          "id": 416666965050799,
          "type": "CUSTOM",
          "timestamp": 1677853980
        },
        {
          "id": 416666965050799,
          "type": "ACTIVATE_APP",
          "timestamp": 1677853440
        },
        {
          "id": 416666965050799,
          "type": "ACTIVATE_APP",
          "timestamp": 1677851220
        },
        {
          "id": 416666965050799,
          "type": "ACTIVATE_APP",
          "timestamp": 1677850980
        },
        {
          "id": 416666965050799,
          "type": "ACTIVATE_APP",
          "timestamp": 1677775980
        },
        {
          "id": 416666965050799,
          "type": "ACTIVATE_APP",
          "timestamp": 1677775200
        },
        {
          "id": 416666965050799,
          "type": "ACTIVATE_APP",
          "timestamp": 1677693180
        },
        {
          "id": 416666965050799,
          "type": "ACTIVATE_APP",
          "timestamp": 1671833700
        },
        {
          "id": 416666965050799,
          "type": "ACTIVATE_APP",
          "timestamp": 1671219900
        },
        {
          "id": 416666965050799,
          "type": "ACTIVATE_APP",
          "timestamp": 1671219480
        },
        {
          "id": 416666965050799,
          "type": "ACTIVATE_APP",
          "timestamp": 1671216300
        },
        {
          "id": 416666965050799,
          "type": "ACTIVATE_APP",
          "timestamp": 1671216000
        }
      ]
    },
    {
      "name": "Bolt: Request a Ride",
      "events": [
        {
          "id": 474926262591626,
          "type": "CUSTOM",
          "timestamp": 1679385420
        },
        {
          "id": 474926262591626,
          "type": "CUSTOM",
          "timestamp": 1673022120
        },
        {
          "id": 474926262591626,
          "type": "CUSTOM",
          "timestamp": 1671525360
        },
        {
          "id": 474926262591626,
          "type": "CUSTOM",
          "timestamp": 1671523560
        },
        {
          "id": 474926262591626,
          "type": "CUSTOM",
          "timestamp": 1671523140
        },
        {
          "id": 474926262591626,
          "type": "CUSTOM",
          "timestamp": 1671216060
        },
        {
          "id": 474926262591626,
          "type": "CUSTOM",
          "timestamp": 1670609460
        },
        {
          "id": 474926262591626,
          "type": "CUSTOM",
          "timestamp": 1669997580
        },
        {
          "id": 474926262591626,
          "type": "CUSTOM",
          "timestamp": 1669794060
        },
        {
          "id": 474926262591626,
          "type": "CUSTOM",
          "timestamp": 1668951660
        },
        {
          "id": 474926262591626,
          "type": "CUSTOM",
          "timestamp": 1668582240
        },
        {
          "id": 474926262591626,
          "type": "CUSTOM",
          "timestamp": 1668464400
        },
        {
          "id": 474926262591626,
          "type": "CUSTOM",
          "timestamp": 1668461580
        },
        {
          "id": 474926262591626,
          "type": "CUSTOM",
          "timestamp": 1668461100
        }
      ]
    },
    {
      "name": "Hepsiburada: Online Shopping",
      "events": [
        {
          "id": 746186402115138,
          "type": "CUSTOM",
          "timestamp": 1679335500
        },
        {
          "id": 746186402115138,
          "type": "CUSTOM",
          "timestamp": 1679312580
        },
        {
          "id": 746186402115138,
          "type": "ADD_TO_CART",
          "timestamp": 1679311080
        },
        {
          "id": 746186402115138,
          "type": "CUSTOM",
          "timestamp": 1664568240
        },
        {
          "id": 746186402115138,
          "type": "CUSTOM",
          "timestamp": 1663363500
        },
        {
          "id": 746186402115138,
          "type": "ACTIVATE_APP",
          "timestamp": 1663107780
        },
        {
          "id": 746186402115138,
          "type": "CUSTOM",
          "timestamp": 1648590780
        },
        {
          "id": 746186402115138,
          "type": "CUSTOM",
          "timestamp": 1641845040
        },
        {
          "id": 746186402115138,
          "type": "CUSTOM",
          "timestamp": 1641828840
        },
        {
          "id": 746186402115138,
          "type": "CUSTOM",
          "timestamp": 1641828480
        },
        {
          "id": 746186402115138,
          "type": "CUSTOM",
          "timestamp": 1641511440
        },
        {
          "id": 746186402115138,
          "type": "CUSTOM",
          "timestamp": 1641402840
        },
        {
          "id": 746186402115138,
          "type": "CUSTOM",
          "timestamp": 1640961420
        },
        {
          "id": 746186402115138,
          "type": "ACTIVATE_APP",
          "timestamp": 1640898600
        },
        {
          "id": 746186402115138,
          "type": "CUSTOM",
          "timestamp": 1639576140
        },
        {
          "id": 746186402115138,
          "type": "CUSTOM",
          "timestamp": 1639575720
        },
        {
          "id": 746186402115138,
          "type": "CUSTOM",
          "timestamp": 1639553700
        },
        {
          "id": 746186402115138,
          "type": "ACTIVATE_APP",
          "timestamp": 1639519200
        },
        {
          "id": 746186402115138,
          "type": "ACTIVATE_APP",
          "timestamp": 1639519140
        },
        {
          "id": 746186402115138,
          "type": "CUSTOM",
          "timestamp": 1639012860
        },
        {
          "id": 746186402115138,
          "type": "CUSTOM",
          "timestamp": 1638925080
        },
        {
          "id": 746186402115138,
          "type": "ACTIVATE_APP",
          "timestamp": 1638897480
        },
        {
          "id": 746186402115138,
          "type": "CUSTOM",
          "timestamp": 1638771240
        },
        {
          "id": 746186402115138,
          "type": "CUSTOM",
          "timestamp": 1638467820
        },
        {
          "id": 746186402115138,
          "type": "CUSTOM",
          "timestamp": 1637917740
        }
      ]
    },
    {
      "name": "Wise",
      "events": [
        {
          "id": 274548709260402,
          "type": "CUSTOM",
          "timestamp": 1679302440
        },
        {
          "id": 274548709260402,
          "type": "CUSTOM",
          "timestamp": 1675965240
        },
        {
          "id": 274548709260402,
          "type": "CUSTOM",
          "timestamp": 1675943940
        },
        {
          "id": 274548709260402,
          "type": "CUSTOM",
          "timestamp": 1675684740
        },
        {
          "id": 274548709260402,
          "type": "CUSTOM",
          "timestamp": 1675678320
        },
        {
          "id": 274548709260402,
          "type": "CUSTOM",
          "timestamp": 1675620240
        },
        {
          "id": 274548709260402,
          "type": "CUSTOM",
          "timestamp": 1675617000
        },
        {
          "id": 274548709260402,
          "type": "CUSTOM",
          "timestamp": 1675436700
        },
        {
          "id": 274548709260402,
          "type": "CUSTOM",
          "timestamp": 1675354680
        },
        {
          "id": 274548709260402,
          "type": "CUSTOM",
          "timestamp": 1675348140
        },
        {
          "id": 274548709260402,
          "type": "CUSTOM",
          "timestamp": 1675274760
        },
        {
          "id": 274548709260402,
          "type": "CUSTOM",
          "timestamp": 1675252440
        },
        {
          "id": 274548709260402,
          "type": "CUSTOM",
          "timestamp": 1675231200
        },
        {
          "id": 274548709260402,
          "type": "CUSTOM",
          "timestamp": 1675209240
        },
        {
          "id": 274548709260402,
          "type": "CUSTOM",
          "timestamp": 1675187640
        },
        {
          "id": 274548709260402,
          "type": "CUSTOM",
          "timestamp": 1675166040
        },
        {
          "id": 274548709260402,
          "type": "CUSTOM",
          "timestamp": 1675144800
        },
        {
          "id": 274548709260402,
          "type": "CUSTOM",
          "timestamp": 1675122840
        },
        {
          "id": 274548709260402,
          "type": "ACTIVATE_APP",
          "timestamp": 1675101180
        },
        {
          "id": 274548709260402,
          "type": "CUSTOM",
          "timestamp": 1674216900
        },
        {
          "id": 274548709260402,
          "type": "ACTIVATE_APP",
          "timestamp": 1674216300
        },
        {
          "id": 274548709260402,
          "type": "CUSTOM",
          "timestamp": 1673604660
        },
        {
          "id": 274548709260402,
          "type": "ACTIVATE_APP",
          "timestamp": 1673547660
        },
        {
          "id": 274548709260402,
          "type": "CUSTOM",
          "timestamp": 1673418480
        },
        {
          "id": 274548709260402,
          "type": "CUSTOM",
          "timestamp": 1673372400
        },
        {
          "id": 274548709260402,
          "type": "CUSTOM",
          "timestamp": 1671883860
        },
        {
          "id": 274548709260402,
          "type": "CUSTOM",
          "timestamp": 1671858660
        },
        {
          "id": 274548709260402,
          "type": "CUSTOM",
          "timestamp": 1671559740
        },
        {
          "id": 274548709260402,
          "type": "ACTIVATE_APP",
          "timestamp": 1671469020
        },
        {
          "id": 274548709260402,
          "type": "CUSTOM",
          "timestamp": 1669132980
        },
        {
          "id": 274548709260402,
          "type": "CUSTOM",
          "timestamp": 1664439360
        },
        {
          "id": 274548709260402,
          "type": "CUSTOM",
          "timestamp": 1663884240
        },
        {
          "id": 274548709260402,
          "type": "CUSTOM",
          "timestamp": 1663415520
        },
        {
          "id": 274548709260402,
          "type": "CUSTOM",
          "timestamp": 1657608300
        },
        {
          "id": 274548709260402,
          "type": "CUSTOM",
          "timestamp": 1650546840
        },
        {
          "id": 274548709260402,
          "type": "CUSTOM",
          "timestamp": 1648922760
        },
        {
          "id": 274548709260402,
          "type": "CUSTOM",
          "timestamp": 1648257900
        },
        {
          "id": 274548709260402,
          "type": "CUSTOM",
          "timestamp": 1647691800
        },
        {
          "id": 274548709260402,
          "type": "CUSTOM",
          "timestamp": 1647212520
        },
        {
          "id": 274548709260402,
          "type": "CUSTOM",
          "timestamp": 1646261100
        },
        {
          "id": 274548709260402,
          "type": "CUSTOM",
          "timestamp": 1645834860
        },
        {
          "id": 274548709260402,
          "type": "CUSTOM",
          "timestamp": 1643851560
        },
        {
          "id": 274548709260402,
          "type": "CUSTOM",
          "timestamp": 1643413800
        },
        {
          "id": 274548709260402,
          "type": "CUSTOM",
          "timestamp": 1643366580
        },
        {
          "id": 274548709260402,
          "type": "ACTIVATE_APP",
          "timestamp": 1643308200
        },
        {
          "id": 274548709260402,
          "type": "CUSTOM",
          "timestamp": 1643063100
        },
        {
          "id": 274548709260402,
          "type": "CUSTOM",
          "timestamp": 1642748100
        },
        {
          "id": 274548709260402,
          "type": "CUSTOM",
          "timestamp": 1641602880
        }
      ]
    },
    {
      "name": "fortune.com",
      "events": [
        {
          "id": 2587034314640071,
          "type": "PAGE_VIEW",
          "timestamp": 1679265180
        },
        {
          "id": 2587034314640071,
          "type": "PAGE_VIEW",
          "timestamp": 1678042800
        },
        {
          "id": 2587034314640071,
          "type": "PAGE_VIEW",
          "timestamp": 1677926280
        },
        {
          "id": 2587034314640071,
          "type": "PAGE_VIEW",
          "timestamp": 1669678860
        },
        {
          "id": 1620167758191712,
          "type": "PAGE_VIEW",
          "timestamp": 1669132140
        },
        {
          "id": 2587034314640071,
          "type": "PAGE_VIEW",
          "timestamp": 1667809020
        },
        {
          "id": 2587034314640071,
          "type": "PAGE_VIEW",
          "timestamp": 1667405040
        },
        {
          "id": 2587034314640071,
          "type": "PAGE_VIEW",
          "timestamp": 1667026080
        },
        {
          "id": 2587034314640071,
          "type": "PAGE_VIEW",
          "timestamp": 1666639560
        },
        {
          "id": 2587034314640071,
          "type": "PAGE_VIEW",
          "timestamp": 1666171560
        },
        {
          "id": 2587034314640071,
          "type": "PAGE_VIEW",
          "timestamp": 1665701640
        },
        {
          "id": 2587034314640071,
          "type": "PAGE_VIEW",
          "timestamp": 1665381540
        },
        {
          "id": 2587034314640071,
          "type": "PAGE_VIEW",
          "timestamp": 1664632440
        }
      ]
    },
    {
      "name": "Spotify: Music, Podcasts, Lit",
      "events": [
        {
          "id": 174829003346,
          "type": "ACTIVATE_APP",
          "timestamp": 1679199840
        },
        {
          "id": 174829003346,
          "type": "ACTIVATE_APP",
          "timestamp": 1679197800
        },
        {
          "id": 174829003346,
          "type": "ACTIVATE_APP",
          "timestamp": 1679197200
        },
        {
          "id": 174829003346,
          "type": "ACTIVATE_APP",
          "timestamp": 1678476000
        },
        {
          "id": 174829003346,
          "type": "ACTIVATE_APP",
          "timestamp": 1677782940
        },
        {
          "id": 174829003346,
          "type": "ACTIVATE_APP",
          "timestamp": 1677782520
        },
        {
          "id": 174829003346,
          "type": "ACTIVATE_APP",
          "timestamp": 1674854460
        }
      ]
    },
    {
      "name": "Coursera",
      "events": [
        {
          "id": 823425307723964,
          "type": "CUSTOM",
          "timestamp": 1679189460
        },
        {
          "id": 823425307723964,
          "type": "CUSTOM",
          "timestamp": 1679189280
        },
        {
          "id": 823425307723964,
          "type": "CUSTOM",
          "timestamp": 1677426900
        },
        {
          "id": 823425307723964,
          "type": "CUSTOM",
          "timestamp": 1677280800
        },
        {
          "id": 823425307723964,
          "type": "CUSTOM",
          "timestamp": 1666010880
        },
        {
          "id": 823425307723964,
          "type": "ACTIVATE_APP",
          "timestamp": 1665924480
        },
        {
          "id": 823425307723964,
          "type": "CUSTOM",
          "timestamp": 1665924120
        },
        {
          "id": 823425307723964,
          "type": "CUSTOM",
          "timestamp": 1643827980
        },
        {
          "id": 823425307723964,
          "type": "ACTIVATE_APP",
          "timestamp": 1643827440
        },
        {
          "id": 823425307723964,
          "type": "CUSTOM",
          "timestamp": 1643524380
        },
        {
          "id": 823425307723964,
          "type": "ACTIVATE_APP",
          "timestamp": 1643524080
        },
        {
          "id": 823425307723964,
          "type": "CUSTOM",
          "timestamp": 1642001700
        },
        {
          "id": 823425307723964,
          "type": "CUSTOM",
          "timestamp": 1641519060
        },
        {
          "id": 823425307723964,
          "type": "ACTIVATE_APP",
          "timestamp": 1641518460
        },
        {
          "id": 823425307723964,
          "type": "CUSTOM",
          "timestamp": 1641501660
        },
        {
          "id": 823425307723964,
          "type": "ACTIVATE_APP",
          "timestamp": 1641500880
        },
        {
          "id": 823425307723964,
          "type": "CUSTOM",
          "timestamp": 1640911740
        },
        {
          "id": 823425307723964,
          "type": "CUSTOM",
          "timestamp": 1640911200
        },
        {
          "id": 823425307723964,
          "type": "CUSTOM",
          "timestamp": 1639933380
        },
        {
          "id": 823425307723964,
          "type": "CUSTOM",
          "timestamp": 1639622040
        },
        {
          "id": 823425307723964,
          "type": "CUSTOM",
          "timestamp": 1639504140
        },
        {
          "id": 823425307723964,
          "type": "CUSTOM",
          "timestamp": 1639382880
        },
        {
          "id": 823425307723964,
          "type": "ACTIVATE_APP",
          "timestamp": 1639381500
        },
        {
          "id": 823425307723964,
          "type": "CUSTOM",
          "timestamp": 1639234380
        },
        {
          "id": 823425307723964,
          "type": "CUSTOM",
          "timestamp": 1639232700
        },
        {
          "id": 823425307723964,
          "type": "CUSTOM",
          "timestamp": 1639009860
        },
        {
          "id": 823425307723964,
          "type": "ACTIVATE_APP",
          "timestamp": 1639009680
        },
        {
          "id": 823425307723964,
          "type": "CUSTOM",
          "timestamp": 1638925080
        },
        {
          "id": 823425307723964,
          "type": "CUSTOM",
          "timestamp": 1638894540
        },
        {
          "id": 823425307723964,
          "type": "ACTIVATE_APP",
          "timestamp": 1638839640
        },
        {
          "id": 823425307723964,
          "type": "CUSTOM",
          "timestamp": 1638754920
        },
        {
          "id": 823425307723964,
          "type": "CUSTOM",
          "timestamp": 1638673440
        },
        {
          "id": 823425307723964,
          "type": "CUSTOM",
          "timestamp": 1638671880
        },
        {
          "id": 823425307723964,
          "type": "CUSTOM",
          "timestamp": 1638581700
        },
        {
          "id": 823425307723964,
          "type": "ACTIVATE_APP",
          "timestamp": 1638580860
        },
        {
          "id": 823425307723964,
          "type": "ACTIVATE_APP",
          "timestamp": 1637945940
        },
        {
          "id": 823425307723964,
          "type": "CUSTOM",
          "timestamp": 1637717520
        },
        {
          "id": 823425307723964,
          "type": "CUSTOM",
          "timestamp": 1637717280
        },
        {
          "id": 823425307723964,
          "type": "CUSTOM",
          "timestamp": 1637546400
        },
        {
          "id": 823425307723964,
          "type": "CUSTOM",
          "timestamp": 1637546280
        },
        {
          "id": 823425307723964,
          "type": "CUSTOM",
          "timestamp": 1637510460
        },
        {
          "id": 823425307723964,
          "type": "CUSTOM",
          "timestamp": 1637510340
        },
        {
          "id": 823425307723964,
          "type": "ACTIVATE_APP",
          "timestamp": 1637367420
        },
        {
          "id": 823425307723964,
          "type": "CUSTOM",
          "timestamp": 1637363160
        },
        {
          "id": 823425307723964,
          "type": "ACTIVATE_APP",
          "timestamp": 1637362080
        },
        {
          "id": 823425307723964,
          "type": "CUSTOM",
          "timestamp": 1637356200
        },
        {
          "id": 823425307723964,
          "type": "CUSTOM",
          "timestamp": 1637351760
        },
        {
          "id": 823425307723964,
          "type": "ACTIVATE_APP",
          "timestamp": 1637168940
        },
        {
          "id": 823425307723964,
          "type": "CUSTOM",
          "timestamp": 1637086260
        },
        {
          "id": 823425307723964,
          "type": "ACTIVATE_APP",
          "timestamp": 1637084820
        },
        {
          "id": 823425307723964,
          "type": "CUSTOM",
          "timestamp": 1637084100
        },
        {
          "id": 823425307723964,
          "type": "CUSTOM",
          "timestamp": 1637083500
        },
        {
          "id": 823425307723964,
          "type": "CUSTOM",
          "timestamp": 1637082540
        },
        {
          "id": 823425307723964,
          "type": "CUSTOM",
          "timestamp": 1637068260
        },
        {
          "id": 823425307723964,
          "type": "CUSTOM",
          "timestamp": 1637067120
        },
        {
          "id": 823425307723964,
          "type": "CUSTOM",
          "timestamp": 1637064660
        },
        {
          "id": 823425307723964,
          "type": "CUSTOM",
          "timestamp": 1637063940
        },
        {
          "id": 823425307723964,
          "type": "CUSTOM",
          "timestamp": 1636996200
        },
        {
          "id": 823425307723964,
          "type": "CUSTOM",
          "timestamp": 1636994280
        },
        {
          "id": 823425307723964,
          "type": "CUSTOM",
          "timestamp": 1636991580
        },
        {
          "id": 823425307723964,
          "type": "CUSTOM",
          "timestamp": 1636937160
        },
        {
          "id": 823425307723964,
          "type": "ACTIVATE_APP",
          "timestamp": 1636852320
        },
        {
          "id": 823425307723964,
          "type": "CUSTOM",
          "timestamp": 1636722540
        },
        {
          "id": 823425307723964,
          "type": "CUSTOM",
          "timestamp": 1636679460
        },
        {
          "id": 823425307723964,
          "type": "CUSTOM",
          "timestamp": 1636678620
        },
        {
          "id": 823425307723964,
          "type": "CUSTOM",
          "timestamp": 1636671540
        },
        {
          "id": 823425307723964,
          "type": "CUSTOM",
          "timestamp": 1636614180
        },
        {
          "id": 823425307723964,
          "type": "ACTIVATE_APP",
          "timestamp": 1636598520
        },
        {
          "id": 823425307723964,
          "type": "CUSTOM",
          "timestamp": 1636594080
        },
        {
          "id": 823425307723964,
          "type": "ACTIVATE_APP",
          "timestamp": 1636588500
        },
        {
          "id": 823425307723964,
          "type": "CUSTOM",
          "timestamp": 1636587240
        },
        {
          "id": 823425307723964,
          "type": "CUSTOM",
          "timestamp": 1636521780
        },
        {
          "id": 823425307723964,
          "type": "CUSTOM",
          "timestamp": 1636500960
        },
        {
          "id": 823425307723964,
          "type": "CUSTOM",
          "timestamp": 1636417680
        },
        {
          "id": 823425307723964,
          "type": "CUSTOM",
          "timestamp": 1636385520
        },
        {
          "id": 823425307723964,
          "type": "CUSTOM",
          "timestamp": 1636384200
        },
        {
          "id": 823425307723964,
          "type": "CUSTOM",
          "timestamp": 1635885180
        },
        {
          "id": 823425307723964,
          "type": "ACTIVATE_APP",
          "timestamp": 1635884940
        },
        {
          "id": 823425307723964,
          "type": "CUSTOM",
          "timestamp": 1631634660
        },
        {
          "id": 823425307723964,
          "type": "CUSTOM",
          "timestamp": 1630961820
        },
        {
          "id": 823425307723964,
          "type": "ACTIVATE_APP",
          "timestamp": 1630908840
        },
        {
          "id": 823425307723964,
          "type": "CUSTOM",
          "timestamp": 1623256740
        },
        {
          "id": 823425307723964,
          "type": "ACTIVATE_APP",
          "timestamp": 1623198300
        },
        {
          "id": 823425307723964,
          "type": "CUSTOM",
          "timestamp": 1622757840
        },
        {
          "id": 823425307723964,
          "type": "CUSTOM",
          "timestamp": 1622507460
        },
        {
          "id": 823425307723964,
          "type": "CUSTOM",
          "timestamp": 1622506080
        },
        {
          "id": 823425307723964,
          "type": "ACTIVATE_APP",
          "timestamp": 1622407920
        },
        {
          "id": 823425307723964,
          "type": "CUSTOM",
          "timestamp": 1622404500
        },
        {
          "id": 823425307723964,
          "type": "CUSTOM",
          "timestamp": 1622398680
        },
        {
          "id": 823425307723964,
          "type": "CUSTOM",
          "timestamp": 1622397900
        },
        {
          "id": 823425307723964,
          "type": "CUSTOM",
          "timestamp": 1622388000
        },
        {
          "id": 823425307723964,
          "type": "CUSTOM",
          "timestamp": 1622314080
        },
        {
          "id": 823425307723964,
          "type": "CUSTOM",
          "timestamp": 1620166980
        },
        {
          "id": 823425307723964,
          "type": "CUSTOM",
          "timestamp": 1619172780
        },
        {
          "id": 823425307723964,
          "type": "ACTIVATE_APP",
          "timestamp": 1619171040
        },
        {
          "id": 823425307723964,
          "type": "CUSTOM",
          "timestamp": 1619131140
        },
        {
          "id": 823425307723964,
          "type": "ACTIVATE_APP",
          "timestamp": 1619129640
        },
        {
          "id": 823425307723964,
          "type": "CUSTOM",
          "timestamp": 1618950000
        },
        {
          "id": 823425307723964,
          "type": "CUSTOM",
          "timestamp": 1618851900
        },
        {
          "id": 823425307723964,
          "type": "CUSTOM",
          "timestamp": 1616840100
        },
        {
          "id": 823425307723964,
          "type": "CUSTOM",
          "timestamp": 1616840040
        },
        {
          "id": 823425307723964,
          "type": "ACTIVATE_APP",
          "timestamp": 1616825040
        }
      ]
    }
  ]
}