{
  "off_facebook_activity_v2": [
    {
      "name": "greekreporter.com",
      "events": [
        {
          "id": 185709107002647,
          "type": "PAGE_VIEW",
          "timestamp": 1679529720
        },
        {
          "id": 185709107002647,
          "type": "PAGE_VIEW",
          "timestamp": 1669274940
        }
      ]
    },
    {
      "name": "tomsguide.com",
      "events": [
        {
          "id": 1765833506947124,
          "type": "INITIATE_CHECKOUT",
          "timestamp": 1679525400
        },
        {
          "id": 1765833506947124,
          "type": "PURCHASE",
          "timestamp": 1668863160
        },
        {
          "id": 1765833506947124,
          "type": "VIEW_CONTENT",
          "timestamp": 1665877080
        },
        {
          "id": 1765833506947124,
          "type": "PAGE_VIEW",
          "timestamp": 1665442440
        }
      ]
    },
    {
      "name": "cnbc.com",
      "events": [
        {
          "id": 212491672506947,
          "type": "INITIATE_CHECKOUT",
          "timestamp": 1679520600
        },
        {
          "id": 212491672506947,
          "type": "INITIATE_CHECKOUT",
          "timestamp": 1679496720
        },
        {
          "id": 212491672506947,
          "type": "INITIATE_CHECKOUT",
          "timestamp": 1679415480
        },
        {
          "id": 212491672506947,
          "type": "PAGE_VIEW",
          "timestamp": 1678540560
        },
        {
          "id": 212491672506947,
          "type": "PURCHASE",
          "timestamp": 1671443460
        },
        {
          "id": 212491672506947,
          "type": "PURCHASE",
          "timestamp": 1670489580
        },
        {
          "id": 212491672506947,
          "type": "PAGE_VIEW",
          "timestamp": 1669999320
        },
        {
          "id": 212491672506947,
          "type": "PAGE_VIEW",
          "timestamp": 1668763200
        },
        {
          "id": 212491672506947,
          "type": "PAGE_VIEW",
          "timestamp": 1668378480
        },
        {
          "id": 212491672506947,
          "type": "PAGE_VIEW",
          "timestamp": 1668337320
        },
        {
          "id": 212491672506947,
          "type": "PURCHASE",
          "timestamp": 1667388780
        },
        {
          "id": 212491672506947,
          "type": "PAGE_VIEW",
          "timestamp": 1667069220
        },
        {
          "id": 212491672506947,
          "type": "PAGE_VIEW",
          "timestamp": 1666778760
        },
        {
          "id": 212491672506947,
          "type": "PAGE_VIEW",
          "timestamp": 1666392120
        },
        {
          "id": 212491672506947,
          "type": "PAGE_VIEW",
          "timestamp": 1665766080
        },
        {
          "id": 212491672506947,
          "type": "PURCHASE",
          "timestamp": 1665472260
        },
        {
          "id": 212491672506947,
          "type": "PURCHASE",
          "timestamp": 1664481540
        }
      ]
    },
    {
      "name": "euronews.com",
      "events": [
        {
          "id": 1612819098956034,
          "type": "PAGE_VIEW",
          "timestamp": 1679495760
        },
        {
          "id": 1612819098956034,
          "type": "PAGE_VIEW",
          "timestamp": 1669550580
        },
        {
          "id": 1612819098956034,
          "type": "PAGE_VIEW",
          "timestamp": 1669512180
        },
        {
          "id": 1612819098956034,
          "type": "PAGE_VIEW",
          "timestamp": 1669133280
        },
        {
          "id": 1612819098956034,
          "type": "PURCHASE",
          "timestamp": 1665874740
        },
        {
          "id": 1612819098956034,
          "type": "PURCHASE",
          "timestamp": 1665701820
        },
        {
          "id": 1612819098956034,
          "type": "PURCHASE",
          "timestamp": 1664671020
        }
      ]
    },
    {
      "name": "businessinsider.com",
      "events": [
        {
          "id": 1988166924554892,
          "type": "CUSTOM",
          "timestamp": 1679420400
        },
        {
          "id": 1988166924554892,
          "type": "PURCHASE",
          "timestamp": 1679415060
        },
        {
          "id": 1988166924554892,
          "type": "PURCHASE",
          "timestamp": 1678439700
        },
        {
          "id": 1988166924554892,
          "type": "VIEW_CONTENT",
          "timestamp": 1678439640
        },
        {
          "id": 1988166924554892,
          "type": "PURCHASE",
          "timestamp": 1669463220
        },
        {
          "id": 1988166924554892,
          "type": "VIEW_CONTENT",
          "timestamp": 1668339180
        },
        {
          "id": 1988166924554892,
          "type": "VIEW_CONTENT",
          "timestamp": 1668034020
        },
        {
          "id": 1988166924554892,
          "type": "PURCHASE",
          "timestamp": 1667607300
        },
        {
          "id": 1988166924554892,
          "type": "CUSTOM",
          "timestamp": 1667468460
        },
        {
          "id": 1988166924554892,
          "type": "VIEW_CONTENT",
          "timestamp": 1666774380
        },
        {
          "id": 1988166924554892,
          "type": "VIEW_CONTENT",
          "timestamp": 1666378980
        },
        {
          "id": 1988166924554892,
          "type": "PURCHASE",
          "timestamp": 1665847500
        },
        {
          "id": 1988166924554892,
          "type": "PURCHASE",
          "timestamp": 1665785280
        },
        {
          "id": 1988166924554892,
          "type": "VIEW_CONTENT",
          "timestamp": 1665476640
        },
        {
          "id": 1988166924554892,
          "type": "VIEW_CONTENT",
          "timestamp": 1665418380
        },
        {
          "id": 1988166924554892,
          "type": "PURCHASE",
          "timestamp": 1664897100
        }
      ]
    },
    {
      "name": "Lieferando.de",
      "events": [
        {
          "id": 416666965050799,
          "type": "VIEW_CONTENT",
          "timestamp": 1679409660
        },
        {
          "id": 416666965050799,
          "type": "VIEW_CONTENT",
          "timestamp": 1679245200
        },
        {
          "id": 416666965050799,
          "type": "VIEW_CONTENT",
          "timestamp": 1678536180
        },
        {
          "id": 416666965050799,
          "type": "VIEW_CONTENT",
          "timestamp": 1678363860
        },
        {
          "id": 416666965050799,
          "type": "ACTIVATE_APP",
          "timestamp": 1678363140
        },
        {
          "id": 416666965050799,
          "type": "SEARCH",
          "timestamp": 1678358700
        },
        {
          "id": 416666965050799,
          "type": "ACTIVATE_APP",
          "timestamp": 1678358640
        },
        {
          "id": 416666965050799,
          "type": "INITIATE_CHECKOUT",
          "timestamp": 1677965040
        },
        {
          "id": 416666965050799,
          "type": "PURCHASE",
          "timestamp": 1677964020
        },
        {
          "id": 416666965050799,
          "type": "CUSTOM",
          "timestamp": 1677853980
        },
        {
          "id": 416666965050799,
          "type": "ACTIVATE_APP",
          "timestamp": 1677853440
        },
        {
          "id": 416666965050799,
          "type": "VIEW_CONTENT",
          "timestamp": 1677851220
        },
        {
          "id": 416666965050799,
          "type": "PURCHASE",
          "timestamp": 1677850980
        },
        {
          "id": 416666965050799,
          "type": "VIEW_CONTENT",
          "timestamp": 1677775980
        },
        {
          "id": 416666965050799,
          "type": "VIEW_CONTENT",
          "timestamp": 1677775200
        },
        {
          "id": 416666965050799,
          "type": "ACTIVATE_APP",
          "timestamp": 1677693180
        },
        {
          "id": 416666965050799,
          "type": "PURCHASE",
          "timestamp": 1671833700
        },
        {
          "id": 416666965050799,
          "type": "PURCHASE",
          "timestamp": 1671219900
        },
        {
          "id": 416666965050799,
          "type": "ACTIVATE_APP",
          "timestamp": 1671219480
        },
        {
          "id": 416666965050799,
          "type": "INITIATE_CHECKOUT",
          "timestamp": 1671216300
        },
        {
          "id": 416666965050799,
          "type": "PURCHASE",
          "timestamp": 1671216000
        }
      ]
    },
    {
      "name": "Bolt: Request a Ride",
      "events": [
        {
          "id": 474926262591626,
          "type": "VIEW_CONTENT",
          "timestamp": 1679385420
        },
        {
          "id": 474926262591626,
          "type": "VIEW_CONTENT",
          "timestamp": 1673022120
        },
        {
          "id": 474926262591626,
          "type": "PURCHASE",
          "timestamp": 1671525360
        },
        {
          "id": 474926262591626,
          "type": "PURCHASE",
          "timestamp": 1671523560
        },
        {
          "id": 474926262591626,
          "type": "CUSTOM",
          "timestamp": 1671523140
        },
        {
          "id": 474926262591626,
          "type": "PURCHASE",
          "timestamp": 1671216060
        },
        {
          "id": 474926262591626,
          "type": "CUSTOM",
          "timestamp": 1670609460
        },
        {
          "id": 474926262591626,
          "type": "CUSTOM",
          "timestamp": 1669997580
        },
        {
          "id": 474926262591626,
          "type": "CUSTOM",
          "timestamp": 1669794060
        },
        {
          "id": 474926262591626,
          "type": "CUSTOM",
          "timestamp": 1668951660
        },
        {
          "id": 474926262591626,
          "type": "PURCHASE",
          "timestamp": 1668582240
        },
        {
          "id": 474926262591626,
          "type": "CUSTOM",
          "timestamp": 1668464400
        },
        {
          "id": 474926262591626,
          "type": "PURCHASE",
          "timestamp": 1668461580
        },
        {
          "id": 474926262591626,
          "type": "PURCHASE",
          "timestamp": 1668461100
        }
      ]
    },
  
    {
      "name": "Wise",
      "events": [
        {
          "id": 274548709260402,
          "type": "INITIATE_CHECKOUT",
          "timestamp": 1679302440
        },
        {
          "id": 274548709260402,
          "type": "INITIATE_CHECKOUT",
          "timestamp": 1675965240
        },
        {
          "id": 274548709260402,
          "type": "INITIATE_CHECKOUT",
          "timestamp": 1675943940
        },
        {
          "id": 274548709260402,
          "type": "INITIATE_CHECKOUT",
          "timestamp": 1675684740
        },
        {
          "id": 274548709260402,
          "type": "PURCHASE",
          "timestamp": 1675678320
        },
        {
          "id": 274548709260402,
          "type": "CUSTOM",
          "timestamp": 1675620240
        },
        {
          "id": 274548709260402,
          "type": "PURCHASE",
          "timestamp": 1675617000
        },
        {
          "id": 274548709260402,
          "type": "CUSTOM",
          "timestamp": 1675436700
        },
        {
          "id": 274548709260402,
          "type": "VIEW_CONTENT",
          "timestamp": 1675354680
        },
        {
          "id": 274548709260402,
          "type": "VIEW_CONTENT",
          "timestamp": 1675348140
        },
        {
          "id": 274548709260402,
          "type": "VIEW_CONTENT",
          "timestamp": 1675274760
        },
        {
          "id": 274548709260402,
          "type": "VIEW_CONTENT",
          "timestamp": 1675252440
        },
        {
          "id": 274548709260402,
          "type": "CUSTOM",
          "timestamp": 1675231200
        },
        {
          "id": 274548709260402,
          "type": "PURCHASE",
          "timestamp": 1675209240
        },
        {
          "id": 274548709260402,
          "type": "CUSTOM",
          "timestamp": 1675187640
        },
        {
          "id": 274548709260402,
          "type": "CUSTOM",
          "timestamp": 1675166040
        },
        {
          "id": 274548709260402,
          "type": "CUSTOM",
          "timestamp": 1675144800
        },
        {
          "id": 274548709260402,
          "type": "CUSTOM",
          "timestamp": 1675122840
        },
        {
          "id": 274548709260402,
          "type": "ACTIVATE_APP",
          "timestamp": 1675101180
        },
        {
          "id": 274548709260402,
          "type": "VIEW_CONTENT",
          "timestamp": 1674216900
        },
        {
          "id": 274548709260402,
          "type": "ACTIVATE_APP",
          "timestamp": 1674216300
        },
        {
          "id": 274548709260402,
          "type": "PURCHASE",
          "timestamp": 1673604660
        },
        {
          "id": 274548709260402,
          "type": "ACTIVATE_APP",
          "timestamp": 1673547660
        },
        {
          "id": 274548709260402,
          "type": "CUSTOM",
          "timestamp": 1673418480
        },
        {
          "id": 274548709260402,
          "type": "CUSTOM",
          "timestamp": 1673372400
        },
        {
          "id": 274548709260402,
          "type": "CUSTOM",
          "timestamp": 1671883860
        },
        {
          "id": 274548709260402,
          "type": "PURCHASE",
          "timestamp": 1671858660
        },
        {
          "id": 274548709260402,
          "type": "VIEW_CONTENT",
          "timestamp": 1671559740
        },
        {
          "id": 274548709260402,
          "type": "ACTIVATE_APP",
          "timestamp": 1671469020
        },
        {
          "id": 274548709260402,
          "type": "CUSTOM",
          "timestamp": 1669132980
        },
        {
          "id": 274548709260402,
          "type": "PURCHASE",
          "timestamp": 1664439360
        },
        {
          "id": 274548709260402,
          "type": "VIEW_CONTENT",
          "timestamp": 1663884240
        },
        {
          "id": 274548709260402,
          "type": "CUSTOM",
          "timestamp": 1663415520
        },
        {
          "id": 274548709260402,
          "type": "CUSTOM",
          "timestamp": 1657608300
        },
        {
          "id": 274548709260402,
          "type": "VIEW_CONTENT",
          "timestamp": 1650546840
        },
        {
          "id": 274548709260402,
          "type": "CUSTOM",
          "timestamp": 1648922760
        },
        {
          "id": 274548709260402,
          "type": "PURCHASE",
          "timestamp": 1648257900
        },
        {
          "id": 274548709260402,
          "type": "VIEW_CONTENT",
          "timestamp": 1647691800
        },
        {
          "id": 274548709260402,
          "type": "CUSTOM",
          "timestamp": 1647212520
        },
        {
          "id": 274548709260402,
          "type": "CUSTOM",
          "timestamp": 1646261100
        },
        {
          "id": 274548709260402,
          "type": "CUSTOM",
          "timestamp": 1645834860
        },
        {
          "id": 274548709260402,
          "type": "VIEW_CONTENT",
          "timestamp": 1643851560
        },
        {
          "id": 274548709260402,
          "type": "CUSTOM",
          "timestamp": 1643413800
        },
        {
          "id": 274548709260402,
          "type": "PURCHASE",
          "timestamp": 1643366580
        },
        {
          "id": 274548709260402,
          "type": "ACTIVATE_APP",
          "timestamp": 1643308200
        },
        {
          "id": 274548709260402,
          "type": "CUSTOM",
          "timestamp": 1643063100
        },
        {
          "id": 274548709260402,
          "type": "CUSTOM",
          "timestamp": 1642748100
        },
        {
          "id": 274548709260402,
          "type": "CUSTOM",
          "timestamp": 1641602880
        }
      ]
    },
    {
      "name": "fortune.com",
      "events": [
        {
          "id": 2587034314640071,
          "type": "PAGE_VIEW",
          "timestamp": 1679265180
        },
        {
          "id": 2587034314640071,
          "type": "PAGE_VIEW",
          "timestamp": 1678042800
        },
        {
          "id": 2587034314640071,
          "type": "PAGE_VIEW",
          "timestamp": 1677926280
        },
        {
          "id": 2587034314640071,
          "type": "PAGE_VIEW",
          "timestamp": 1669678860
        },
        {
          "id": 1620167758191712,
          "type": "PAGE_VIEW",
          "timestamp": 1669132140
        },
        {
          "id": 2587034314640071,
          "type": "PAGE_VIEW",
          "timestamp": 1667809020
        },
        {
          "id": 2587034314640071,
          "type": "PAGE_VIEW",
          "timestamp": 1667405040
        },
        {
          "id": 2587034314640071,
          "type": "PAGE_VIEW",
          "timestamp": 1667026080
        },
        {
          "id": 2587034314640071,
          "type": "PURCHASE",
          "timestamp": 1666639560
        },
        {
          "id": 2587034314640071,
          "type": "PURCHASE",
          "timestamp": 1666171560
        },
        {
          "id": 2587034314640071,
          "type": "PAGE_VIEW",
          "timestamp": 1665701640
        },
        {
          "id": 2587034314640071,
          "type": "PAGE_VIEW",
          "timestamp": 1665381540
        },
        {
          "id": 2587034314640071,
          "type": "PAGE_VIEW",
          "timestamp": 1664632440
        }
      ]
    },
    {
      "name": "Spotify: Music, Podcasts, Lit",
      "events": [
        {
          "id": 174829003346,
          "type": "INITIATE_CHECKOUT",
          "timestamp": 1679199840
        },
        {
          "id": 174829003346,
          "type": "INITIATE_CHECKOUT",
          "timestamp": 1679197800
        },
        {
          "id": 174829003346,
          "type": "INITIATE_CHECKOUT",
          "timestamp": 1679197200
        },
        {
          "id": 174829003346,
          "type": "INITIATE_CHECKOUT",
          "timestamp": 1678476000
        },
        {
          "id": 174829003346,
          "type": "INITIATE_CHECKOUT",
          "timestamp": 1677782940
        },
        {
          "id": 174829003346,
          "type": "INITIATE_CHECKOUT",
          "timestamp": 1677782520
        },
        {
          "id": 174829003346,
          "type": "INITIATE_CHECKOUT",
          "timestamp": 1674854460
        }
      ]
    },
  
   
   
    {
      "name": "themontclarion.org",
      "events": [
        {
          "id": 605179343215247,
          "type": "PAGE_VIEW",
          "timestamp": 1679149380
        }
      ]
    },
    {
      "name": "futurism.com",
      "events": [
        {
          "id": 286353685112848,
          "type": "PAGE_VIEW",
          "timestamp": 1679131980
        },
        {
          "id": 992993244953609,
          "type": "PAGE_VIEW",
          "timestamp": 1679131980
        }
      ]
    },
    {
      "name": "scribd.com",
      "events": [
        {
          "id": 287045611447707,
          "type": "PAGE_VIEW",
          "timestamp": 1679059980
        },
        {
          "id": 287045611447707,
          "type": "PAGE_VIEW",
          "timestamp": 1634311140
        }
      ]
    },
    {
      "name": "runnersworld.com",
      "events": [
        {
          "id": 690796760981964,
          "type": "INITIATE_CHECKOUT",
          "timestamp": 1678966860
        }
      ]
    },
    {
      "name": "insider.com",
      "events": [
        {
          "id": 461160604031728,
          "type": "INITIATE_CHECKOUT",
          "timestamp": 1678966680
        },
        {
          "id": 461160604031728,
          "type": "INITIATE_CHECKOUT",
          "timestamp": 1668298800
        },
        {
          "id": 461160604031728,
          "type": "INITIATE_CHECKOUT",
          "timestamp": 1665750600
        },
        {
          "id": 461160604031728,
          "type": "INITIATE_CHECKOUT",
          "timestamp": 1665679740
        }
      ]
    },
    {
      "name": "forbes.com",
      "events": [
        {
          "id": 1494993704116832,
          "type": "INITIATE_CHECKOUT",
          "timestamp": 1678863360
        },
        {
          "id": 1494993704116832,
          "type": "INITIATE_CHECKOUT",
          "timestamp": 1678840920
        },
        {
          "id": 1494993704116832,
          "type": "PURCHASE",
          "timestamp": 1669278000
        },
        {
          "id": 1494993704116832,
          "type": "VIEW_CONTENT",
          "timestamp": 1668766620
        },
        {
          "id": 1494993704116832,
          "type": "VIEW_CONTENT",
          "timestamp": 1665882480
        },
        {
          "id": 1494993704116832,
          "type": "PURCHASE",
          "timestamp": 1665086400
        },
        {
          "id": 1494993704116832,
          "type": "VIEW_CONTENT",
          "timestamp": 1664633160
        },
        {
          "id": 1494993704116832,
          "type": "PAGE_VIEW",
          "timestamp": 1632490440
        },
        {
          "id": 1494993704116832,
          "type": "PAGE_VIEW",
          "timestamp": 1632490140
        }
      ]
    },
    {
      "name": "theinformation.com",
      "events": [
        {
          "id": 525402414304551,
          "type": "PAGE_VIEW",
          "timestamp": 1678803600
        },
        {
          "id": 525402414304551,
          "type": "CUSTOM",
          "timestamp": 1678579920
        }
      ]
    },
    
   
    
   
    
    
   
    
   
    {
      "name": "lieferando.de",
      "events": [
        {
          "id": 673040592830731,
          "type": "PAGE_VIEW",
          "timestamp": 1678363500
        }
      ]
    },
    {
      "name": "Adobe Scan: PDF Scanner, OCR",
      "events": [
        {
          "id": 1440077259383608,
          "type": "ACTIVATE_APP",
          "timestamp": 1678122900
        },
        {
          "id": 1440077259383608,
          "type": "ACTIVATE_APP",
          "timestamp": 1674150420
        },
        {
          "id": 1440077259383608,
          "type": "ACTIVATE_APP",
          "timestamp": 1670335620
        },
        {
          "id": 1440077259383608,
          "type": "CUSTOM",
          "timestamp": 1669042020
        },
        {
          "id": 1440077259383608,
          "type": "ACTIVATE_APP",
          "timestamp": 1669041840
        },
        {
          "id": 1440077259383608,
          "type": "CUSTOM",
          "timestamp": 1667492880
        },
        {
          "id": 1440077259383608,
          "type": "CUSTOM",
          "timestamp": 1667061600
        },
        {
          "id": 1440077259383608,
          "type": "CUSTOM",
          "timestamp": 1666941780
        },
        {
          "id": 1440077259383608,
          "type": "ACTIVATE_APP",
          "timestamp": 1664743560
        },
        {
          "id": 1440077259383608,
          "type": "CUSTOM",
          "timestamp": 1663797180
        },
        {
          "id": 1440077259383608,
          "type": "ACTIVATE_APP",
          "timestamp": 1644373020
        },
        {
          "id": 1440077259383608,
          "type": "ACTIVATE_APP",
          "timestamp": 1642638900
        },
        {
          "id": 1440077259383608,
          "type": "ACTIVATE_APP",
          "timestamp": 1639471200
        },
        {
          "id": 1440077259383608,
          "type": "ACTIVATE_APP",
          "timestamp": 1639096080
        },
        {
          "id": 1440077259383608,
          "type": "ACTIVATE_APP",
          "timestamp": 1639074540
        },
        {
          "id": 1440077259383608,
          "type": "ACTIVATE_APP",
          "timestamp": 1638435000
        },
        {
          "id": 1440077259383608,
          "type": "ACTIVATE_APP",
          "timestamp": 1636068720
        },
        {
          "id": 1440077259383608,
          "type": "ACTIVATE_APP",
          "timestamp": 1635985440
        },
        {
          "id": 1440077259383608,
          "type": "ACTIVATE_APP",
          "timestamp": 1635968400
        },
        {
          "id": 1440077259383608,
          "type": "ACTIVATE_APP",
          "timestamp": 1635698340
        }
      ]
    },
   
    {
      "name": "Airbnb",
      "events": [
        {
          "id": 138566025676,
          "type": "ACTIVATE_APP",
          "timestamp": 1677664380
        },
        {
          "id": 138566025676,
          "type": "CUSTOM",
          "timestamp": 1677014340
        },
        {
          "id": 138566025676,
          "type": "CUSTOM",
          "timestamp": 1677013680
        },
        {
          "id": 138566025676,
          "type": "PURCHASE",
          "timestamp": 1673047080
        },
        {
          "id": 138566025676,
          "type": "ACTIVATE_APP",
          "timestamp": 1673046780
        }
      ]
    },
    {
      "name": "Discord: Talk, Chat & Hang Out",
      "events": [
        {
          "id": 515083072013600,
          "type": "ACTIVATE_APP",
          "timestamp": 1676890140
        },
        {
          "id": 515083072013600,
          "type": "ACTIVATE_APP",
          "timestamp": 1675435860
        },
        {
          "id": 515083072013600,
          "type": "ACTIVATE_APP",
          "timestamp": 1674642300
        },
        {
          "id": 515083072013600,
          "type": "ACTIVATE_APP",
          "timestamp": 1674583560
        },
        {
          "id": 515083072013600,
          "type": "ACTIVATE_APP",
          "timestamp": 1672055220
        },
        {
          "id": 515083072013600,
          "type": "ACTIVATE_APP",
          "timestamp": 1671103560
        },
        {
          "id": 515083072013600,
          "type": "ACTIVATE_APP",
          "timestamp": 1669141920
        },
        {
          "id": 515083072013600,
          "type": "ACTIVATE_APP",
          "timestamp": 1669049100
        },
        {
          "id": 515083072013600,
          "type": "ACTIVATE_APP",
          "timestamp": 1668644760
        },
        {
          "id": 515083072013600,
          "type": "ACTIVATE_APP",
          "timestamp": 1668538260
        },
        {
          "id": 515083072013600,
          "type": "ACTIVATE_APP",
          "timestamp": 1668468540
        },
        {
          "id": 515083072013600,
          "type": "ACTIVATE_APP",
          "timestamp": 1668438540
        },
        {
          "id": 515083072013600,
          "type": "ACTIVATE_APP",
          "timestamp": 1668189000
        },
        {
          "id": 515083072013600,
          "type": "ACTIVATE_APP",
          "timestamp": 1668162660
        },
        {
          "id": 515083072013600,
          "type": "ACTIVATE_APP",
          "timestamp": 1667243400
        },
        {
          "id": 515083072013600,
          "type": "ACTIVATE_APP",
          "timestamp": 1666958820
        },
        {
          "id": 515083072013600,
          "type": "ACTIVATE_APP",
          "timestamp": 1666182600
        }
      ]
    },
   
    
    {
      "name": "Indeed",
      "events": [
        {
          "id": 989169488182204,
          "type": "CUSTOM",
          "timestamp": 1676051640
        },
        {
          "id": 989169488182204,
          "type": "CUSTOM",
          "timestamp": 1675965780
        },
        {
          "id": 989169488182204,
          "type": "CUSTOM",
          "timestamp": 1675361340
        },
        {
          "id": 989169488182204,
          "type": "CUSTOM",
          "timestamp": 1674317520
        },
        {
          "id": 989169488182204,
          "type": "CUSTOM",
          "timestamp": 1672086600
        },
        {
          "id": 989169488182204,
          "type": "CUSTOM",
          "timestamp": 1671996780
        },
        {
          "id": 989169488182204,
          "type": "CUSTOM",
          "timestamp": 1671662040
        },
        {
          "id": 989169488182204,
          "type": "CUSTOM",
          "timestamp": 1668149580
        },
        {
          "id": 989169488182204,
          "type": "CUSTOM",
          "timestamp": 1666920180
        },
        {
          "id": 989169488182204,
          "type": "CUSTOM",
          "timestamp": 1666792800
        },
        {
          "id": 989169488182204,
          "type": "CUSTOM",
          "timestamp": 1666267980
        },
        {
          "id": 989169488182204,
          "type": "CUSTOM",
          "timestamp": 1666228500
        },
        {
          "id": 989169488182204,
          "type": "CUSTOM",
          "timestamp": 1666217220
        },
        {
          "id": 989169488182204,
          "type": "CUSTOM",
          "timestamp": 1666030980
        },
        {
          "id": 989169488182204,
          "type": "CUSTOM",
          "timestamp": 1666023180
        },
        {
          "id": 989169488182204,
          "type": "CUSTOM",
          "timestamp": 1665284880
        },
        {
          "id": 989169488182204,
          "type": "CUSTOM",
          "timestamp": 1665054600
        },
        {
          "id": 989169488182204,
          "type": "CUSTOM",
          "timestamp": 1664747040
        },
        {
          "id": 989169488182204,
          "type": "CUSTOM",
          "timestamp": 1664674800
        },
        {
          "id": 989169488182204,
          "type": "CUSTOM",
          "timestamp": 1664584860
        },
        {
          "id": 989169488182204,
          "type": "CUSTOM",
          "timestamp": 1664557080
        },
        {
          "id": 989169488182204,
          "type": "CUSTOM",
          "timestamp": 1664500440
        },
        {
          "id": 989169488182204,
          "type": "CUSTOM",
          "timestamp": 1664332080
        },
        {
          "id": 989169488182204,
          "type": "CUSTOM",
          "timestamp": 1664324340
        },
        {
          "id": 989169488182204,
          "type": "CUSTOM",
          "timestamp": 1664261040
        },
        {
          "id": 989169488182204,
          "type": "CUSTOM",
          "timestamp": 1663966260
        },
        {
          "id": 989169488182204,
          "type": "CUSTOM",
          "timestamp": 1650977460
        },
        {
          "id": 989169488182204,
          "type": "CUSTOM",
          "timestamp": 1650917100
        },
        {
          "id": 989169488182204,
          "type": "CUSTOM",
          "timestamp": 1650642060
        },
        {
          "id": 989169488182204,
          "type": "CUSTOM",
          "timestamp": 1650530160
        },
        {
          "id": 989169488182204,
          "type": "CUSTOM",
          "timestamp": 1650310500
        },
        {
          "id": 989169488182204,
          "type": "CUSTOM",
          "timestamp": 1649178240
        },
        {
          "id": 989169488182204,
          "type": "CUSTOM",
          "timestamp": 1649102520
        },
        {
          "id": 989169488182204,
          "type": "CUSTOM",
          "timestamp": 1649036520
        },
        {
          "id": 989169488182204,
          "type": "CUSTOM",
          "timestamp": 1649000460
        },
        {
          "id": 989169488182204,
          "type": "CUSTOM",
          "timestamp": 1645480440
        },
        {
          "id": 989169488182204,
          "type": "CUSTOM",
          "timestamp": 1645474680
        },
        {
          "id": 989169488182204,
          "type": "CUSTOM",
          "timestamp": 1645468920
        },
        {
          "id": 989169488182204,
          "type": "CUSTOM",
          "timestamp": 1645415880
        },
        {
          "id": 989169488182204,
          "type": "CUSTOM",
          "timestamp": 1642705200
        },
        {
          "id": 989169488182204,
          "type": "CUSTOM",
          "timestamp": 1642196160
        },
        {
          "id": 989169488182204,
          "type": "CUSTOM",
          "timestamp": 1642185960
        },
        {
          "id": 989169488182204,
          "type": "CUSTOM",
          "timestamp": 1642014960
        },
        {
          "id": 989169488182204,
          "type": "CUSTOM",
          "timestamp": 1641751320
        },
        {
          "id": 989169488182204,
          "type": "CUSTOM",
          "timestamp": 1641668520
        },
        {
          "id": 989169488182204,
          "type": "CUSTOM",
          "timestamp": 1641587640
        },
        {
          "id": 989169488182204,
          "type": "CUSTOM",
          "timestamp": 1641585660
        },
        {
          "id": 989169488182204,
          "type": "CUSTOM",
          "timestamp": 1641584160
        },
        {
          "id": 989169488182204,
          "type": "CUSTOM",
          "timestamp": 1641506700
        },
        {
          "id": 989169488182204,
          "type": "CUSTOM",
          "timestamp": 1641410160
        },
        {
          "id": 989169488182204,
          "type": "CUSTOM",
          "timestamp": 1641311400
        },
        {
          "id": 989169488182204,
          "type": "CUSTOM",
          "timestamp": 1641225060
        },
        {
          "id": 989169488182204,
          "type": "CUSTOM",
          "timestamp": 1641065040
        },
        {
          "id": 989169488182204,
          "type": "CUSTOM",
          "timestamp": 1640999280
        },
        {
          "id": 989169488182204,
          "type": "CUSTOM",
          "timestamp": 1640961840
        },
        {
          "id": 989169488182204,
          "type": "CUSTOM",
          "timestamp": 1640881320
        },
        {
          "id": 989169488182204,
          "type": "CUSTOM",
          "timestamp": 1640713320
        },
        {
          "id": 989169488182204,
          "type": "CUSTOM",
          "timestamp": 1640619900
        },
        {
          "id": 989169488182204,
          "type": "CUSTOM",
          "timestamp": 1640544480
        },
        {
          "id": 989169488182204,
          "type": "CUSTOM",
          "timestamp": 1640544120
        },
        {
          "id": 989169488182204,
          "type": "CUSTOM",
          "timestamp": 1640283960
        },
        {
          "id": 989169488182204,
          "type": "CUSTOM",
          "timestamp": 1640279820
        },
        {
          "id": 989169488182204,
          "type": "CUSTOM",
          "timestamp": 1640278860
        },
        {
          "id": 989169488182204,
          "type": "CUSTOM",
          "timestamp": 1640277900
        },
        {
          "id": 989169488182204,
          "type": "CUSTOM",
          "timestamp": 1640191800
        },
        {
          "id": 989169488182204,
          "type": "CUSTOM",
          "timestamp": 1640191260
        },
        {
          "id": 989169488182204,
          "type": "CUSTOM",
          "timestamp": 1640104560
        },
        {
          "id": 989169488182204,
          "type": "CUSTOM",
          "timestamp": 1640028840
        },
        {
          "id": 989169488182204,
          "type": "CUSTOM",
          "timestamp": 1640015700
        },
        {
          "id": 989169488182204,
          "type": "CUSTOM",
          "timestamp": 1639941780
        },
        {
          "id": 989169488182204,
          "type": "CUSTOM",
          "timestamp": 1639929180
        },
        {
          "id": 989169488182204,
          "type": "CUSTOM",
          "timestamp": 1639860540
        },
        {
          "id": 989169488182204,
          "type": "CUSTOM",
          "timestamp": 1639859940
        },
        {
          "id": 989169488182204,
          "type": "CUSTOM",
          "timestamp": 1639759260
        },
        {
          "id": 989169488182204,
          "type": "CUSTOM",
          "timestamp": 1639758540
        },
        {
          "id": 989169488182204,
          "type": "CUSTOM",
          "timestamp": 1639672800
        },
        {
          "id": 989169488182204,
          "type": "CUSTOM",
          "timestamp": 1639672140
        },
        {
          "id": 989169488182204,
          "type": "CUSTOM",
          "timestamp": 1639601340
        },
        {
          "id": 989169488182204,
          "type": "CUSTOM",
          "timestamp": 1639599780
        },
        {
          "id": 989169488182204,
          "type": "CUSTOM",
          "timestamp": 1639598160
        },
        {
          "id": 989169488182204,
          "type": "CUSTOM",
          "timestamp": 1639597440
        },
        {
          "id": 989169488182204,
          "type": "CUSTOM",
          "timestamp": 1639595520
        },
        {
          "id": 989169488182204,
          "type": "CUSTOM",
          "timestamp": 1639584540
        },
        {
          "id": 989169488182204,
          "type": "CUSTOM",
          "timestamp": 1639530420
        },
        {
          "id": 989169488182204,
          "type": "CUSTOM",
          "timestamp": 1639523460
        },
        {
          "id": 989169488182204,
          "type": "CUSTOM",
          "timestamp": 1638819000
        },
        {
          "id": 989169488182204,
          "type": "CUSTOM",
          "timestamp": 1637614320
        },
        {
          "id": 989169488182204,
          "type": "CUSTOM",
          "timestamp": 1637608800
        },
        {
          "id": 989169488182204,
          "type": "CUSTOM",
          "timestamp": 1637170860
        },
        {
          "id": 989169488182204,
          "type": "CUSTOM",
          "timestamp": 1637085240
        },
        {
          "id": 989169488182204,
          "type": "CUSTOM",
          "timestamp": 1637076960
        },
        {
          "id": 989169488182204,
          "type": "CUSTOM",
          "timestamp": 1637006340
        },
        {
          "id": 989169488182204,
          "type": "CUSTOM",
          "timestamp": 1636999500
        },
        {
          "id": 989169488182204,
          "type": "CUSTOM",
          "timestamp": 1636834860
        },
        {
          "id": 989169488182204,
          "type": "CUSTOM",
          "timestamp": 1636746480
        },
        {
          "id": 989169488182204,
          "type": "CUSTOM",
          "timestamp": 1636732800
        },
        {
          "id": 989169488182204,
          "type": "CUSTOM",
          "timestamp": 1636651380
        },
        {
          "id": 989169488182204,
          "type": "CUSTOM",
          "timestamp": 1636482780
        },
        {
          "id": 989169488182204,
          "type": "CUSTOM",
          "timestamp": 1636207440
        },
        {
          "id": 989169488182204,
          "type": "CUSTOM",
          "timestamp": 1635882480
        },
        {
          "id": 989169488182204,
          "type": "CUSTOM",
          "timestamp": 1635468420
        },
        {
          "id": 989169488182204,
          "type": "CUSTOM",
          "timestamp": 1626117900
        },
        {
          "id": 989169488182204,
          "type": "CUSTOM",
          "timestamp": 1626094020
        },
        {
          "id": 989169488182204,
          "type": "CUSTOM",
          "timestamp": 1622456640
        },
        {
          "id": 989169488182204,
          "type": "CUSTOM",
          "timestamp": 1618911720
        },
        {
          "id": 989169488182204,
          "type": "CUSTOM",
          "timestamp": 1617614520
        },
        {
          "id": 989169488182204,
          "type": "CUSTOM",
          "timestamp": 1617182940
        }
      ]
    },
    
    
    
   
    {
      "name": "TIER Electric scooters",
      "events": [
        {
          "id": 391391195044943,
          "type": "ACTIVATE_APP",
          "timestamp": 1671716340
        },
        {
          "id": 391391195044943,
          "type": "ACTIVATE_APP",
          "timestamp": 1669053360
        },
        {
          "id": 391391195044943,
          "type": "CUSTOM",
          "timestamp": 1669022340
        }
      ]
    },
    {
      "name": "unpasted.com",
      "events": [
        {
          "id": 183526023806968,
          "type": "PAGE_VIEW",
          "timestamp": 1671393180
        },
        {
          "id": 596680628566523,
          "type": "PAGE_VIEW",
          "timestamp": 1671393180
        }
      ]
    },
    {
      "name": "Ubisoft Global Publishing",
      "events": [
        {
          "id": 535483616592323,
          "type": "VIEW_CONTENT",
          "timestamp": 1671320700
        }
      ]
    },
    {
      "name": "npr.org",
      "events": [
        {
          "id": 448121793258601,
          "type": "PAGE_VIEW",
          "timestamp": 1671313800
        },
        {
          "id": 1621557368158968,
          "type": "PAGE_VIEW",
          "timestamp": 1671313800
        }
      ]
    },
    {
      "name": "mobile.de",
      "events": [
        {
          "id": 366576093513123,
          "type": "PAGE_VIEW",
          "timestamp": 1671274800
        },
        {
          "id": 366576093513123,
          "type": "PAGE_VIEW",
          "timestamp": 1667948280
        },
        {
          "id": 366576093513123,
          "type": "PAGE_VIEW",
          "timestamp": 1667938260
        }
      ]
    },
   

    {
      "name": "reuters.com",
      "events": [
        {
          "id": 231683795448623,
          "type": "PAGE_VIEW",
          "timestamp": 1670717700
        },
        {
          "id": 231683795448623,
          "type": "PAGE_VIEW",
          "timestamp": 1668203700
        },
        {
          "id": 231683795448623,
          "type": "PAGE_VIEW",
          "timestamp": 1664403300
        },
        {
          "id": 1853083501571805,
          "type": "PAGE_VIEW",
          "timestamp": 1664403300
        }
      ]
    },
   
   
   
    
    
    
    {
      "name": "theverge.com",
      "events": [
        {
          "id": 594981607301768,
          "type": "CUSTOM",
          "timestamp": 1670467860
        },
        {
          "id": 594981607301768,
          "type": "CUSTOM",
          "timestamp": 1668780300
        },
        {
          "id": 594981607301768,
          "type": "CUSTOM",
          "timestamp": 1668734760
        },
        {
          "id": 594981607301768,
          "type": "CUSTOM",
          "timestamp": 1668464760
        },
        {
          "id": 594981607301768,
          "type": "CUSTOM",
          "timestamp": 1668196320
        },
        {
          "id": 594981607301768,
          "type": "CUSTOM",
          "timestamp": 1667032020
        }
      ]
    },
    {
      "name": "Dell Technologies",
      "events": [
        {
          "id": 916846892022103,
          "type": "PAGE_VIEW",
          "timestamp": 1669981320
        },
        {
          "id": 916846892022103,
          "type": "PAGE_VIEW",
          "timestamp": 1669678860
        },
        {
          "id": 916846892022103,
          "type": "PAGE_VIEW",
          "timestamp": 1669329780
        },
        {
          "id": 916846892022103,
          "type": "PAGE_VIEW",
          "timestamp": 1669279020
        },
        {
          "id": 916846892022103,
          "type": "PAGE_VIEW",
          "timestamp": 1669274640
        },
        {
          "id": 916846892022103,
          "type": "PAGE_VIEW",
          "timestamp": 1669241280
        },
        {
          "id": 916846892022103,
          "type": "PAGE_VIEW",
          "timestamp": 1669157280
        },
        {
          "id": 916846892022103,
          "type": "PAGE_VIEW",
          "timestamp": 1669157040
        },
        {
          "id": 916846892022103,
          "type": "PAGE_VIEW",
          "timestamp": 1669110600
        },
        {
          "id": 1450373365012360,
          "type": "PAGE_VIEW",
          "timestamp": 1668698460
        },
        {
          "id": 916846892022103,
          "type": "PAGE_VIEW",
          "timestamp": 1668512220
        },
        {
          "id": 916846892022103,
          "type": "PAGE_VIEW",
          "timestamp": 1668339660
        },
        {
          "id": 916846892022103,
          "type": "PAGE_VIEW",
          "timestamp": 1668300240
        },
        {
          "id": 916846892022103,
          "type": "PAGE_VIEW",
          "timestamp": 1668204600
        },
        {
          "id": 916846892022103,
          "type": "PAGE_VIEW",
          "timestamp": 1668201240
        },
        {
          "id": 916846892022103,
          "type": "PAGE_VIEW",
          "timestamp": 1668197580
        }
      ]
    },
    {
      "name": "fastcompany.com",
      "events": [
        {
          "id": 1389601884702365,
          "type": "PAGE_VIEW",
          "timestamp": 1669972080
        },
        {
          "id": 908965139191815,
          "type": "PAGE_VIEW",
          "timestamp": 1666883880
        },
        {
          "id": 1132775723789114,
          "type": "CUSTOM",
          "timestamp": 1666883880
        },
        {
          "id": 1389601884702365,
          "type": "PAGE_VIEW",
          "timestamp": 1666883880
        },
        {
          "id": 1389601884702365,
          "type": "PAGE_VIEW",
          "timestamp": 1665831120
        }
      ]
    },
    {
      "name": "o2online.de",
      "events": [
        {
          "id": 214516549126555,
          "type": "PAGE_VIEW",
          "timestamp": 1669971840
        },
        {
          "id": 214516549126555,
          "type": "PAGE_VIEW",
          "timestamp": 1635947280
        },
        {
          "id": 214516549126555,
          "type": "PAGE_VIEW",
          "timestamp": 1635946860
        },
        {
          "id": 214516549126555,
          "type": "PAGE_VIEW",
          "timestamp": 1635946020
        },
        {
          "id": 214516549126555,
          "type": "PAGE_VIEW",
          "timestamp": 1634737260
        },
        {
          "id": 214516549126555,
          "type": "PAGE_VIEW",
          "timestamp": 1634654040
        },
        {
          "id": 214516549126555,
          "type": "PAGE_VIEW",
          "timestamp": 1634653740
        },
        {
          "id": 214516549126555,
          "type": "PAGE_VIEW",
          "timestamp": 1631892300
        },
        {
          "id": 214516549126555,
          "type": "PAGE_VIEW",
          "timestamp": 1628525580
        },
        {
          "id": 214516549126555,
          "type": "PAGE_VIEW",
          "timestamp": 1621180920
        }
      ]
    },
    {
      "name": "mashable.com",
      "events": [
        {
          "id": 1453039084979896,
          "type": "PAGE_VIEW",
          "timestamp": 1669965120
        },
        {
          "id": 1453039084979896,
          "type": "PAGE_VIEW",
          "timestamp": 1668423780
        },
        {
          "id": 1453039084979896,
          "type": "PAGE_VIEW",
          "timestamp": 1667945640
        }
      ]
    },
    {
      "name": "1und1.de",
      "events": [
        {
          "id": 761881790987320,
          "type": "PAGE_VIEW",
          "timestamp": 1669950720
        },
        {
          "id": 653358622964807,
          "type": "VIEW_CONTENT",
          "timestamp": 1669950420
        }
      ]
    },
    {
      "name": "IONOS",
      "events": [
        {
          "id": 321031991760932,
          "type": "PAGE_VIEW",
          "timestamp": 1669950660
        }
      ]
    },
    {
      "name": "telekom.de",
      "events": [
        {
          "id": 254127818673288,
          "type": "PAGE_VIEW",
          "timestamp": 1669950240
        },
        {
          "id": 1703416313287473,
          "type": "PAGE_VIEW",
          "timestamp": 1669950120
        }
      ]
    },
    {
      "name": "freenet-internet.de",
      "events": [
        {
          "id": 1101431833976999,
          "type": "PAGE_VIEW",
          "timestamp": 1669950120
        },
        {
          "id": 1101431833976999,
          "type": "PAGE_VIEW",
          "timestamp": 1669949640
        }
      ]
    },
    {
      "name": "inc.com",
      "events": [
        {
          "id": 1132775723789114,
          "type": "CUSTOM",
          "timestamp": 1669945320
        },
        {
          "id": 1132775723789114,
          "type": "CUSTOM",
          "timestamp": 1669191960
        },
        {
          "id": 1132775723789114,
          "type": "CUSTOM",
          "timestamp": 1669162080
        },
        {
          "id": 465833680293850,
          "type": "PAGE_VIEW",
          "timestamp": 1667058720
        },
        {
          "id": 908965139191815,
          "type": "PAGE_VIEW",
          "timestamp": 1667058720
        },
        {
          "id": 1132775723789114,
          "type": "CUSTOM",
          "timestamp": 1666263120
        },
        {
          "id": 908965139191815,
          "type": "PAGE_VIEW",
          "timestamp": 1666262700
        },
        {
          "id": 1132775723789114,
          "type": "CUSTOM",
          "timestamp": 1665687120
        },
        {
          "id": 908965139191815,
          "type": "PAGE_VIEW",
          "timestamp": 1665687000
        }
      ]
    },
    {
      "name": "Media Markt Deutschland",
      "events": [
        {
          "id": 2306699299356356,
          "type": "PAGE_VIEW",
          "timestamp": 1669944060
        },
        {
          "id": 2306699299356356,
          "type": "PAGE_VIEW",
          "timestamp": 1669678620
        },
        {
          "id": 2306699299356356,
          "type": "PAGE_VIEW",
          "timestamp": 1669154160
        },
        {
          "id": 2306699299356356,
          "type": "PAGE_VIEW",
          "timestamp": 1636836780
        },
        {
          "id": 2306699299356356,
          "type": "PAGE_VIEW",
          "timestamp": 1636741440
        },
        {
          "id": 2306699299356356,
          "type": "PAGE_VIEW",
          "timestamp": 1635844440
        },
        {
          "id": 2306699299356356,
          "type": "PAGE_VIEW",
          "timestamp": 1633098900
        }
      ]
    },
    {
      "name": "saturn.de",
      "events": [
        {
          "id": 739629857304264,
          "type": "VIEW_CONTENT",
          "timestamp": 1669944060
        },
        {
          "id": 129725044515559,
          "type": "PAGE_VIEW",
          "timestamp": 1635844440
        },
        {
          "id": 129725044515559,
          "type": "PAGE_VIEW",
          "timestamp": 1633098900
        }
      ]
    },
   
   
    {
      "name": "bloomberg.com",
      "events": [
        {
          "id": 227995338998622,
          "type": "VIEW_CONTENT",
          "timestamp": 1669767600
        },
        {
          "id": 227995338998622,
          "type": "VIEW_CONTENT",
          "timestamp": 1666867680
        }
      ]
    },
    {
      "name": "o2business.de",
      "events": [
        {
          "id": 644684932963853,
          "type": "PAGE_VIEW",
          "timestamp": 1669683600
        }
      ]
    },
    {
      "name": "techcrunch.com",
      "events": [
        {
          "id": 1447508128842484,
          "type": "PAGE_VIEW",
          "timestamp": 1669682700
        },
        {
          "id": 1447508128842484,
          "type": "PAGE_VIEW",
          "timestamp": 1668649860
        },
        {
          "id": 1447508128842484,
          "type": "PAGE_VIEW",
          "timestamp": 1668640920
        },
        {
          "id": 1447508128842484,
          "type": "PAGE_VIEW",
          "timestamp": 1667662680
        },
        {
          "id": 1447508128842484,
          "type": "PAGE_VIEW",
          "timestamp": 1666862580
        }
      ]
    },
    {
      "name": "dell.com",
      "events": [
        {
          "id": 641890776746393,
          "type": "ADD_TO_CART",
          "timestamp": 1669678860
        },
        {
          "id": 641890776746393,
          "type": "ADD_TO_CART",
          "timestamp": 1669329780
        },
        {
          "id": 641890776746393,
          "type": "PAGE_VIEW",
          "timestamp": 1669274640
        },
        {
          "id": 641890776746393,
          "type": "ADD_TO_CART",
          "timestamp": 1669241160
        },
        {
          "id": 641890776746393,
          "type": "CUSTOM",
          "timestamp": 1669156560
        },
        {
          "id": 641890776746393,
          "type": "CUSTOM",
          "timestamp": 1669110600
        },
        {
          "id": 641890776746393,
          "type": "CUSTOM",
          "timestamp": 1668698460
        },
        {
          "id": 641890776746393,
          "type": "CUSTOM",
          "timestamp": 1668512280
        },
        {
          "id": 641890776746393,
          "type": "CUSTOM",
          "timestamp": 1668339660
        },
        {
          "id": 641890776746393,
          "type": "CUSTOM",
          "timestamp": 1668300240
        },
        {
          "id": 641890776746393,
          "type": "CUSTOM",
          "timestamp": 1668204600
        },
        {
          "id": 641890776746393,
          "type": "PAGE_VIEW",
          "timestamp": 1668201240
        },
        {
          "id": 641890776746393,
          "type": "CUSTOM",
          "timestamp": 1668197580
        }
      ]
    },
    {
      "name": "mediamarkt.de",
      "events": [
        {
          "id": 1193405561390571,
          "type": "PAGE_VIEW",
          "timestamp": 1669678620
        },
        {
          "id": 1405219486448690,
          "type": "PAGE_VIEW",
          "timestamp": 1669678620
        },
        {
          "id": 1193405561390571,
          "type": "VIEW_CONTENT",
          "timestamp": 1669154160
        },
        {
          "id": 1405219486448690,
          "type": "PAGE_VIEW",
          "timestamp": 1669154160
        },
        {
          "id": 1405219486448690,
          "type": "PAGE_VIEW",
          "timestamp": 1636836780
        },
        {
          "id": 1405219486448690,
          "type": "PAGE_VIEW",
          "timestamp": 1636741440
        }
      ]
    },
    {
      "name": "bloomberght.com",
      "events": [
        {
          "id": 403404103380078,
          "type": "PAGE_VIEW",
          "timestamp": 1669634460
        },
        {
          "id": 403404103380078,
          "type": "PAGE_VIEW",
          "timestamp": 1632417000
        }
      ]
    },
    {
      "name": "tomshardware.com",
      "events": [
        {
          "id": 230404523817416,
          "type": "PAGE_VIEW",
          "timestamp": 1669619160
        },
        {
          "id": 648384263064221,
          "type": "CUSTOM",
          "timestamp": 1669619160
        }
      ]
    },
    {
      "name": "macworld.com",
      "events": [
        {
          "id": 528995260596026,
          "type": "VIEW_CONTENT",
          "timestamp": 1669594860
        },
        {
          "id": 783301121827721,
          "type": "PAGE_VIEW",
          "timestamp": 1669594860
        },
        {
          "id": 528995260596026,
          "type": "VIEW_CONTENT",
          "timestamp": 1669192140
        },
        {
          "id": 783301121827721,
          "type": "PAGE_VIEW",
          "timestamp": 1669192140
        },
        {
          "id": 528995260596026,
          "type": "CUSTOM",
          "timestamp": 1668529020
        },
        {
          "id": 783301121827721,
          "type": "PAGE_VIEW",
          "timestamp": 1668529020
        }
      ]
    },
    {
      "name": "gall.nl",
      "events": [
        {
          "id": 155413515905585,
          "type": "VIEW_CONTENT",
          "timestamp": 1669581360
        }
      ]
    },
    {
      "name": "ntv.com.tr",
      "events": [
        {
          "id": 309647519525108,
          "type": "VIEW_CONTENT",
          "timestamp": 1669555320
        },
        {
          "id": 309647519525108,
          "type": "VIEW_CONTENT",
          "timestamp": 1669384860
        },
        {
          "id": 309647519525108,
          "type": "VIEW_CONTENT",
          "timestamp": 1665679920
        }
      ]
    },
   
    {
      "name": "gamespot.com",
      "events": [
        {
          "id": 789754228632403,
          "type": "CUSTOM",
          "timestamp": 1669324380
        },
        {
          "id": 2525465831079441,
          "type": "CUSTOM",
          "timestamp": 1669324380
        }
      ]
    },
   
    
    {
      "name": "statista.com",
      "events": [
        {
          "id": 102463640336567,
          "type": "PAGE_VIEW",
          "timestamp": 1669241100
        }
      ]
    },
    {
      "name": "vox.com",
      "events": [
        {
          "id": 594981607301768,
          "type": "CUSTOM",
          "timestamp": 1669240080
        }
      ]
    },
  
    {
      "name": "cambly.com",
      "events": [
        {
          "id": 1701085180117862,
          "type": "PAGE_VIEW",
          "timestamp": 1669100880
        },
        {
          "id": 1701085180117862,
          "type": "PAGE_VIEW",
          "timestamp": 1669097460
        },
        {
          "id": 1701085180117862,
          "type": "PAGE_VIEW",
          "timestamp": 1669065840
        }
      ]
    },
    {
      "name": "phonearena.com",
      "events": [
        {
          "id": 950812218873147,
          "type": "PAGE_VIEW",
          "timestamp": 1669100820
        }
      ]
    },
  
   
    {
      "name": "pcmag.com",
      "events": [
        {
          "id": 322220058389212,
          "type": "PAGE_VIEW",
          "timestamp": 1669047540
        }
      ]
    },
    {
      "name": "livescience.com",
      "events": [
        {
          "id": 501669958143068,
          "type": "PAGE_VIEW",
          "timestamp": 1669045560
        },
        {
          "id": 501669958143068,
          "type": "PAGE_VIEW",
          "timestamp": 1667749800
        },
        {
          "id": 501669958143068,
          "type": "PAGE_VIEW",
          "timestamp": 1667068920
        },
        {
          "id": 501669958143068,
          "type": "PAGE_VIEW",
          "timestamp": 1666996920
        }
      ]
    },
    {
      "name": "laptopmag.com",
      "events": [
        {
          "id": 637706047219296,
          "type": "PAGE_VIEW",
          "timestamp": 1668943080
        },
        {
          "id": 774971125895641,
          "type": "PAGE_VIEW",
          "timestamp": 1668943080
        },
        {
          "id": 637706047219296,
          "type": "PAGE_VIEW",
          "timestamp": 1668702660
        },
        {
          "id": 774971125895641,
          "type": "PAGE_VIEW",
          "timestamp": 1668702660
        },
        {
          "id": 637706047219296,
          "type": "PAGE_VIEW",
          "timestamp": 1668698400
        },
        {
          "id": 774971125895641,
          "type": "PAGE_VIEW",
          "timestamp": 1668698400
        }
      ]
    },
    {
      "name": "cyberport.de",
      "events": [
        {
          "id": 795223827230048,
          "type": "PAGE_VIEW",
          "timestamp": 1668771360
        }
      ]
    },
   
    {
      "name": "notebooksbilliger.de",
      "events": [
        {
          "id": 473696989462792,
          "type": "PAGE_VIEW",
          "timestamp": 1668698520
        },
        {
          "id": 473696989462792,
          "type": "VIEW_CONTENT",
          "timestamp": 1668529140
        },
        {
          "id": 473696989462792,
          "type": "PAGE_VIEW",
          "timestamp": 1668512220
        }
      ]
    },
 
    {
      "name": "techradar.com",
      "events": [
        {
          "id": 230404523817416,
          "type": "CUSTOM",
          "timestamp": 1668650100
        },
        {
          "id": 467626961561883,
          "type": "PAGE_VIEW",
          "timestamp": 1668650040
        },
        {
          "id": 230404523817416,
          "type": "CUSTOM",
          "timestamp": 1665606240
        },
        {
          "id": 467626961561883,
          "type": "PAGE_VIEW",
          "timestamp": 1665606240
        },
        {
          "id": 230404523817416,
          "type": "CUSTOM",
          "timestamp": 1665442500
        },
        {
          "id": 467626961561883,
          "type": "PAGE_VIEW",
          "timestamp": 1665442500
        }
      ]
    },
    {
      "name": "rtl.de",
      "events": [
        {
          "id": 224880358126392,
          "type": "PAGE_VIEW",
          "timestamp": 1668524940
        }
      ]
    },
  
    
    {
      "name": "Lime - #RideGreen",
      "events": [
        {
          "id": 238751929865955,
          "type": "CUSTOM",
          "timestamp": 1668464820
        }
      ]
    },
    {
      "name": "rug.nl",
      "events": [
        {
          "id": 854693245353462,
          "type": "PAGE_VIEW",
          "timestamp": 1668339960
        },
        {
          "id": 854693245353462,
          "type": "PAGE_VIEW",
          "timestamp": 1668337500
        }
      ]
    },
    {
      "name": "writeandimprove.com",
      "events": [
        {
          "id": 1894732264084242,
          "type": "PAGE_VIEW",
          "timestamp": 1668314760
        },
        {
          "id": 511637499182506,
          "type": "CUSTOM",
          "timestamp": 1668314700
        },
        {
          "id": 1187459018127294,
          "type": "CUSTOM",
          "timestamp": 1668314700
        }
      ]
    },
    {
      "name": "yimg.com",
      "events": [
        {
          "id": 230747034440849,
          "type": "CUSTOM",
          "timestamp": 1668203940
        },
        {
          "id": 230747034440849,
          "type": "CUSTOM",
          "timestamp": 1666992840
        }
      ]
    },
    {
      "name": "stellenanzeigen.de",
      "events": [
        {
          "id": 265230903646571,
          "type": "PAGE_VIEW",
          "timestamp": 1668070200
        }
      ]
    },
    {
      "name": "howtogeek.com",
      "events": [
        {
          "id": 335401813750447,
          "type": "CUSTOM",
          "timestamp": 1668034140
        }
      ]
    },
    {
      "name": "entrepreneur.com",
      "events": [
        {
          "id": 1098588566942656,
          "type": "CUSTOM",
          "timestamp": 1668028500
        }
      ]
    },
    {
      "name": "pandaily.com",
      "events": [
        {
          "id": 238759456969332,
          "type": "PAGE_VIEW",
          "timestamp": 1668026460
        }
      ]
    },
    {
      "name": "creativebloq.com",
      "events": [
        {
          "id": 230404523817416,
          "type": "CUSTOM",
          "timestamp": 1667950200
        },
        {
          "id": 2015940038581428,
          "type": "CUSTOM",
          "timestamp": 1667950200
        }
      ]
    },

   
    
    {
      "name": "autobild.de",
      "events": [
        {
          "id": 1374345382844146,
          "type": "PAGE_VIEW",
          "timestamp": 1667084940
        }
      ]
    },
    {
      "name": "kaufland.de",
      "events": [
        {
          "id": 373612823634808,
          "type": "VIEW_CONTENT",
          "timestamp": 1667078520
        }
      ]
    },
    {
      "name": "sifted.eu",
      "events": [
        {
          "id": 413779679193124,
          "type": "PAGE_VIEW",
          "timestamp": 1667077260
        }
      ]
    },
    {
      "name": "thestreet.com",
      "events": [
        {
          "id": 135067773744716,
          "type": "VIEW_CONTENT",
          "timestamp": 1667069040
        }
      ]
    },
    {
      "name": "campingworld.com",
      "events": [
        {
          "id": 924539490956178,
          "type": "PAGE_VIEW",
          "timestamp": 1667031960
        }
      ]
    },

    {
      "name": "spiegel.de",
      "events": [
        {
          "id": 109763999395282,
          "type": "PAGE_VIEW",
          "timestamp": 1666867260
        },
        {
          "id": 468291950412468,
          "type": "CUSTOM",
          "timestamp": 1666867260
        },
        {
          "id": 109763999395282,
          "type": "PAGE_VIEW",
          "timestamp": 1664799300
        },
        {
          "id": 468291950412468,
          "type": "CUSTOM",
          "timestamp": 1664799300
        },
        {
          "id": 109763999395282,
          "type": "PAGE_VIEW",
          "timestamp": 1664799120
        },
        {
          "id": 468291950412468,
          "type": "CUSTOM",
          "timestamp": 1664799120
        },
        {
          "id": 109763999395282,
          "type": "PAGE_VIEW",
          "timestamp": 1637183760
        },
        {
          "id": 468291950412468,
          "type": "CUSTOM",
          "timestamp": 1637183760
        },
        {
          "id": 109763999395282,
          "type": "PAGE_VIEW",
          "timestamp": 1637102220
        },
        {
          "id": 468291950412468,
          "type": "CUSTOM",
          "timestamp": 1637102220
        },
        {
          "id": 468291950412468,
          "type": "CUSTOM",
          "timestamp": 1632524160
        },
        {
          "id": 109763999395282,
          "type": "PAGE_VIEW",
          "timestamp": 1631657100
        },
        {
          "id": 468291950412468,
          "type": "CUSTOM",
          "timestamp": 1631657100
        }
      ]
    },
  
    {
      "name": "observer.com",
      "events": [
        {
          "id": 618909876214345,
          "type": "PAGE_VIEW",
          "timestamp": 1666810740
        },
        {
          "id": 832096553515722,
          "type": "PAGE_VIEW",
          "timestamp": 1666810740
        }
      ]
    },
  
    {
      "name": "oilprice.com",
      "events": [
        {
          "id": 332667700771750,
          "type": "PAGE_VIEW",
          "timestamp": 1666807800
        }
      ]
    },
    {
      "name": "myfin.us",
      "events": [
        {
          "id": 1104257020329643,
          "type": "PAGE_VIEW",
          "timestamp": 1666806780
        }
      ]
    },
    {
      "name": "rp-online.de",
      "events": [
        {
          "id": 1548417695393917,
          "type": "PAGE_VIEW",
          "timestamp": 1666730340
        },
        {
          "id": 1548417695393917,
          "type": "PAGE_VIEW",
          "timestamp": 1635642660
        },
        {
          "id": 133759674137005,
          "type": "PAGE_VIEW",
          "timestamp": 1635642420
        }
      ]
    },
    {
      "name": "axios.com",
      "events": [
        {
          "id": 989104511193714,
          "type": "PAGE_VIEW",
          "timestamp": 1666729800
        }
      ]
    },
    {
      "name": "LinkedIn NAMER",
      "events": [
        {
          "id": 136430647058082,
          "type": "CUSTOM",
          "timestamp": 1666562040
        }
      ]
    },
    {
      "name": "edx.org",
      "events": [
        {
          "id": 347669330028828,
          "type": "PAGE_VIEW",
          "timestamp": 1666543200
        },
        {
          "id": 1601661033380488,
          "type": "PAGE_VIEW",
          "timestamp": 1666543140
        },
        {
          "id": 347669330028828,
          "type": "PAGE_VIEW",
          "timestamp": 1665882180
        },
        {
          "id": 1601661033380488,
          "type": "VIEW_CONTENT",
          "timestamp": 1665882180
        },
        {
          "id": 347669330028828,
          "type": "PAGE_VIEW",
          "timestamp": 1664410260
        },
        {
          "id": 1601661033380488,
          "type": "VIEW_CONTENT",
          "timestamp": 1664410260
        },
        {
          "id": 347669330028828,
          "type": "PAGE_VIEW",
          "timestamp": 1640626680
        },
        {
          "id": 1601661033380488,
          "type": "PAGE_VIEW",
          "timestamp": 1640626680
        }
      ]
    },
    {
      "name": "careerkarma.com",
      "events": [
        {
          "id": 726791754150577,
          "type": "PAGE_VIEW",
          "timestamp": 1666527420
        },
        {
          "id": 726791754150577,
          "type": "PAGE_VIEW",
          "timestamp": 1636996500
        }
      ]
    },
    {
      "name": "flypgs.com",
      "events": [
        {
          "id": 165620257457783,
          "type": "PAGE_VIEW",
          "timestamp": 1666375320
        }
      ]
    },
    {
      "name": "technologyreview.com",
      "events": [
        {
          "id": 302431540264875,
          "type": "CUSTOM",
          "timestamp": 1666367520
        },
        {
          "id": 450924992843220,
          "type": "VIEW_CONTENT",
          "timestamp": 1666367280
        },
        {
          "id": 1036696610281117,
          "type": "VIEW_CONTENT",
          "timestamp": 1666367280
        }
      ]
    },
    {
      "name": "theatlantic.com",
      "events": [
        {
          "id": 679691902166334,
          "type": "CUSTOM",
          "timestamp": 1666262700
        },
        {
          "id": 1407501962855831,
          "type": "VIEW_CONTENT",
          "timestamp": 1666262700
        }
      ]
    },
    {
      "name": "independent.co.uk",
      "events": [
        {
          "id": 906035439747206,
          "type": "PAGE_VIEW",
          "timestamp": 1666110660
        },
        {
          "id": 900368160338743,
          "type": "CUSTOM",
          "timestamp": 1630346580
        },
        {
          "id": 906035439747206,
          "type": "PAGE_VIEW",
          "timestamp": 1630346580
        }
      ]
    },
    {
      "name": "ga.de",
      "events": [
        {
          "id": 458702558719260,
          "type": "CUSTOM",
          "timestamp": 1665939180
        },
        {
          "id": 458702558719260,
          "type": "CUSTOM",
          "timestamp": 1665934260
        }
      ]
    },

    {
      "name": "Reddit",
      "events": [
        {
          "id": 250206485542304,
          "type": "CUSTOM",
          "timestamp": 1665752040
        }
      ]
    },


    {
      "name": "Spotify: Music and Podcasts",
      "events": [
        {
          "id": 174829003346,
          "type": "ACTIVATE_APP",
          "timestamp": 1665309180
        },
        {
          "id": 174829003346,
          "type": "ACTIVATE_APP",
          "timestamp": 1664568900
        },
        {
          "id": 174829003346,
          "type": "ACTIVATE_APP",
          "timestamp": 1664567460
        },
        {
          "id": 174829003346,
          "type": "ACTIVATE_APP",
          "timestamp": 1664059140
        },
        {
          "id": 174829003346,
          "type": "ACTIVATE_APP",
          "timestamp": 1663831560
        }
      ]
    },
    {
      "name": "huffpost.com",
      "events": [
        {
          "id": 1621685564716533,
          "type": "PAGE_VIEW",
          "timestamp": 1665279900
        }
      ]
    },
    {
      "name": "join.com",
      "events": [
        {
          "id": 493111734196375,
          "type": "CUSTOM",
          "timestamp": 1665246840
        },
        {
          "id": 493111734196375,
          "type": "CUSTOM",
          "timestamp": 1640111700
        },
        {
          "id": 1624496311018832,
          "type": "SUBMIT_APPLICATION",
          "timestamp": 1640111700
        },
        {
          "id": 493111734196375,
          "type": "CUSTOM",
          "timestamp": 1639607940
        },
        {
          "id": 1624496311018832,
          "type": "CUSTOM",
          "timestamp": 1639607940
        },
        {
          "id": 493111734196375,
          "type": "CUSTOM",
          "timestamp": 1639312140
        },
        {
          "id": 1624496311018832,
          "type": "SUBMIT_APPLICATION",
          "timestamp": 1639312140
        },
        {
          "id": 493111734196375,
          "type": "CUSTOM",
          "timestamp": 1639172640
        },
        {
          "id": 1624496311018832,
          "type": "CUSTOM",
          "timestamp": 1639172640
        }
      ]
    },

    {
      "name": "marketwatch.com",
      "events": [
        {
          "id": 1210050626040606,
          "type": "PAGE_VIEW",
          "timestamp": 1664993640
        },
        {
          "id": 1309714522488069,
          "type": "VIEW_CONTENT",
          "timestamp": 1664993640
        }
      ]
    },
    {
      "name": "freethink.com",
      "events": [
        {
          "id": 1620950594825425,
          "type": "PAGE_VIEW",
          "timestamp": 1664989860
        },
        {
          "id": 1980371275436192,
          "type": "PAGE_VIEW",
          "timestamp": 1664989860
        }
      ]
    },
    {
      "name": "wbscodingschool.com",
      "events": [
        {
          "id": 2515555485435825,
          "type": "PAGE_VIEW",
          "timestamp": 1664891820
        }
      ]
    },
    {
      "name": "proasyl.de",
      "events": [
        {
          "id": 678483859686255,
          "type": "PAGE_VIEW",
          "timestamp": 1664713320
        }
      ]
    },

    {
      "name": "bolt.eu",
      "events": [
        {
          "id": 1535547350025242,
          "type": "PAGE_VIEW",
          "timestamp": 1664538120
        }
      ]
    },

    {
      "name": "Wiser Media",
      "events": [
        {
          "id": 617001678822266,
          "type": "ACTIVATE_APP",
          "timestamp": 1664458740
        },
        {
          "id": 617001678822266,
          "type": "ACTIVATE_APP",
          "timestamp": 1664177460
        },
        {
          "id": 617001678822266,
          "type": "ACTIVATE_APP",
          "timestamp": 1664176860
        },
        {
          "id": 617001678822266,
          "type": "ACTIVATE_APP",
          "timestamp": 1642568640
        }
      ]
    },
    {
      "name": "dallasnews.com",
      "events": [
        {
          "id": 387887708383347,
          "type": "CUSTOM",
          "timestamp": 1664456160
        },
        {
          "id": 692267518192344,
          "type": "PAGE_VIEW",
          "timestamp": 1664456160
        },
        {
          "id": 1886780824893130,
          "type": "PAGE_VIEW",
          "timestamp": 1664456160
        }
      ]
    },

    {
      "name": "t3n.de",
      "events": [
        {
          "id": 456484944530979,
          "type": "PAGE_VIEW",
          "timestamp": 1663238940
        },
        {
          "id": 456484944530979,
          "type": "PAGE_VIEW",
          "timestamp": 1637136780
        }
      ]
    },
    {
      "name": "Storytel: Audiobooks & Ebooks",
      "events": [
        {
          "id": 156162597852941,
          "type": "ACTIVATE_APP",
          "timestamp": 1655683680
        },
        {
          "id": 156162597852941,
          "type": "CUSTOM",
          "timestamp": 1655682900
        },
        {
          "id": 156162597852941,
          "type": "CUSTOM",
          "timestamp": 1635879660
        },
        {
          "id": 156162597852941,
          "type": "CUSTOM",
          "timestamp": 1635123120
        },
        {
          "id": 156162597852941,
          "type": "CUSTOM",
          "timestamp": 1634767860
        },
        {
          "id": 156162597852941,
          "type": "CUSTOM",
          "timestamp": 1634401260
        },
        {
          "id": 156162597852941,
          "type": "CUSTOM",
          "timestamp": 1634311440
        },
        {
          "id": 156162597852941,
          "type": "CUSTOM",
          "timestamp": 1633984380
        },
        {
          "id": 156162597852941,
          "type": "CUSTOM",
          "timestamp": 1633984080
        },
        {
          "id": 156162597852941,
          "type": "CUSTOM",
          "timestamp": 1633642140
        },
        {
          "id": 156162597852941,
          "type": "CUSTOM",
          "timestamp": 1633412820
        },
        {
          "id": 156162597852941,
          "type": "CUSTOM",
          "timestamp": 1633339800
        },
        {
          "id": 156162597852941,
          "type": "CUSTOM",
          "timestamp": 1633339740
        },
        {
          "id": 156162597852941,
          "type": "CUSTOM",
          "timestamp": 1633308060
        },
        {
          "id": 156162597852941,
          "type": "CUSTOM",
          "timestamp": 1633307340
        },
        {
          "id": 156162597852941,
          "type": "CUSTOM",
          "timestamp": 1633270620
        },
        {
          "id": 156162597852941,
          "type": "CUSTOM",
          "timestamp": 1633270440
        },
        {
          "id": 156162597852941,
          "type": "CUSTOM",
          "timestamp": 1633269540
        }
      ]
    },
    {
      "name": "Forest -Focus for Productivity",
      "events": [
        {
          "id": 676653039062318,
          "type": "CUSTOM",
          "timestamp": 1650823680
        }
      ]
    },

    {
      "name": "Discord - Chat, Talk & Hangout",
      "events": [
        {
          "id": 515083072013600,
          "type": "ACTIVATE_APP",
          "timestamp": 1649705700
        }
      ]
    },
 

    {
      "name": "mobile.de - car market",
      "events": [
        {
          "id": 250397121795866,
          "type": "SEARCH",
          "timestamp": 1648342260
        },
        {
          "id": 250397121795866,
          "type": "SEARCH",
          "timestamp": 1648341780
        }
      ]
    },
    {
      "name": "digitalcareerinstitute.org",
      "events": [
        {
          "id": 1296683973774299,
          "type": "SUBMIT_APPLICATION",
          "timestamp": 1647625920
        }
      ]
    },
   
    {
      "name": "placetel.de",
      "events": [
        {
          "id": 1759179664369596,
          "type": "PAGE_VIEW",
          "timestamp": 1645292100
        }
      ]
    },
  
 
    {
      "name": "42wolfsburg.de",
      "events": [
        {
          "id": 1016669192128045,
          "type": "PAGE_VIEW",
          "timestamp": 1641499080
        }
      ]
    },
    {
      "name": "Faladdin: Daily Horoscope & Tarot Card Readings",
      "events": [
        {
          "id": 1137045979707072,
          "type": "ACTIVATE_APP",
          "timestamp": 1640445660
        }
      ]
    },
 
    {
      "name": "Discord - Talk, Chat & Hangout",
      "events": [
        {
          "id": 515083072013600,
          "type": "ACTIVATE_APP",
          "timestamp": 1640186580
        },
        {
          "id": 515083072013600,
          "type": "ACTIVATE_APP",
          "timestamp": 1640018160
        },
        {
          "id": 515083072013600,
          "type": "ACTIVATE_APP",
          "timestamp": 1639922580
        },
        {
          "id": 515083072013600,
          "type": "ACTIVATE_APP",
          "timestamp": 1639870080
        },
        {
          "id": 515083072013600,
          "type": "ACTIVATE_APP",
          "timestamp": 1639799760
        },
        {
          "id": 515083072013600,
          "type": "ACTIVATE_APP",
          "timestamp": 1639762380
        }
      ]
    },
    {
      "name": "Discord - Talk, Chat & Hangout with Friends",
      "events": [
        {
          "id": 515083072013600,
          "type": "ACTIVATE_APP",
          "timestamp": 1639597800
        },
        {
          "id": 515083072013600,
          "type": "ACTIVATE_APP",
          "timestamp": 1639577940
        },
        {
          "id": 515083072013600,
          "type": "ACTIVATE_APP",
          "timestamp": 1639331940
        },
        {
          "id": 515083072013600,
          "type": "ACTIVATE_APP",
          "timestamp": 1639329360
        },
        {
          "id": 515083072013600,
          "type": "ACTIVATE_APP",
          "timestamp": 1639317180
        },
        {
          "id": 515083072013600,
          "type": "ACTIVATE_APP",
          "timestamp": 1639257300
        },
        {
          "id": 515083072013600,
          "type": "ACTIVATE_APP",
          "timestamp": 1639085220
        },
        {
          "id": 515083072013600,
          "type": "ACTIVATE_APP",
          "timestamp": 1638931440
        },
        {
          "id": 515083072013600,
          "type": "ACTIVATE_APP",
          "timestamp": 1638929100
        },
        {
          "id": 515083072013600,
          "type": "ACTIVATE_APP",
          "timestamp": 1638907620
        },
        {
          "id": 515083072013600,
          "type": "ACTIVATE_APP",
          "timestamp": 1638697080
        }
      ]
    },
   
   
  
  
  
    {
      "name": "Discord - Voice & Video Chat",
      "events": [
        {
          "id": 515083072013600,
          "type": "ACTIVATE_APP",
          "timestamp": 1638222600
        },
        {
          "id": 515083072013600,
          "type": "ACTIVATE_APP",
          "timestamp": 1638181920
        },
        {
          "id": 515083072013600,
          "type": "ACTIVATE_APP",
          "timestamp": 1638051720
        },
        {
          "id": 515083072013600,
          "type": "ACTIVATE_APP",
          "timestamp": 1638049260
        },
        {
          "id": 515083072013600,
          "type": "ACTIVATE_APP",
          "timestamp": 1638013560
        },
        {
          "id": 515083072013600,
          "type": "ACTIVATE_APP",
          "timestamp": 1637781360
        },
        {
          "id": 515083072013600,
          "type": "ACTIVATE_APP",
          "timestamp": 1637774760
        },
        {
          "id": 515083072013600,
          "type": "ACTIVATE_APP",
          "timestamp": 1637771340
        }
      ]
    },
   
    {
      "name": "emeritus.org",
      "events": [
        {
          "id": 1230215837187088,
          "type": "PAGE_VIEW",
          "timestamp": 1637316120
        },
        {
          "id": 2635429760002560,
          "type": "PAGE_VIEW",
          "timestamp": 1637316120
        }
      ]
    },
  
    
    {
      "name": "airbnb.de",
      "events": [
        {
          "id": 674478425975295,
          "type": "CUSTOM",
          "timestamp": 1637182680
        },
        {
          "id": 674478425975295,
          "type": "SEARCH",
          "timestamp": 1636475580
        },
        {
          "id": 674478425975295,
          "type": "CUSTOM",
          "timestamp": 1636400640
        },
        {
          "id": 674478425975295,
          "type": "CUSTOM",
          "timestamp": 1636397760
        },
        {
          "id": 674478425975295,
          "type": "PURCHASE",
          "timestamp": 1636395960
        }
      ]
    },

    {
      "name": "techgig.com",
      "events": [
        {
          "id": 1438338213140716,
          "type": "CUSTOM",
          "timestamp": 1637116920
        }
      ]
    },
    {
      "name": "zdnet.com",
      "events": [
        {
          "id": 789754228632403,
          "type": "CUSTOM",
          "timestamp": 1637070720
        },
        {
          "id": 1160426794464713,
          "type": "PAGE_VIEW",
          "timestamp": 1637070660
        },
        {
          "id": 789754228632403,
          "type": "CUSTOM",
          "timestamp": 1637069220
        },
        {
          "id": 1160426794464713,
          "type": "PAGE_VIEW",
          "timestamp": 1637069220
        }
      ]
    },

    {
      "name": "partsof4.com",
      "events": [
        {
          "id": 2030596667170378,
          "type": "VIEW_CONTENT",
          "timestamp": 1636892160
        }
      ]
    },
    {
      "name": "scientific.net",
      "events": [
        {
          "id": 214250835812810,
          "type": "PAGE_VIEW",
          "timestamp": 1636852620
        }
      ]
    },
    {
      "name": "upgrad.com",
      "events": [
        {
          "id": 633256313481494,
          "type": "PAGE_VIEW",
          "timestamp": 1636772640
        }
      ]
    },
    {
      "name": "techstarter.de",
      "events": [
        {
          "id": 265091098949477,
          "type": "PAGE_VIEW",
          "timestamp": 1636756500
        }
      ]
    },
    {
      "name": "ironhack.com",
      "events": [
        {
          "id": 300866050118817,
          "type": "PAGE_VIEW",
          "timestamp": 1636742520
        },
        {
          "id": 1758170527673858,
          "type": "INITIATE_CHECKOUT",
          "timestamp": 1636742520
        }
      ]
    },
    {
      "name": "eu-startups.com",
      "events": [
        {
          "id": 154586475232058,
          "type": "INITIATE_CHECKOUT",
          "timestamp": 1636742340
        }
      ]
    },
    {
      "name": "coursereport.com",
      "events": [
        {
          "id": 509409442586543,
          "type": "PAGE_VIEW",
          "timestamp": 1636742340
        },
        {
          "id": 613280675492070,
          "type": "PAGE_VIEW",
          "timestamp": 1636742340
        }
      ]
    },
    {
      "name": "wbstraining.de",
      "events": [
        {
          "id": 189405284848324,
          "type": "PAGE_VIEW",
          "timestamp": 1636741860
        }
      ]
    },
    {
      "name": "sap.com",
      "events": [
        {
          "id": 353040462790518,
          "type": "PAGE_VIEW",
          "timestamp": 1636741800
        },
        {
          "id": 477733216582324,
          "type": "PAGE_VIEW",
          "timestamp": 1636741800
        },
        {
          "id": 620255624811889,
          "type": "CUSTOM",
          "timestamp": 1636741800
        },
        {
          "id": 620581288586950,
          "type": "PAGE_VIEW",
          "timestamp": 1636741800
        },
        {
          "id": 1085401035224548,
          "type": "PAGE_VIEW",
          "timestamp": 1636741800
        },
        {
          "id": 2184995418481731,
          "type": "PAGE_VIEW",
          "timestamp": 1636741800
        },
        {
          "id": 353040462790518,
          "type": "PAGE_VIEW",
          "timestamp": 1635874380
        },
        {
          "id": 477733216582324,
          "type": "PAGE_VIEW",
          "timestamp": 1635874380
        },
        {
          "id": 620255624811889,
          "type": "PAGE_VIEW",
          "timestamp": 1635874380
        },
        {
          "id": 620581288586950,
          "type": "PAGE_VIEW",
          "timestamp": 1635874380
        },
        {
          "id": 1085401035224548,
          "type": "PAGE_VIEW",
          "timestamp": 1635874380
        },
        {
          "id": 2184995418481731,
          "type": "PAGE_VIEW",
          "timestamp": 1635874380
        }
      ]
    },
    {
      "name": "DCI - Business Manager",
      "events": [
        {
          "id": 1296683973774299,
          "type": "ADD_TO_CART",
          "timestamp": 1636632840
        }
      ]
    },

    {
      "name": "businessinsider.de",
      "events": [
        {
          "id": 539057972897165,
          "type": "PAGE_VIEW",
          "timestamp": 1636037220
        },
        {
          "id": 2786909268075843,
          "type": "PAGE_VIEW",
          "timestamp": 1636037220
        }
      ]
    },
    {
      "name": "congstar.de",
      "events": [
        {
          "id": 255513904627608,
          "type": "PAGE_VIEW",
          "timestamp": 1635974220
        }
      ]
    },
   
   
    {
      "name": "imgur.com",
      "events": [
        {
          "id": 742377892535530,
          "type": "PAGE_VIEW",
          "timestamp": 1635796920
        }
      ]
    },
    {
      "name": "thecollector.com",
      "events": [
        {
          "id": 373900337584855,
          "type": "PAGE_VIEW",
          "timestamp": 1635734100
        }
      ]
    },
    {
      "name": "wwf.org.au",
      "events": [
        {
          "id": 1156709361516892,
          "type": "VIEW_CONTENT",
          "timestamp": 1635708720
        },
        {
          "id": 1731933100357370,
          "type": "PAGE_VIEW",
          "timestamp": 1635708720
        }
      ]
    }
    
  ]
}
