[
  {
    "endTime" : "2023-04-06 07:50",
    "podcastName" : "Gemischtes Hack",
    "episodeName" : "#217 TOMMI'S KLEINE OASE",
    "msPlayed" : 614807
  },
  {
    "endTime" : "2023-04-12 16:53",
    "podcastName" : "Fest & Flauschig",
    "episodeName" : "Great News for Great People",
    "msPlayed" : 2174140
  },
  {
    "endTime" : "2023-04-12 17:20",
    "podcastName" : "Fest & Flauschig",
    "episodeName" : "Great News for Great People",
    "msPlayed" : 1569184
  },
  {
    "endTime" : "2023-04-12 20:15",
    "podcastName" : "Gemischtes Hack",
    "episodeName" : "#218 IDEEN-KONDOM",
    "msPlayed" : 130271
  },
  {
    "endTime" : "2023-04-13 16:31",
    "podcastName" : "Gemischtes Hack",
    "episodeName" : "#218 IDEEN-KONDOM",
    "msPlayed" : 4337809
  },
  {
    "endTime" : "2023-04-16 07:59",
    "podcastName" : "Fest & Flauschig",
    "episodeName" : "Raus aus der Gun Lover Bubble!",
    "msPlayed" : 4170566
  },
  {
    "endTime" : "2023-04-16 11:39",
    "podcastName" : "Fest & Flauschig",
    "episodeName" : "Raus aus der Gun Lover Bubble!",
    "msPlayed" : 272409
  },
  {
    "endTime" : "2023-04-16 11:41",
    "podcastName" : "Talk ohne Gast",
    "episodeName" : "FLASH",
    "msPlayed" : 146111
  },
  {
    "endTime" : "2023-04-19 19:02",
    "podcastName" : "Gemischtes Hack",
    "episodeName" : "#219 TIM SCHMITT",
    "msPlayed" : 1379719
  },
  {
    "endTime" : "2023-04-19 20:33",
    "podcastName" : "Gemischtes Hack",
    "episodeName" : "#219 TIM SCHMITT",
    "msPlayed" : 3236130
  },
  {
    "endTime" : "2023-04-19 21:17",
    "podcastName" : "Boys Club – Macht & Missbrauch bei Axel Springer",
    "episodeName" : "Das System (Folge 1)",
    "msPlayed" : 1600319
  },
  {
    "endTime" : "2023-04-20 07:54",
    "podcastName" : "Boys Club – Macht & Missbrauch bei Axel Springer",
    "episodeName" : "Das System (Folge 1)",
    "msPlayed" : 378579
  },
  {
    "endTime" : "2023-04-20 08:35",
    "podcastName" : "Boys Club – Macht & Missbrauch bei Axel Springer",
    "episodeName" : "Die Extrameile (Folge 2)",
    "msPlayed" : 2468466
  },
  {
    "endTime" : "2023-04-20 09:00",
    "podcastName" : "Fest & Flauschig",
    "episodeName" : "BOOMERCRINGE #16",
    "msPlayed" : 88413
  },
  {
    "endTime" : "2023-04-23 07:38",
    "podcastName" : "Fest & Flauschig",
    "episodeName" : "Medienklüngel aus dem Schneewittchensarg",
    "msPlayed" : 3007780
  },
  {
    "endTime" : "2023-04-23 07:44",
    "podcastName" : "Fest & Flauschig",
    "episodeName" : "Medienklüngel aus dem Schneewittchensarg",
    "msPlayed" : 336433
  },
  {
    "endTime" : "2023-04-25 11:21",
    "podcastName" : "Boys Club – Macht & Missbrauch bei Axel Springer",
    "episodeName" : "Die Kampagne (Folge 3)",
    "msPlayed" : 2787645
  },
  {
    "endTime" : "2023-04-26 08:38",
    "podcastName" : "Boys Club – Macht & Missbrauch bei Axel Springer",
    "episodeName" : "Der Apparat (Folge 4)",
    "msPlayed" : 2774623
  },
  {
    "endTime" : "2023-04-30 06:46",
    "podcastName" : "Gemischtes Hack",
    "episodeName" : "#220 SCHAFE SIND WIE KOPFHÖRER",
    "msPlayed" : 1975507
  },
  {
    "endTime" : "2023-04-30 07:05",
    "podcastName" : "Gemischtes Hack",
    "episodeName" : "#220 SCHAFE SIND WIE KOPFHÖRER",
    "msPlayed" : 1128053
  },
  {
    "endTime" : "2023-04-30 15:43",
    "podcastName" : "Gemischtes Hack",
    "episodeName" : "#220 SCHAFE SIND WIE KOPFHÖRER",
    "msPlayed" : 1557417
  },
  {
    "endTime" : "2023-04-30 15:43",
    "podcastName" : "Gemischtes Hack",
    "episodeName" : "#220 SCHAFE SIND WIE KOPFHÖRER",
    "msPlayed" : 35268
  },
  {
    "endTime" : "2023-05-03 13:59",
    "podcastName" : "Boys Club – Macht & Missbrauch bei Axel Springer",
    "episodeName" : "Beef Candy (Folge 5)",
    "msPlayed" : 2290620
  },
  {
    "endTime" : "2023-05-03 15:49",
    "podcastName" : "Unser Boris",
    "episodeName" : "Folge 1: Die Verwandlung",
    "msPlayed" : 0
  },
  {
    "endTime" : "2023-05-03 15:50",
    "podcastName" : "Boys Club – Macht & Missbrauch bei Axel Springer",
    "episodeName" : "Beef Candy (Folge 5)",
    "msPlayed" : 70430
  },
  {
    "endTime" : "2023-05-03 16:36",
    "podcastName" : "Unser Boris",
    "episodeName" : "Folge 1: Die Verwandlung",
    "msPlayed" : 0
  },
  {
    "endTime" : "2023-05-03 16:36",
    "podcastName" : "Quality Time mit Riccardo & Anke",
    "episodeName" : "Das Fragen-Special",
    "msPlayed" : 2262
  },
  {
    "endTime" : "2023-05-03 16:37",
    "podcastName" : "Talk ohne Gast",
    "episodeName" : "Manchmal aber auch … vielleicht!",
    "msPlayed" : 319
  },
  {
    "endTime" : "2023-05-03 16:37",
    "podcastName" : "Boys Club – Macht & Missbrauch bei Axel Springer",
    "episodeName" : "Der Inner Circle (Folge 6)",
    "msPlayed" : 2715767
  },
  {
    "endTime" : "2023-05-03 20:22",
    "podcastName" : "Gemischtes Hack",
    "episodeName" : "#221 GUMMIHALS 3000",
    "msPlayed" : 582074
  },
  {
    "endTime" : "2023-05-08 16:24",
    "podcastName" : "Boys Club – Macht & Missbrauch bei Axel Springer",
    "episodeName" : "Der Giftschrank (Folge 7)",
    "msPlayed" : 2328608
  },
  {
    "endTime" : "2023-05-08 17:11",
    "podcastName" : "Boys Club – Macht & Missbrauch bei Axel Springer",
    "episodeName" : "Unter jedem Stein (Folge 8)",
    "msPlayed" : 1712378
  },
  {
    "endTime" : "2023-05-09 11:47",
    "podcastName" : "Fest & Flauschig",
    "episodeName" : "BIG SORRY! (Nach Charlie ist Schluss) ",
    "msPlayed" : 2012901
  },
  {
    "endTime" : "2023-05-09 12:11",
    "podcastName" : "Fest & Flauschig",
    "episodeName" : "BIG SORRY! (Nach Charlie ist Schluss) ",
    "msPlayed" : 1376367
  },
  {
    "endTime" : "2023-05-19 11:53",
    "podcastName" : "Fest & Flauschig",
    "episodeName" : "Notiz an uns selber",
    "msPlayed" : 2866559
  },
  {
    "endTime" : "2023-05-20 15:40",
    "podcastName" : "Fest & Flauschig",
    "episodeName" : "Notiz an uns selber",
    "msPlayed" : 1360548
  },
  {
    "endTime" : "2023-05-20 16:10",
    "podcastName" : "Gemischtes Hack",
    "episodeName" : "#223 VATERLAND",
    "msPlayed" : 1665349
  },
  {
    "endTime" : "2023-05-27 08:28",
    "podcastName" : "Gemischtes Hack",
    "episodeName" : "#224 DAS GEWEIH DES TODES",
    "msPlayed" : 1713841
  },
  {
    "endTime" : "2023-05-30 06:28",
    "podcastName" : "Gemischtes Hack",
    "episodeName" : "#224 DAS GEWEIH DES TODES",
    "msPlayed" : 2622786
  },
  {
    "endTime" : "2023-05-31 19:35",
    "podcastName" : "Gemischtes Hack",
    "episodeName" : "#225 PLAYSTATION GÖNNT NICHT",
    "msPlayed" : 4569393
  },
  {
    "endTime" : "2023-06-06 17:27",
    "podcastName" : "Fest & Flauschig",
    "episodeName" : "Erbse trifft Hafer",
    "msPlayed" : 221959
  },
  {
    "endTime" : "2023-06-10 08:16",
    "podcastName" : "Gemischtes Hack",
    "episodeName" : "#226 TOBI",
    "msPlayed" : 2762007
  },
  {
    "endTime" : "2023-06-13 06:22",
    "podcastName" : "Fest & Flauschig",
    "episodeName" : "Ich muss aufräumen, bevor ich sterbe!",
    "msPlayed" : 312579
  },
  {
    "endTime" : "2023-06-27 18:47",
    "podcastName" : "Gemischtes Hack",
    "episodeName" : "#228 BLAUHAKER",
    "msPlayed" : 1917091
  },
  {
    "endTime" : "2023-06-28 14:24",
    "podcastName" : "Gemischtes Hack",
    "episodeName" : "#228 BLAUHAKER",
    "msPlayed" : 1610
  },
  {
    "endTime" : "2023-07-01 08:57",
    "podcastName" : "Gemischtes Hack",
    "episodeName" : "#229 MAULWURF",
    "msPlayed" : 4007478
  },
  {
    "endTime" : "2023-07-01 13:03",
    "podcastName" : "Gemischtes Hack",
    "episodeName" : "#229 MAULWURF",
    "msPlayed" : 912
  },
  {
    "endTime" : "2023-07-01 13:18",
    "podcastName" : "Gemischtes Hack",
    "episodeName" : "#229 MAULWURF",
    "msPlayed" : 830409
  },
  {
    "endTime" : "2023-07-01 13:19",
    "podcastName" : "Fest & Flauschig",
    "episodeName" : "Best of Fest & Flauschig - Tiere, die‘s geschafft haben",
    "msPlayed" : 3668
  },
  {
    "endTime" : "2023-07-01 13:22",
    "podcastName" : "Fest & Flauschig",
    "episodeName" : "Best of Fest & Flauschig - Tiere, die‘s geschafft haben",
    "msPlayed" : 139319
  },
  {
    "endTime" : "2023-07-01 13:54",
    "podcastName" : "Fest & Flauschig",
    "episodeName" : "Eine Seele in zwei Körpern",
    "msPlayed" : 1970462
  },
  {
    "endTime" : "2023-07-01 18:19",
    "podcastName" : "Fest & Flauschig",
    "episodeName" : "Eine Seele in zwei Körpern",
    "msPlayed" : 1926543
  },
  {
    "endTime" : "2023-07-01 18:20",
    "podcastName" : "Fest & Flauschig",
    "episodeName" : "Best of Fest & Flauschig - Tiere, die‘s geschafft haben",
    "msPlayed" : 32935
  },
  {
    "endTime" : "2023-08-30 16:03",
    "podcastName" : "Fest & Flauschig",
    "episodeName" : "BOOMERCRINGE #35",
    "msPlayed" : 535974
  },
  {
    "endTime" : "2023-08-30 17:10",
    "podcastName" : "Fest & Flauschig",
    "episodeName" : "Rattenschwanz an Asi-Freunden",
    "msPlayed" : 3297873
  },
  {
    "endTime" : "2023-08-30 20:19",
    "podcastName" : "Fest & Flauschig",
    "episodeName" : "Rattenschwanz an Asi-Freunden",
    "msPlayed" : 1014826
  },
  {
    "endTime" : "2023-09-06 20:00",
    "podcastName" : "Copa TS",
    "episodeName" : "#001: Skechers in Bremen - mit Gregor Ryl (feat. Mats Hummels)",
    "msPlayed" : 4553976
  },
  {
    "endTime" : "2023-09-06 20:32",
    "podcastName" : "Copa TS",
    "episodeName" : "#002: Völlig baff im Stadion - mit Jana Wosnitza (feat. Lars Stindl)",
    "msPlayed" : 1857811
  },
  {
    "endTime" : "2023-09-06 21:03",
    "podcastName" : "Copa TS",
    "episodeName" : "#003: Die Macht der Fans - mit Christoph Kramer",
    "msPlayed" : 1902768
  },
  {
    "endTime" : "2023-09-10 06:45",
    "podcastName" : "Fest & Flauschig",
    "episodeName" : "Goethe war sloppy",
    "msPlayed" : 2014295
  },
  {
    "endTime" : "2023-09-13 17:25",
    "podcastName" : "Gemischtes Hack",
    "episodeName" : "#230 DACHASSEL",
    "msPlayed" : 3918344
  },
  {
    "endTime" : "2023-09-13 20:16",
    "podcastName" : "Gemischtes Hack",
    "episodeName" : "#230 DACHASSEL",
    "msPlayed" : 2075252
  },
  {
    "endTime" : "2023-09-13 20:44",
    "podcastName" : "Copa TS",
    "episodeName" : "#004: Graugänse und Adler - mit Gregor Ryl (feat. René Adler)",
    "msPlayed" : 1629910
  },
  {
    "endTime" : "2023-09-13 21:34",
    "podcastName" : "Copa TS",
    "episodeName" : "#004: Graugänse und Adler - mit Gregor Ryl (feat. René Adler)",
    "msPlayed" : 2131722
  },
  {
    "endTime" : "2023-09-25 19:21",
    "podcastName" : "Gemischtes Hack",
    "episodeName" : "#231 DEUTSCHE CRANK",
    "msPlayed" : 4812932
  },
  {
    "endTime" : "2023-09-25 19:30",
    "podcastName" : "Gemischtes Hack",
    "episodeName" : "#231 DEUTSCHE CRANK",
    "msPlayed" : 516620
  },
  {
    "endTime" : "2023-09-27 15:52",
    "podcastName" : "Fest & Flauschig",
    "episodeName" : "Sauna im Gemeinschaftskeller",
    "msPlayed" : 15969
  },
  {
    "endTime" : "2023-09-27 17:02",
    "podcastName" : "Gemischtes Hack",
    "episodeName" : "#232 OFFENLEGUNG",
    "msPlayed" : 4193052
  },
  {
    "endTime" : "2023-10-11 13:46",
    "podcastName" : "Gemischtes Hack",
    "episodeName" : "#234 SEXPEINLICHKIEBITZ",
    "msPlayed" : 327430
  },
  {
    "endTime" : "2023-10-13 12:11",
    "podcastName" : "Gemischtes Hack",
    "episodeName" : "#234 SEXPEINLICHKIEBITZ",
    "msPlayed" : 4418760
  },
  {
    "endTime" : "2023-10-14 11:24",
    "podcastName" : "Fest & Flauschig",
    "episodeName" : "Die Fleischhand von M. K.",
    "msPlayed" : 4178051
  },
  {
    "endTime" : "2023-10-18 17:10",
    "podcastName" : "Gemischtes Hack",
    "episodeName" : "#235 BÜFFELSCHMITT",
    "msPlayed" : 3127885
  },
  {
    "endTime" : "2023-10-19 12:24",
    "podcastName" : "Gemischtes Hack",
    "episodeName" : "#235 BÜFFELSCHMITT",
    "msPlayed" : 1754440
  },
  {
    "endTime" : "2023-10-21 08:17",
    "podcastName" : "Gemischtes Hack",
    "episodeName" : "#235 BÜFFELSCHMITT",
    "msPlayed" : 11780
  },
  {
    "endTime" : "2023-10-25 16:46",
    "podcastName" : "Gemischtes Hack",
    "episodeName" : "#236 SATT MACHEN",
    "msPlayed" : 3464578
  },
  {
    "endTime" : "2023-10-29 14:05",
    "podcastName" : "Copa TS",
    "episodeName" : "#010: Derbyverarbeitung - mit Jana Wosnitza & Jonas Hector",
    "msPlayed" : 1068
  },
  {
    "endTime" : "2023-11-03 12:31",
    "podcastName" : "Gemischtes Hack",
    "episodeName" : "#237 EKELPENNER",
    "msPlayed" : 1893149
  },
  {
    "endTime" : "2023-11-03 17:44",
    "podcastName" : "Gemischtes Hack",
    "episodeName" : "#237 EKELPENNER",
    "msPlayed" : 100
  },
  {
    "endTime" : "2023-11-03 17:44",
    "podcastName" : "Fest & Flauschig",
    "episodeName" : "Vor dem Mikrofon sind alle gleich",
    "msPlayed" : 2440
  },
  {
    "endTime" : "2023-11-03 17:59",
    "podcastName" : "Gemischtes Hack",
    "episodeName" : "#237 EKELPENNER",
    "msPlayed" : 524580
  },
  {
    "endTime" : "2023-11-03 18:05",
    "podcastName" : "Gemischtes Hack",
    "episodeName" : "#237 EKELPENNER",
    "msPlayed" : 1219204
  },
  {
    "endTime" : "2023-11-04 08:02",
    "podcastName" : "Gemischtes Hack",
    "episodeName" : "#237 EKELPENNER",
    "msPlayed" : 862850
  },
  {
    "endTime" : "2023-11-04 09:01",
    "podcastName" : "Copa TS",
    "episodeName" : "#011: Sky(blues) and Sand(hausen) - mit Turid Knaak (feat. Paul Kalkbrenner und K-Paul)",
    "msPlayed" : 3240730
  },
  {
    "endTime" : "2023-11-05 08:17",
    "podcastName" : "Fest & Flauschig",
    "episodeName" : "Drei Gläser voller Schrauben",
    "msPlayed" : 3107943
  },
  {
    "endTime" : "2023-11-05 14:39",
    "podcastName" : "Fest & Flauschig",
    "episodeName" : "Drei Gläser voller Schrauben",
    "msPlayed" : 798400
  },
  {
    "endTime" : "2023-11-07 08:19",
    "podcastName" : "Copa TS",
    "episodeName" : "#012: El Klatschiko und Copa del Nee - mit Gregor Ryl (feat. Fabian Schär)",
    "msPlayed" : 2191920
  },
  {
    "endTime" : "2023-11-07 10:10",
    "podcastName" : "Copa TS",
    "episodeName" : "#012: El Klatschiko und Copa del Nee - mit Gregor Ryl (feat. Fabian Schär)",
    "msPlayed" : 1807850
  },
  {
    "endTime" : "2023-11-07 13:13",
    "podcastName" : "Copa TS",
    "episodeName" : "#012: El Klatschiko und Copa del Nee - mit Gregor Ryl (feat. Fabian Schär)",
    "msPlayed" : 1035624
  },
  {
    "endTime" : "2023-11-07 14:07",
    "podcastName" : "Talk ohne Gast",
    "episodeName" : "Dinge und Sachen",
    "msPlayed" : 3205400
  },
  {
    "endTime" : "2023-11-08 07:59",
    "podcastName" : "Talk ohne Gast",
    "episodeName" : "Dinge und Sachen",
    "msPlayed" : 410871
  },
  {
    "endTime" : "2023-11-10 14:05",
    "podcastName" : "Gemischtes Hack",
    "episodeName" : "#238 NUR NE AMSEL",
    "msPlayed" : 4378711
  },
  {
    "endTime" : "2023-11-16 12:18",
    "podcastName" : "Gemischtes Hack",
    "episodeName" : "#239 DAS UNTENFACH",
    "msPlayed" : 1968160
  },
  {
    "endTime" : "2023-11-16 12:26",
    "podcastName" : "Gemischtes Hack",
    "episodeName" : "#239 DAS UNTENFACH",
    "msPlayed" : 491240
  },
  {
    "endTime" : "2023-11-16 13:51",
    "podcastName" : "Gemischtes Hack",
    "episodeName" : "#239 DAS UNTENFACH",
    "msPlayed" : 1296890
  },
  {
    "endTime" : "2023-11-16 14:09",
    "podcastName" : "Gemischtes Hack",
    "episodeName" : "#239 DAS UNTENFACH",
    "msPlayed" : 887622
  },
  {
    "endTime" : "2023-11-16 14:15",
    "podcastName" : "Copa TS",
    "episodeName" : "#013: Goretzka SPEZIAL - Interview mit Leon Goretzka",
    "msPlayed" : 346659
  },
  {
    "endTime" : "2023-11-16 15:20",
    "podcastName" : "Copa TS",
    "episodeName" : "#013: Goretzka SPEZIAL - Interview mit Leon Goretzka",
    "msPlayed" : 810714
  },
  {
    "endTime" : "2023-11-17 11:00",
    "podcastName" : "Copa TS",
    "episodeName" : "#013: Goretzka SPEZIAL - Interview mit Leon Goretzka",
    "msPlayed" : 2352730
  },
  {
    "endTime" : "2023-11-19 12:17",
    "podcastName" : "Talk ohne Gast",
    "episodeName" : "Ausnahmesituation Zug",
    "msPlayed" : 879084
  },
  {
    "endTime" : "2023-11-20 07:08",
    "podcastName" : "Talk ohne Gast",
    "episodeName" : "Ausnahmesituation Zug",
    "msPlayed" : 780070
  },
  {
    "endTime" : "2023-11-20 13:50",
    "podcastName" : "Talk ohne Gast",
    "episodeName" : "Ausnahmesituation Zug",
    "msPlayed" : 2281210
  },
  {
    "endTime" : "2023-11-20 14:06",
    "podcastName" : "Talk ohne Gast",
    "episodeName" : "Ausnahmesituation Zug",
    "msPlayed" : 343840
  },
  {
    "endTime" : "2023-11-21 08:14",
    "podcastName" : "Copa TS",
    "episodeName" : "#014: Chris, der Bad Boy - mit Christoph Kramer (feat. Salih Özcan)",
    "msPlayed" : 1188970
  },
  {
    "endTime" : "2023-11-21 10:15",
    "podcastName" : "Copa TS",
    "episodeName" : "#014: Chris, der Bad Boy - mit Christoph Kramer (feat. Salih Özcan)",
    "msPlayed" : 929350
  },
  {
    "endTime" : "2023-11-22 17:58",
    "podcastName" : "Gemischtes Hack",
    "episodeName" : "#240 ENTE IN BANK",
    "msPlayed" : 4079170
  },
  {
    "endTime" : "2023-11-22 17:59",
    "podcastName" : "Talk ohne Gast",
    "episodeName" : "Demnächst",
    "msPlayed" : 10489
  },
  {
    "endTime" : "2023-11-22 21:20",
    "podcastName" : "Talk ohne Gast",
    "episodeName" : "Demnächst",
    "msPlayed" : 3570080
  },
  {
    "endTime" : "2023-11-24 21:59",
    "podcastName" : "Talk ohne Gast",
    "episodeName" : "Im Eimer",
    "msPlayed" : 3437986
  },
  {
    "endTime" : "2023-11-28 17:06",
    "podcastName" : "Copa TS",
    "episodeName" : "#015: Scharf in der Birne - mit Gregor Ryl (feat. Lewis Holtby)",
    "msPlayed" : 3859970
  },
  {
    "endTime" : "2023-11-29 19:20",
    "podcastName" : "Gemischtes Hack",
    "episodeName" : "#241 ADLER VON VORNE",
    "msPlayed" : 3869174
  },
  {
    "endTime" : "2023-11-29 19:40",
    "podcastName" : "Gemischtes Hack",
    "episodeName" : "#241 ADLER VON VORNE",
    "msPlayed" : 1194530
  },
  {
    "endTime" : "2023-12-06 15:22",
    "podcastName" : "Gemischtes Hack",
    "episodeName" : "#242 DU BIST AUCH SO NE BURG",
    "msPlayed" : 3604780
  },
  {
    "endTime" : "2023-12-07 16:29",
    "podcastName" : "Gemischtes Hack",
    "episodeName" : "#242 DU BIST AUCH SO NE BURG",
    "msPlayed" : 1151080
  },
  {
    "endTime" : "2023-12-07 18:05",
    "podcastName" : "Copa TS",
    "episodeName" : "#016: Schmitt-Regel JETZT - mit Turid Knaak (feat. Deniz Aytekin)",
    "msPlayed" : 5325260
  },
  {
    "endTime" : "2023-12-07 18:12",
    "podcastName" : "Talk ohne Gast",
    "episodeName" : "Die Kacke dampft nicht mehr",
    "msPlayed" : 2130
  },
  {
    "endTime" : "2023-12-07 18:18",
    "podcastName" : "Copa TS",
    "episodeName" : "#016: Schmitt-Regel JETZT - mit Turid Knaak (feat. Deniz Aytekin)",
    "msPlayed" : 264730
  },
  {
    "endTime" : "2023-12-12 08:14",
    "podcastName" : "Copa TS",
    "episodeName" : "#017: Meine Störche  - mit Terrence Boyd (feat. Julian Gressel)",
    "msPlayed" : 1647080
  },
  {
    "endTime" : "2023-12-12 10:58",
    "podcastName" : "Copa TS",
    "episodeName" : "#017: Meine Störche  - mit Terrence Boyd (feat. Julian Gressel)",
    "msPlayed" : 1614930
  },
  {
    "endTime" : "2023-12-13 09:01",
    "podcastName" : "Gemischtes Hack",
    "episodeName" : "#243 HI DER KAI!",
    "msPlayed" : 3300650
  },
  {
    "endTime" : "2023-12-13 09:15",
    "podcastName" : "Gemischtes Hack",
    "episodeName" : "#243 HI DER KAI!",
    "msPlayed" : 813870
  },
  {
    "endTime" : "2023-12-13 12:48",
    "podcastName" : "Talk ohne Gast",
    "episodeName" : "Frech und Pfiffig",
    "msPlayed" : 3613048
  },
  {
    "endTime" : "2023-12-13 13:06",
    "podcastName" : "Copa TS",
    "episodeName" : "#017: Meine Störche  - mit Terrence Boyd (feat. Julian Gressel)",
    "msPlayed" : 1127411
  },
  {
    "endTime" : "2023-12-20 20:25",
    "podcastName" : "Gemischtes Hack",
    "episodeName" : "#244 WENN DU GLÜCK HAST, 8 JAHRE",
    "msPlayed" : 4602770
  },
  {
    "endTime" : "2023-12-20 20:38",
    "podcastName" : "Copa TS",
    "episodeName" : "#018: Profi werden und Profi bleiben (feat. Thomas Broich)",
    "msPlayed" : 659560
  },
  {
    "endTime" : "2023-12-21 16:27",
    "podcastName" : "Talk ohne Gast",
    "episodeName" : "Freundschaft minus",
    "msPlayed" : 2425390
  },
  {
    "endTime" : "2023-12-30 17:19",
    "podcastName" : "Talk ohne Gast",
    "episodeName" : "Schön Klaps",
    "msPlayed" : 3461520
  },
  {
    "endTime" : "2024-01-04 16:24",
    "podcastName" : "Fest & Flauschig",
    "episodeName" : "Das Jahr des Hamsters",
    "msPlayed" : 180310
  },
  {
    "endTime" : "2024-01-08 16:29",
    "podcastName" : "Copa TS",
    "episodeName" : "#018: Profi werden und Profi bleiben (feat. Thomas Broich)",
    "msPlayed" : 37871
  },
  {
    "endTime" : "2024-01-08 17:14",
    "podcastName" : "Talk ohne Gast",
    "episodeName" : "Faul geboren",
    "msPlayed" : 1484126
  },
  {
    "endTime" : "2024-01-08 17:55",
    "podcastName" : "Talk ohne Gast",
    "episodeName" : "Faul geboren",
    "msPlayed" : 1666499
  },
  {
    "endTime" : "2024-01-09 09:48",
    "podcastName" : "Talk ohne Gast",
    "episodeName" : "Faul geboren",
    "msPlayed" : 512679
  },
  {
    "endTime" : "2024-01-10 18:20",
    "podcastName" : "Gemischtes Hack",
    "episodeName" : "#245 ABGEBÜRGERT",
    "msPlayed" : 3206500
  },
  {
    "endTime" : "2024-01-16 14:23",
    "podcastName" : "Talk ohne Gast",
    "episodeName" : "Ein nackter Raum",
    "msPlayed" : 1022620
  },
  {
    "endTime" : "2024-01-17 20:44",
    "podcastName" : "Talk ohne Gast",
    "episodeName" : "Ein nackter Raum",
    "msPlayed" : 3404976
  },
  {
    "endTime" : "2024-01-17 20:45",
    "podcastName" : "Copa TS",
    "episodeName" : "#019: Es schneit wie Hechtsuppe - mit Christoph Kramer",
    "msPlayed" : 11503
  },
  {
    "endTime" : "2024-01-17 21:53",
    "podcastName" : "Gemischtes Hack",
    "episodeName" : "#246 KNIBBELPODCAST",
    "msPlayed" : 3351770
  },
  {
    "endTime" : "2024-01-18 17:39",
    "podcastName" : "Gemischtes Hack",
    "episodeName" : "#246 KNIBBELPODCAST",
    "msPlayed" : 1678820
  },
  {
    "endTime" : "2024-01-18 18:28",
    "podcastName" : "Copa TS",
    "episodeName" : "#019: Es schneit wie Hechtsuppe - mit Christoph Kramer",
    "msPlayed" : 2308930
  },
  {
    "endTime" : "2024-01-19 18:09",
    "podcastName" : "Talk ohne Gast",
    "episodeName" : "Achterbahn [雲霄飛車]",
    "msPlayed" : 3588153
  },
  {
    "endTime" : "2024-01-19 18:09",
    "podcastName" : "Talk ohne Gast",
    "episodeName" : "Stehrumchen & Staubeinchen",
    "msPlayed" : 9139
  },
  {
    "endTime" : "2024-01-24 17:59",
    "podcastName" : "Gemischtes Hack",
    "episodeName" : "#247 SEX-PAUKENSCHLAG",
    "msPlayed" : 4011529
  },
  {
    "endTime" : "2024-01-24 21:03",
    "podcastName" : "Gemischtes Hack",
    "episodeName" : "#247 SEX-PAUKENSCHLAG",
    "msPlayed" : 402310
  },
  {
    "endTime" : "2024-01-24 21:53",
    "podcastName" : "Copa TS",
    "episodeName" : "#020: Kein Zwanni für'n Tonic - mit Jana Wosnitza",
    "msPlayed" : 2830590
  },
  {
    "endTime" : "2024-01-30 10:29",
    "podcastName" : "Fest & Flauschig",
    "episodeName" : "Der höchste Podcast Deutschlands",
    "msPlayed" : 1943350
  },
  {
    "endTime" : "2024-01-30 10:38",
    "podcastName" : "Fest & Flauschig",
    "episodeName" : "Der höchste Podcast Deutschlands",
    "msPlayed" : 1000
  },
  {
    "endTime" : "2024-01-30 10:38",
    "podcastName" : "Fest & Flauschig",
    "episodeName" : "Der höchste Podcast Deutschlands",
    "msPlayed" : 505106
  },
  {
    "endTime" : "2024-01-30 10:47",
    "podcastName" : "Fest & Flauschig",
    "episodeName" : "Der höchste Podcast Deutschlands",
    "msPlayed" : 538990
  },
  {
    "endTime" : "2024-01-30 19:31",
    "podcastName" : "Fest & Flauschig",
    "episodeName" : "Der höchste Podcast Deutschlands",
    "msPlayed" : 1270822
  },
  {
    "endTime" : "2024-01-31 18:01",
    "podcastName" : "Gemischtes Hack",
    "episodeName" : "#248 SCHWEINEMANN",
    "msPlayed" : 4350700
  },
  {
    "endTime" : "2024-02-01 17:05",
    "podcastName" : "Talk ohne Gast",
    "episodeName" : "Mein Hongkong",
    "msPlayed" : 2512900
  },
  {
    "endTime" : "2024-02-02 16:59",
    "podcastName" : "Talk ohne Gast",
    "episodeName" : "Mein Hongkong",
    "msPlayed" : 759400
  },
  {
    "endTime" : "2024-02-02 22:46",
    "podcastName" : "Talk ohne Gast",
    "episodeName" : "Mein Hongkong",
    "msPlayed" : 675450
  },
  {
    "endTime" : "2024-02-02 22:49",
    "podcastName" : "Talk ohne Gast",
    "episodeName" : "Zerfressen von Ehrgeiz",
    "msPlayed" : 208890
  },
  {
    "endTime" : "2024-02-02 23:18",
    "podcastName" : "Talk ohne Gast",
    "episodeName" : "Zerfressen von Ehrgeiz",
    "msPlayed" : 1738150
  },
  {
    "endTime" : "2024-02-04 07:49",
    "podcastName" : "Talk ohne Gast",
    "episodeName" : "Zerfressen von Ehrgeiz",
    "msPlayed" : 1888560
  },
  {
    "endTime" : "2024-02-04 08:38",
    "podcastName" : "Fest & Flauschig",
    "episodeName" : "Lass Dampf ab, Bennett!",
    "msPlayed" : 2928999
  },
  {
    "endTime" : "2024-02-06 16:58",
    "podcastName" : "Copa TS",
    "episodeName" : "#022: Luton Tag allerseits - mit Gregor Ryl",
    "msPlayed" : 1263580
  },
  {
    "endTime" : "2024-02-07 17:45",
    "podcastName" : "Gemischtes Hack",
    "episodeName" : "#249 CHMAL",
    "msPlayed" : 4675258
  },
  {
    "endTime" : "2024-02-14 18:01",
    "podcastName" : "Gemischtes Hack",
    "episodeName" : "#250 FETTBABY",
    "msPlayed" : 3712370
  },
  {
    "endTime" : "2024-02-14 20:56",
    "podcastName" : "Gemischtes Hack",
    "episodeName" : "#250 FETTBABY",
    "msPlayed" : 760970
  },
  {
    "endTime" : "2024-02-14 21:26",
    "podcastName" : "Talk ohne Gast",
    "episodeName" : "Für Neureiche, deren Kind gerade 5 geworden ist",
    "msPlayed" : 108850
  },
  {
    "endTime" : "2024-02-15 17:11",
    "podcastName" : "Talk ohne Gast",
    "episodeName" : "Für Neureiche, deren Kind gerade 5 geworden ist",
    "msPlayed" : 74490
  },
  {
    "endTime" : "2024-02-15 17:58",
    "podcastName" : "Talk ohne Gast",
    "episodeName" : "Für Neureiche, deren Kind gerade 5 geworden ist",
    "msPlayed" : 2213140
  },
  {
    "endTime" : "2024-02-19 18:41",
    "podcastName" : "Talk ohne Gast",
    "episodeName" : "Shitstorm-Klippo",
    "msPlayed" : 967790
  },
  {
    "endTime" : "2024-02-21 17:33",
    "podcastName" : "Talk ohne Gast",
    "episodeName" : "Shitstorm-Klippo",
    "msPlayed" : 2582310
  },
  {
    "endTime" : "2024-02-21 18:01",
    "podcastName" : "Gemischtes Hack",
    "episodeName" : "#251 CKARSDN",
    "msPlayed" : 1598560
  },
  {
    "endTime" : "2024-02-21 21:32",
    "podcastName" : "Gemischtes Hack",
    "episodeName" : "#251 CKARSDN",
    "msPlayed" : 3071870
  },
  {
    "endTime" : "2024-02-24 13:58",
    "podcastName" : "Talk ohne Gast",
    "episodeName" : "Abofalle",
    "msPlayed" : 3706430
  },
  {
    "endTime" : "2024-02-28 18:16",
    "podcastName" : "Copa TS",
    "episodeName" : "#025: Das erste Mal im Stadion - mit Chris Kramer",
    "msPlayed" : 3566960
  },
  {
    "endTime" : "2024-03-01 13:50",
    "podcastName" : "Gemischtes Hack",
    "episodeName" : "#252 READY TO SHOOT",
    "msPlayed" : 196060
  },
  {
    "endTime" : "2024-03-01 14:52",
    "podcastName" : "Gemischtes Hack",
    "episodeName" : "#252 READY TO SHOOT",
    "msPlayed" : 1506850
  },
  {
    "endTime" : "2024-03-01 18:11",
    "podcastName" : "Gemischtes Hack",
    "episodeName" : "#252 READY TO SHOOT",
    "msPlayed" : 2481250
  },
  {
    "endTime" : "2024-03-01 18:32",
    "podcastName" : "Talk ohne Gast",
    "episodeName" : "Kartoffel in geil",
    "msPlayed" : 1246980
  },
  {
    "endTime" : "2024-03-02 14:11",
    "podcastName" : "Talk ohne Gast",
    "episodeName" : "Kartoffel in geil",
    "msPlayed" : 2703650
  },
  {
    "endTime" : "2024-03-08 11:52",
    "podcastName" : "Gemischtes Hack",
    "episodeName" : "#253 JURASSIC QUARK",
    "msPlayed" : 426910
  },
  {
    "endTime" : "2024-03-08 11:52",
    "podcastName" : "Gemischtes Hack",
    "episodeName" : "#194 FÜMF",
    "msPlayed" : 1620
  },
  {
    "endTime" : "2024-03-08 11:52",
    "podcastName" : "Gemischtes Hack",
    "episodeName" : "#195 SEX-OSTEN",
    "msPlayed" : 2280
  },
  {
    "endTime" : "2024-03-08 12:29",
    "podcastName" : "Gemischtes Hack",
    "episodeName" : "#253 JURASSIC QUARK",
    "msPlayed" : 539780
  },
  {
    "endTime" : "2024-03-08 13:29",
    "podcastName" : "Gemischtes Hack",
    "episodeName" : "#253 JURASSIC QUARK",
    "msPlayed" : 211540
  },
  {
    "endTime" : "2024-03-08 14:33",
    "podcastName" : "Talk ohne Gast",
    "episodeName" : "Fuzzi",
    "msPlayed" : 3766270
  },
  {
    "endTime" : "2024-03-12 09:09",
    "podcastName" : "Gemischtes Hack",
    "episodeName" : "#249 CHMAL",
    "msPlayed" : 961860
  },
  {
    "endTime" : "2024-03-17 20:39",
    "podcastName" : "Talk ohne Gast",
    "episodeName" : "Hart bleiben und weich werden",
    "msPlayed" : 3116830
  },
  {
    "endTime" : "2024-03-20 15:09",
    "podcastName" : "Gemischtes Hack",
    "episodeName" : "#255 PERLEN VOR DEN SÄULEN",
    "msPlayed" : 920
  },
  {
    "endTime" : "2024-03-20 15:27",
    "podcastName" : "Gemischtes Hack",
    "episodeName" : "#255 PERLEN VOR DEN SÄULEN",
    "msPlayed" : 961490
  },
  {
    "endTime" : "2024-03-20 17:52",
    "podcastName" : "Gemischtes Hack",
    "episodeName" : "#255 PERLEN VOR DEN SÄULEN",
    "msPlayed" : 3506160
  },
  {
    "endTime" : "2024-03-20 19:56",
    "podcastName" : "Copa TS",
    "episodeName" : "#028: Völlig losgelöst - mit Gregor Ryl",
    "msPlayed" : 582450
  },
  {
    "endTime" : "2024-03-20 20:53",
    "podcastName" : "Copa TS",
    "episodeName" : "#028: Völlig losgelöst - mit Gregor Ryl",
    "msPlayed" : 1448620
  },
  {
    "endTime" : "2024-03-27 18:32",
    "podcastName" : "Gemischtes Hack",
    "episodeName" : "#256 RAPPEL LEER",
    "msPlayed" : 2532450
  },
  {
    "endTime" : "2024-03-28 20:08",
    "podcastName" : "Gemischtes Hack",
    "episodeName" : "#256 RAPPEL LEER",
    "msPlayed" : 1824030
  },
  {
    "endTime" : "2024-03-29 21:03",
    "podcastName" : "Talk ohne Gast",
    "episodeName" : "Besoffen hat die Katze Socken an",
    "msPlayed" : 519871
  },
  {
    "endTime" : "2024-04-03 20:16",
    "podcastName" : "Gemischtes Hack",
    "episodeName" : "#257 PROMIFIRMA",
    "msPlayed" : 3456870
  },
  {
    "endTime" : "2024-04-04 12:39",
    "podcastName" : "Gemischtes Hack",
    "episodeName" : "#257 PROMIFIRMA",
    "msPlayed" : 1210743
  },
  {
    "endTime" : "2024-04-04 12:41",
    "podcastName" : "Copa TS",
    "episodeName" : "#030: Sagnolvili - mit Chris Kramer",
    "msPlayed" : 546
  },
  {
    "endTime" : "2024-04-05 15:30",
    "podcastName" : "Talk ohne Gast",
    "episodeName" : "Das Elch-Zimmer",
    "msPlayed" : 3482910
  }
]