[
  {
    "endTime" : "2024-04-27 23:18",
    "podcastName" : "People First Podcast",
    "episodeName" : "1. Робота з вигорівшою командою",
    "msPlayed" : 3112021
  },
  {
    "endTime" : "2024-04-28 12:18",
    "podcastName" : "People First Podcast",
    "episodeName" : "2. Синдром самозванця",
    "msPlayed" : 2612827
  },
  {
    "endTime" : "2024-04-28 12:51",
    "podcastName" : "Listening Time: English Practice",
    "episodeName" : "English Listening - My Experience Learning Italian",
    "msPlayed" : 1947635
  },
  {
    "endTime" : "2024-04-28 22:55",
    "podcastName" : "Mord am Mittwoch",
    "episodeName" : "#173 War es Mord? | Der Fall Brittany Murphy",
    "msPlayed" : 1769158
  },
  {
    "endTime" : "2024-04-28 23:16",
    "podcastName" : "Mord am Mittwoch",
    "episodeName" : "#173 War es Mord? | Der Fall Brittany Murphy",
    "msPlayed" : 1240448
  },
  {
    "endTime" : "2024-04-28 23:27",
    "podcastName" : "Kita dan Waktu",
    "episodeName" : "Eps 378 - Bohong kalo aku udah move on",
    "msPlayed" : 3668806
  },
  {
    "endTime" : "2024-04-28 23:57",
    "podcastName" : "Spotify ANIZONE - アニゾーン 【アストロノオト】",
    "episodeName" : "#4【転生したらスライムだった件】  岡咲美保×沼倉愛美 「正解がわからんのです！！」",
    "msPlayed" : 1768450
  },
  {
    "endTime" : "2024-04-29 10:23",
    "podcastName" : "السيرة النبوية - الشيخ بدر المشاري",
    "episodeName" : "السيرة النبوية - الحلقة الاولى",
    "msPlayed" : 1044027
  },
  {
    "endTime" : "2024-04-30 14:01",
    "podcastName" : "Spotify ANIZONE - アニゾーン 【アストロノオト】",
    "episodeName" : "#3【転生したらスライムだった件】  岡咲美保×沼倉愛美 「“アネキ”と呼ばせてください！！」",
    "msPlayed" : 22815
  },
  {
    "endTime" : "2024-05-12 16:58",
    "podcastName" : "Überdosis Crime",
    "episodeName" : "Ein mörderischer Millionärssohn | #24 Sounds of Crime",
    "msPlayed" : 2709241
  },
  {
    "endTime" : "2024-05-12 18:36",
    "podcastName" : "People First Podcast",
    "episodeName" : "21. Особиста продуктивність. Гостьовий епізод з Оксаною Смілкою",
    "msPlayed" : 3447817
  },
  {
    "endTime" : "2024-05-12 18:46",
    "podcastName" : "Kita dan Waktu",
    "episodeName" : "Eps 374 - Sejauh ini masih kamu",
    "msPlayed" : 4074338
  },
  {
    "endTime" : "2024-05-12 18:55",
    "podcastName" : "Real Syrian Arabic",
    "episodeName" : "18: Mother's and teacher's day in Syria عيد الأم وعيد المعلم بسوريا",
    "msPlayed" : 531814
  },
  {
    "endTime" : "2024-05-12 19:25",
    "podcastName" : "Listening Time: English Practice",
    "episodeName" : "English Listening - Motivation and Discipline",
    "msPlayed" : 1766023
  },
  {
    "endTime" : "2024-05-12 19:52",
    "podcastName" : "Mord am Mittwoch",
    "episodeName" : "#176 Harmloser Tiktoker oder gefährlicher Straftäter? 😳 | Der Fall Andrew Tate",
    "msPlayed" : 1621921
  }
]