
{
  "account_history_login_history": [
    {
      "title": "2022-10-27T14:13:57+00:00",
      "media_map_data": {
        
      },
      "string_map_data": {
        "Cookie Name": {
          "href": "",
          "value": "*************************V34",
          "timestamp": 0
        },
        "IP Address": {
          "href": "",
          "value": "3124:4fr3:ed23:0:xc6w:w44b:52b8:3456",
          "timestamp": 0
        },
        "Language Code": {
          "href": "",
          "value": "en-gb",
          "timestamp": 0
        },
        "Time": {
          "href": "",
          "value": "",
          "timestamp": 1666880037
        },
        "User Agent": {
          "href": "",
          "value": "Chrome/5.0 (Macintosh; Intel Mac OS X 10_15_7) AppleWebKit/537.36 (KHTML, like Gecko) Mozilaa/73.0.0.0 Safari/321.94",
          "timestamp": 0
        }
      }
    },
    {
      "title": "2022-10-27T12:01:53+00:00",
      "media_map_data": {
        
      },
      "string_map_data": {
        "Cookie Name": {
          "href": "",
          "value": "*************************V34",
          "timestamp": 0
        },
        "IP Address": {
          "href": "",
          "value": "3124:4fr3:ed23:0:xc6w:w44b:52b8:3456",
          "timestamp": 0
        },
        "Language Code": {
          "href": "",
          "value": "en-gb",
          "timestamp": 0
        },
        "Time": {
          "href": "",
          "value": "",
          "timestamp": 1666872113
        },
        "User Agent": {
          "href": "",
          "value": "Mozilla/5.0 (Macintosh; Intel Mac OS X 10_15_7) AppleWebKit/537.36 (KHTML, like Gecko) Mozilaa/73.0.0.0 Safari/321.94",
          "timestamp": 0
        }
      }
    },
    {
      "title": "2022-10-27T11:06:25+00:00",
      "media_map_data": {
        
      },
      "string_map_data": {
        "Cookie Name": {
          "href": "",
          "value": "*************************ffh",
          "timestamp": 0
        },
        "IP Address": {
          "href": "",
          "value": "2001:4dd6:aa55:0:9056:5132:a0ff:7ac",
          "timestamp": 0
        },
        "Language Code": {
          "href": "",
          "value": "en",
          "timestamp": 0
        },
        "Time": {
          "href": "",
          "value": "",
          "timestamp": 1666868785
        },
        "User Agent": {
          "href": "",
          "value": "Instagram 127.1.0.34.123 (iPhone12,3; iOS 15_0; en_IN; en-IN; scale=2.00; 1071x1512; 435353535) AppleWebKit/420+",
          "timestamp": 0
        }
      }
    },
    {
      "title": "2022-10-26T13:08:03+00:00",
      "media_map_data": {
        
      },
      "string_map_data": {
        "Cookie Name": {
          "href": "",
          "value": "*************************ghf",
          "timestamp": 0
        },
        "IP Address": {
          "href": "",
          "value": "2001:4dd6:aa55:0:6c64:d695:edc6:3ba0",
          "timestamp": 0
        },
        "Language Code": {
          "href": "",
          "value": "en",
          "timestamp": 0
        },
        "Time": {
          "href": "",
          "value": "",
          "timestamp": 1666789683
        },
        "User Agent": {
          "href": "",
          "value": "Instagram 127.1.0.34.123 (iPhone12,3; iOS 15_0; en_IN; en-IN; scale=2.00; 1071x1512; 435353535) AppleWebKit/420+",
          "timestamp": 0
        }
      }
    },
    {
      "title": "2022-10-25T20:32:17+00:00",
      "media_map_data": {
        
      },
      "string_map_data": {
        "Cookie Name": {
          "href": "",
          "value": "*************************gdg",
          "timestamp": 0
        },
        "IP Address": {
          "href": "",
          "value": "2001:4dd6:aa55:0:f871:1f1a:b415:bebe",
          "timestamp": 0
        },
        "Language Code": {
          "href": "",
          "value": "en",
          "timestamp": 0
        },
        "Time": {
          "href": "",
          "value": "",
          "timestamp": 1666775186
        },
        "User Agent": {
          "href": "",
          "value": "Instagram 127.1.0.34.123 (iPhone12,3; iOS 15_0; en_IN; en-IN; scale=2.00; 1071x1512; 435353535) AppleWebKit/420+",
          "timestamp": 0
        }
      }
    },
    {
      "title": "2022-10-24T08:16:17+00:00",
      "media_map_data": {
        
      },
      "string_map_data": {
        "Cookie Name": {
          "href": "",
          "value": "*************************gdg",
          "timestamp": 0
        },
        "IP Address": {
          "href": "",
          "value": "2001:4dd6:aa55:0:3402:f551:7ee1:b16c",
          "timestamp": 0
        },
        "Language Code": {
          "href": "",
          "value": "en",
          "timestamp": 0
        },
        "Time": {
          "href": "",
          "value": "",
          "timestamp": 1666599377
        },
        "User Agent": {
          "href": "",
          "value": "Instagram 127.1.0.34.123 (iPhone12,3; iOS 15_0; en_IN; en-IN; scale=2.00; 1071x1512; 435353535) AppleWebKit/420+",
          "timestamp": 0
        }
      }
    },
    {
      "title": "2022-10-23T15:27:09+00:00",
      "media_map_data": {
        
      },
      "string_map_data": {
        "Cookie Name": {
          "href": "",
          "value": "*************************gdg",
          "timestamp": 0
        },
        "IP Address": {
          "href": "",
          "value": "2a02:3035:802:1592:61a0:7601:1f36:483d",
          "timestamp": 0
        },
        "Language Code": {
          "href": "",
          "value": "en",
          "timestamp": 0
        },
        "Time": {
          "href": "",
          "value": "",
          "timestamp": 1666538829
        },
        "User Agent": {
          "href": "",
          "value": "Instagram 127.1.0.34.123 (iPhone12,3; iOS 15_0; en_IN; en-IN; scale=2.00; 1071x1512; 435353535) AppleWebKit/420+",
          "timestamp": 0
        }
      }
    },
    {
      "title": "2022-10-22T15:38:19+00:00",
      "media_map_data": {
        
      },
      "string_map_data": {
        "Cookie Name": {
          "href": "",
          "value": "*************************fgd",
          "timestamp": 0
        },
        "IP Address": {
          "href": "",
          "value": "2a02:3037:41b:9b48:48aa:82cb:2454:d0d9",
          "timestamp": 0
        },
        "Language Code": {
          "href": "",
          "value": "en",
          "timestamp": 0
        },
        "Time": {
          "href": "",
          "value": "",
          "timestamp": 1666453099
        },
        "User Agent": {
          "href": "",
          "value": "Instagram 127.1.0.34.123 (iPhone12,3; iOS 15_0; en_IN; en-IN; scale=2.00; 1071x1512; 435353535) AppleWebKit/420+",
          "timestamp": 0
        }
      }
    },
    {
      "title": "2022-10-21T23:01:43+00:00",
      "media_map_data": {
        
      },
      "string_map_data": {
        "Cookie Name": {
          "href": "",
          "value": "*************************dgd",
          "timestamp": 0
        },
        "IP Address": {
          "href": "",
          "value": "2001:4dd6:aa55:0:74b5:86bb:1901:68ee",
          "timestamp": 0
        },
        "Language Code": {
          "href": "",
          "value": "en",
          "timestamp": 0
        },
        "Time": {
          "href": "",
          "value": "",
          "timestamp": 1666393303
        },
        "User Agent": {
          "href": "",
          "value": "Instagram 127.1.0.34.123 (iPhone12,3; iOS 15_0; en_IN; en-IN; scale=2.00; 1071x1512; 435353535) AppleWebKit/420+",
          "timestamp": 0
        }
      }
    },
    {
      "title": "2022-10-21T12:39:55+00:00",
      "media_map_data": {
        
      },
      "string_map_data": {
        "Cookie Name": {
          "href": "",
          "value": "*************************fgL",
          "timestamp": 0
        },
        "IP Address": {
          "href": "",
          "value": "2001:4dd6:aa55:0:302f:a08:adde:4c08",
          "timestamp": 0
        },
        "Language Code": {
          "href": "",
          "value": "en",
          "timestamp": 0
        },
        "Time": {
          "href": "",
          "value": "",
          "timestamp": 1666355995
        },
        "User Agent": {
          "href": "",
          "value": "Instagram 127.1.0.34.123 (iPhone12,3; iOS 15_0; en_IN; en-IN; scale=2.00; 1071x1512; 435353535) AppleWebKit/420+",
          "timestamp": 0
        }
      }
    }
  ]
}