{
  "account_history_logout_history": [
    {
      "title": "2022-10-27T12:03:48+00:00",
      "media_map_data": {
        
      },
      "string_map_data": {
        "Cookie Name": {
          "href": "",
          "value": "*************************rwe",
          "timestamp": 0
        },
        "IP Address": {
          "href": "",
          "value": "2001:4dd6:aa55:0:fd7f:a447:41a0:6979",
          "timestamp": 0
        },
        "Language Code": {
          "href": "",
          "value": "en-gb",
          "timestamp": 0
        },
        "Time": {
          "href": "",
          "value": "",
          "timestamp": 1666872228
        },
        "User Agent": {
          "href": "",
          "value": "Chrome/5.0 (Macintosh; Intel Mac OS X 10_15_7) AppleWebKit/537.36 (KHTML, like Gecko) Mozila/106.0.0.0 IE/537.36",
          "timestamp": 0
        }
      }
    },
    {
      "title": "2022-10-27T11:08:36+00:00",
      "media_map_data": {
        
      },
      "string_map_data": {
        "Cookie Name": {
          "href": "",
          "value": "*************************ewr",
          "timestamp": 0
        },
        "IP Address": {
          "href": "",
          "value": "2001:4dd6:aa55:0:9056:5132:a0ff:7ac",
          "timestamp": 0
        },
        "Language Code": {
          "href": "",
          "value": "en",
          "timestamp": 0
        },
        "Time": {
          "href": "",
          "value": "",
          "timestamp": 1666868916
        },
        "User Agent": {
          "href": "",
          "value": "Instagram 257.1.0.13.119 (iPhone14,5; iOS 16_0; en_IN; en-IN; scale=3.00; 1170x2532; 409247554) AppleWebKit/420+",
          "timestamp": 0
        }
      }
    },
    {
      "title": "2022-10-27T11:03:39+00:00",
      "media_map_data": {
        
      },
      "string_map_data": {
        "Cookie Name": {
          "href": "",
          "value": "*************************ewr",
          "timestamp": 0
        },
        "IP Address": {
          "href": "",
          "value": "2001:4dd6:aa55:0:9056:5132:a0ff:7ac",
          "timestamp": 0
        },
        "Language Code": {
          "href": "",
          "value": "en",
          "timestamp": 0
        },
        "Time": {
          "href": "",
          "value": "",
          "timestamp": 1666868619
        },
        "User Agent": {
          "href": "",
          "value": "Instagram 257.1.0.13.119 (iPhone14,5; iOS 16_0; en_IN; en-IN; scale=3.00; 1170x2532; 409247554) AppleWebKit/420+",
          "timestamp": 0
        }
      }
    },
    {
      "title": "2022-10-26T20:42:52+00:00",
      "media_map_data": {
        
      },
      "string_map_data": {
        "Cookie Name": {
          "href": "",
          "value": "*************************dfs",
          "timestamp": 0
        },
        "IP Address": {
          "href": "",
          "value": "2001:4dd6:aa55:0:877:f54:afb9:6db6",
          "timestamp": 0
        },
        "Language Code": {
          "href": "",
          "value": "en",
          "timestamp": 0
        },
        "Time": {
          "href": "",
          "value": "",
          "timestamp": 1666816972
        },
        "User Agent": {
          "href": "",
          "value": "Instagram 257.1.0.13.119 (iPhone14,5; iOS 16_0; en_IN; en-IN; scale=3.00; 1170x2532; 409247554) AppleWebKit/420+",
          "timestamp": 0
        }
      }
    }
  ]
}