{
  "profile_profile_change": [
    {
      "title": "Profile Change",
      "media_map_data": {
        
      },
      "string_map_data": {
        "Changed": {
          "href": "",
          "value": "Username",
          "timestamp": 0
        },
        "Previous Value": {
          "href": "",
          "value": "",
          "timestamp": 0
        },
        "New Value": {
          "href": "",
          "value": "nina",
          "timestamp": 0
        },
        "Change Date": {
          "href": "",
          "value": "",
          "timestamp": 1527618489
        }
      }
    }
  ]
}