{
  "name": "redacted",
  "photos": [
    {
      "uri": "your_activity_across_facebook/posts/media/Profilbilder_7zDcocbeNw/redacted_image.png",
      "creation_timestamp": 1499883780,
      "media_metadata": {
        "photo_metadata": {
          "exif_data": [
            {
              "upload_ip": "127.0.0.1",
              "taken_timestamp": 1499883782
            }
          ]
        }
      },
      "title": "redacted"
    }
  ],
  "cover_photo": {
    "uri": "your_activity_across_facebook/posts/media/Profilbilder_7zDcocbeNw/redacted_image.png",
    "creation_timestamp": 1499883780,
    "media_metadata": {
      "photo_metadata": {
        "exif_data": [
          {
            "upload_ip": "127.0.0.1",
            "taken_timestamp": 1499883782
          }
        ]
      }
    },
    "title": "redacted"
  },
  "last_modified_timestamp": 1499892462,
  "description": ""
}