{
  "name": "redacted",
  "photos": [
    {
      "uri": "your_activity_across_facebook/posts/media/Titelbilder_3w35OKj0-Q/redacted_image.png",
      "creation_timestamp": 1473747338,
      "media_metadata": {
        "photo_metadata": {
          "exif_data": [
            {
              "upload_ip": "127.0.0.1",
              "taken_timestamp": 1473747340
            }
          ]
        }
      },
      "title": "redacted"
    },
    {
      "uri": "your_activity_across_facebook/posts/media/Titelbilder_3w35OKj0-Q/redacted_image.png",
      "creation_timestamp": 1583583134,
      "media_metadata": {
        "photo_metadata": {
          "exif_data": [
            {
              "upload_ip": "2001:16b8:1855:4500:8913:aaaa:ef00:e598",
              "taken_timestamp": 1583583136,
              "orientation": 1
            }
          ]
        }
      },
      "title": "redacted"
    }
  ],
  "cover_photo": {
    "uri": "your_activity_across_facebook/posts/media/Titelbilder_3w35OKj0-Q/redacted_image.png",
    "creation_timestamp": 1583583134,
    "media_metadata": {
      "photo_metadata": {
        "exif_data": [
          {
            "upload_ip": "2001:16b8:1855:4500:8913:aaaa:ef00:e598",
            "taken_timestamp": 1583583136,
            "orientation": 1
          }
        ]
      }
    },
    "title": "redacted"
  },
  "last_modified_timestamp": 1583583136,
  "description": ""
}