{
  "name": "redacted",
  "photos": [
    {
      "uri": "your_activity_across_facebook/posts/media/UploadsvonMobilgeraten_BM6iyCOoCg/redacted_image.png",
      "creation_timestamp": 1447769247,
      "media_metadata": {
        "photo_metadata": {
          "exif_data": [
            {
              "upload_ip": "127.0.0.1",
              "taken_timestamp": 1447769627
            }
          ]
        }
      },
      "title": "redacted",
      "description": "Auf Klassenfahrt\u00f0\u009f\u008c\u00b4 \u00f0\u009f\u008e\u0089"
    }
  ],
  "cover_photo": {
    "uri": "your_activity_across_facebook/posts/media/UploadsvonMobilgeraten_BM6iyCOoCg/redacted_image.png",
    "creation_timestamp": 1447769247,
    "media_metadata": {
      "photo_metadata": {
        "exif_data": [
          {
            "upload_ip": "127.0.0.1",
            "taken_timestamp": 1447769627
          }
        ]
      }
    },
    "title": "redacted",
    "description": "Auf Klassenfahrt\u00f0\u009f\u008c\u00b4 \u00f0\u009f\u008e\u0089"
  },
  "last_modified_timestamp": 1577720826,
  "description": ""
}