[
  {
    "platform" : "ANDROID",
    "searchTime" : "2022-09-22T04:45:54.424Z[UTC]",
    "searchQuery" : "it could be anyone",
    "searchInteractionURIs" : [
      "spotify:track:4tRhRLBxIZ34Iw0eCuiC03",
      "spotify:track:73vIOb4Q7YN6HeJTbscRx5"
    ]
  },
  {
    "platform" : "LINUX_X86_64",
    "searchTime" : "2022-09-27T19:32:33.882Z[UTC]",
    "searchQuery" : "twe",
    "searchInteractionURIs" : [
    ]
  },
  {
    "platform" : "LINUX_X86_64",
    "searchTime" : "2022-09-27T19:32:34.564Z[UTC]",
    "searchQuery" : "twen",
    "searchInteractionURIs" : [
    ]
  },
  {
    "platform" : "ANDROID",
    "searchTime" : "2022-10-09T06:29:34.223Z[UTC]",
    "searchQuery" : "vess",
    "searchInteractionURIs" : [
      "spotify:album:2r2r78NE05YjyHyVbVgqFn",
      "spotify:artist:3YQKmKGau1PzlVlkL1iodx",
      "spotify:album:2r2r78NE05YjyHyVbVgqFn"
    ]
  },
  {
    "platform" : "ANDROID",
    "searchTime" : "2022-10-11T16:25:48.280Z[UTC]",
    "searchQuery" : "ferr",
    "searchInteractionURIs" : [
      "spotify:track:4zN21mbAuaD0WqtmaTZZeP",
      "spotify:track:4zN21mbAuaD0WqtmaTZZeP"
    ]
  },
  {
    "platform" : "ANDROID_ARM",
    "searchTime" : "2022-10-29T18:16:46.546Z[UTC]",
    "searchQuery" : "engl",
    "searchInteractionURIs" : [
    ]
  },
  {
    "platform" : "ANDROID",
    "searchTime" : "2022-10-29T18:16:47.815Z[UTC]",
    "searchQuery" : "english rap",
    "searchInteractionURIs" : [
      "spotify:playlist:37i9dQZF1EIgIwPJju1vhX"
    ]
  },
  {
    "platform" : "",
    "searchTime" : "2022-11-01T00:57:13.206Z[UTC]",
    "searchQuery" : "5",
    "searchInteractionURIs" : [
    ]
  },
  {
    "platform" : "ANDROID_ARM",
    "searchTime" : "2022-11-01T00:57:13.329Z[UTC]",
    "searchQuery" : "5",
    "searchInteractionURIs" : [
    ]
  },
  {
    "platform" : "",
    "searchTime" : "2022-11-01T00:57:13.388Z[UTC]",
    "searchQuery" : "50",
    "searchInteractionURIs" : [
    ]
  },
  {
    "platform" : "ANDROID_ARM",
    "searchTime" : "2022-11-01T17:28:06.991Z[UTC]",
    "searchQuery" : "summert",
    "searchInteractionURIs" : [
    ]
  },
  {
    "platform" : "ANDROID",
    "searchTime" : "2022-11-01T17:28:12.201Z[UTC]",
    "searchQuery" : "summertime",
    "searchInteractionURIs" : [
    ]
  },
  {
    "platform" : "ANDROID_ARM",
    "searchTime" : "2022-11-01T17:29:04.853Z[UTC]",
    "searchQuery" : "sum",
    "searchInteractionURIs" : [
    ]
  },
  {
    "platform" : "ANDROID",
    "searchTime" : "2022-11-01T17:29:10.820Z[UTC]",
    "searchQuery" : "summer",
    "searchInteractionURIs" : [
      "spotify:track:7sZUHAC6nadme4EwrLe99Q"
    ]
  }
]
