[
  {
    "endTime" : "2021-07-19 12:46",
    "artistName" : "CRO",
    "trackName" : "NICE!",
    "msPlayed" : 152000
  },
  {
    "endTime" : "2021-11-19 12:46",
    "artistName" : "CRO",
    "trackName" : "NICE!",
    "msPlayed" : 152000
  },
  {
    "endTime" : "2021-11-19 13:04",
    "artistName" : "CRO",
    "trackName" : "DIAMONDS",
    "msPlayed" : 96240
  },
  {
    "endTime" : "2021-11-19 13:07",
    "artistName" : "CRO",
    "trackName" : "DIAMONDS",
    "msPlayed" : 83085
  },
  {
    "endTime" : "2021-11-19 13:14",
    "artistName" : "CRO",
    "trackName" : "HÖR NICHT AUF (feat. Teesy)",
    "msPlayed" : 241038
  },
  {
    "endTime" : "2021-11-19 13:15",
    "artistName" : "CRO",
    "trackName" : "trip",
    "msPlayed" : 97200
  },
  {
    "endTime" : "2021-11-19 13:55",
    "artistName" : "CRO",
    "trackName" : "endless summer",
    "msPlayed" : 86301
  },
  {
    "endTime" : "2021-11-19 17:05",
    "artistName" : "RIN",
    "trackName" : "Athen (feat. Schmyt)",
    "msPlayed" : 156675
  },
  {
    "endTime" : "2021-11-20 13:05",
    "artistName" : "Die Orsons",
    "trackName" : "Hin und Her",
    "msPlayed" : 6452
  },
  {
    "endTime" : "2021-11-20 13:05",
    "artistName" : "Die Orsons",
    "trackName" : "Sog",
    "msPlayed" : 2389
  },
  {
    "endTime" : "2021-11-20 13:05",
    "artistName" : "Die Orsons",
    "trackName" : "Sog",
    "msPlayed" : 502
  },
  {
    "endTime" : "2021-11-20 13:05",
    "artistName" : "Die Orsons",
    "trackName" : "Feuer & Öl",
    "msPlayed" : 10385
  },
  {
    "endTime" : "2021-11-20 13:05",
    "artistName" : "Die Orsons",
    "trackName" : "Schneeweiß",
    "msPlayed" : 0
  },
  {
    "endTime" : "2021-11-20 13:30",
    "artistName" : "Die Orsons",
    "trackName" : "Kapitel III",
    "msPlayed" : 15547
  },
  {
    "endTime" : "2021-11-20 13:30",
    "artistName" : "Die Orsons",
    "trackName" : "Schneeweiß",
    "msPlayed" : 177391
  },
  {
    "endTime" : "2021-11-20 13:46",
    "artistName" : "Die Orsons",
    "trackName" : "Sowas von egal",
    "msPlayed" : 81490
  },
  {
    "endTime" : "2021-11-20 13:48",
    "artistName" : "Die Orsons",
    "trackName" : "Lovelocks",
    "msPlayed" : 139898
  },
  {
    "endTime" : "2021-11-20 14:07",
    "artistName" : "Twenty One Pilots",
    "trackName" : "Lane Boy / Redecorate / Chlorine - Livestream Version",
    "msPlayed" : 288200
  },
  {
    "endTime" : "2021-11-20 14:10",
    "artistName" : "Edward Snowden",
    "trackName" : "Kapitel 1 - Permanent Record - Meine Geschichte",
    "msPlayed" : 600
  },
  {
    "endTime" : "2021-11-20 14:13",
    "artistName" : "Edward Snowden",
    "trackName" : "Kapitel 158 - Permanent Record - Meine Geschichte",
    "msPlayed" : 188170
  },
  {
    "endTime" : "2021-11-20 14:19",
    "artistName" : "Edward Snowden",
    "trackName" : "Kapitel 159 - Permanent Record - Meine Geschichte",
    "msPlayed" : 187529
  },
  {
    "endTime" : "2021-11-20 14:23",
    "artistName" : "Edward Snowden",
    "trackName" : "Kapitel 160 - Permanent Record - Meine Geschichte",
    "msPlayed" : 191745
  },
  {
    "endTime" : "2021-11-20 14:33",
    "artistName" : "Edward Snowden",
    "trackName" : "Kapitel 161 - Permanent Record - Meine Geschichte",
    "msPlayed" : 2835
  },
  {
    "endTime" : "2021-11-20 14:42",
    "artistName" : "Edward Snowden",
    "trackName" : "Kapitel 161 - Permanent Record - Meine Geschichte",
    "msPlayed" : 188502
  },
  {
    "endTime" : "2021-11-20 14:46",
    "artistName" : "Edward Snowden",
    "trackName" : "Kapitel 162 - Permanent Record - Meine Geschichte",
    "msPlayed" : 183390
  },
  {
    "endTime" : "2021-11-20 14:49",
    "artistName" : "Edward Snowden",
    "trackName" : "Kapitel 163 - Permanent Record - Meine Geschichte",
    "msPlayed" : 194881
  },
  {
    "endTime" : "2021-11-20 14:52",
    "artistName" : "Edward Snowden",
    "trackName" : "Kapitel 164 - Permanent Record - Meine Geschichte",
    "msPlayed" : 186481
  },
  {
    "endTime" : "2021-11-20 14:55",
    "artistName" : "Edward Snowden",
    "trackName" : "Kapitel 165 - Permanent Record - Meine Geschichte",
    "msPlayed" : 188152
  },
  {
    "endTime" : "2021-11-20 15:01",
    "artistName" : "Edward Snowden",
    "trackName" : "Kapitel 166 - Permanent Record - Meine Geschichte",
    "msPlayed" : 187928
  },
  {
    "endTime" : "2021-11-20 15:04",
    "artistName" : "Edward Snowden",
    "trackName" : "Kapitel 167 - Permanent Record - Meine Geschichte",
    "msPlayed" : 191012
  },
  {
    "endTime" : "2021-11-20 15:07",
    "artistName" : "Edward Snowden",
    "trackName" : "Kapitel 168 - Permanent Record - Meine Geschichte",
    "msPlayed" : 188051
  },
  {
    "endTime" : "2021-11-20 15:11",
    "artistName" : "Edward Snowden",
    "trackName" : "Kapitel 169 - Permanent Record - Meine Geschichte",
    "msPlayed" : 182228
  },
  {
    "endTime" : "2021-11-20 15:14",
    "artistName" : "Edward Snowden",
    "trackName" : "Kapitel 170 - Permanent Record - Meine Geschichte",
    "msPlayed" : 188659
  },
  {
    "endTime" : "2021-11-20 15:17",
    "artistName" : "Edward Snowden",
    "trackName" : "Kapitel 171 - Permanent Record - Meine Geschichte",
    "msPlayed" : 191701
  },
  {
    "endTime" : "2021-11-20 15:26",
    "artistName" : "Edward Snowden",
    "trackName" : "Kapitel 172 - Permanent Record - Meine Geschichte",
    "msPlayed" : 189880
  },
  {
    "endTime" : "2021-11-20 15:31",
    "artistName" : "Edward Snowden",
    "trackName" : "Kapitel 173 - Permanent Record - Meine Geschichte",
    "msPlayed" : 189545
  },
  {
    "endTime" : "2021-11-20 15:34",
    "artistName" : "Edward Snowden",
    "trackName" : "Kapitel 174 - Permanent Record - Meine Geschichte",
    "msPlayed" : 184208
  },
  {
    "endTime" : "2021-11-20 15:37",
    "artistName" : "Edward Snowden",
    "trackName" : "Kapitel 175 - Permanent Record - Meine Geschichte",
    "msPlayed" : 184888
  },
  {
    "endTime" : "2021-11-20 15:43",
    "artistName" : "Edward Snowden",
    "trackName" : "Kapitel 176 - Permanent Record - Meine Geschichte",
    "msPlayed" : 193298
  },
  {
    "endTime" : "2021-11-20 15:47",
    "artistName" : "Edward Snowden",
    "trackName" : "Kapitel 177 - Permanent Record - Meine Geschichte",
    "msPlayed" : 196101
  },
  {
    "endTime" : "2021-11-20 15:50",
    "artistName" : "Edward Snowden",
    "trackName" : "Kapitel 178 - Permanent Record - Meine Geschichte",
    "msPlayed" : 180526
  },
  {
    "endTime" : "2021-11-20 15:53",
    "artistName" : "Edward Snowden",
    "trackName" : "Kapitel 179 - Permanent Record - Meine Geschichte",
    "msPlayed" : 182651
  },
  {
    "endTime" : "2021-11-20 15:56",
    "artistName" : "Edward Snowden",
    "trackName" : "Kapitel 180 - Permanent Record - Meine Geschichte",
    "msPlayed" : 184528
  },
  {
    "endTime" : "2021-11-20 15:59",
    "artistName" : "Edward Snowden",
    "trackName" : "Kapitel 181 - Permanent Record - Meine Geschichte",
    "msPlayed" : 189175
  },
  {
    "endTime" : "2021-11-20 16:08",
    "artistName" : "Edward Snowden",
    "trackName" : "Kapitel 182 - Permanent Record - Meine Geschichte",
    "msPlayed" : 186687
  },
  {
    "endTime" : "2021-11-20 16:18",
    "artistName" : "Edward Snowden",
    "trackName" : "Kapitel 183 - Permanent Record - Meine Geschichte",
    "msPlayed" : 196702
  },
  {
    "endTime" : "2021-11-20 16:22",
    "artistName" : "Edward Snowden",
    "trackName" : "Kapitel 184 - Permanent Record - Meine Geschichte",
    "msPlayed" : 186017
  },
  {
    "endTime" : "2021-11-20 16:25",
    "artistName" : "Edward Snowden",
    "trackName" : "Kapitel 185 - Permanent Record - Meine Geschichte",
    "msPlayed" : 187672
  },
  {
    "endTime" : "2021-11-20 16:30",
    "artistName" : "Edward Snowden",
    "trackName" : "Kapitel 186 - Permanent Record - Meine Geschichte",
    "msPlayed" : 183929
  },
  {
    "endTime" : "2021-11-20 16:33",
    "artistName" : "Edward Snowden",
    "trackName" : "Kapitel 187 - Permanent Record - Meine Geschichte",
    "msPlayed" : 184310
  },
  {
    "endTime" : "2021-11-20 16:36",
    "artistName" : "Edward Snowden",
    "trackName" : "Kapitel 188 - Permanent Record - Meine Geschichte",
    "msPlayed" : 196921
  },
  {
    "endTime" : "2021-11-20 16:39",
    "artistName" : "Edward Snowden",
    "trackName" : "Kapitel 189 - Permanent Record - Meine Geschichte",
    "msPlayed" : 186521
  },
  {
    "endTime" : "2021-11-20 16:43",
    "artistName" : "Edward Snowden",
    "trackName" : "Kapitel 190 - Permanent Record - Meine Geschichte",
    "msPlayed" : 192273
  },
  {
    "endTime" : "2021-11-20 16:46",
    "artistName" : "Edward Snowden",
    "trackName" : "Kapitel 191 - Permanent Record - Meine Geschichte",
    "msPlayed" : 186049
  },
  {
    "endTime" : "2021-11-20 16:49",
    "artistName" : "Edward Snowden",
    "trackName" : "Kapitel 192 - Permanent Record - Meine Geschichte",
    "msPlayed" : 199191
  },
  {
    "endTime" : "2021-11-20 16:52",
    "artistName" : "Edward Snowden",
    "trackName" : "Kapitel 193 - Permanent Record - Meine Geschichte",
    "msPlayed" : 194719
  },
  {
    "endTime" : "2021-11-20 16:54",
    "artistName" : "Edward Snowden",
    "trackName" : "Kapitel 194 - Permanent Record - Meine Geschichte",
    "msPlayed" : 92229
  },
  {
    "endTime" : "2021-11-20 16:55",
    "artistName" : "Edward Snowden",
    "trackName" : "Kapitel 196 - Permanent Record - Meine Geschichte",
    "msPlayed" : 0
  },
  {
    "endTime" : "2021-11-20 16:55",
    "artistName" : "Edward Snowden",
    "trackName" : "Kapitel 197 - Permanent Record - Meine Geschichte",
    "msPlayed" : 0
  },
  {
    "endTime" : "2021-11-20 16:55",
    "artistName" : "Edward Snowden",
    "trackName" : "Kapitel 195 - Permanent Record - Meine Geschichte",
    "msPlayed" : 57271
  },
  {
    "endTime" : "2021-11-20 16:57",
    "artistName" : "Edward Snowden",
    "trackName" : "Kapitel 196 - Permanent Record - Meine Geschichte",
    "msPlayed" : 11467
  },
  {
    "endTime" : "2021-11-20 16:57",
    "artistName" : "Edward Snowden",
    "trackName" : "Kapitel 194 - Permanent Record - Meine Geschichte",
    "msPlayed" : 0
  },
  {
    "endTime" : "2021-11-20 16:57",
    "artistName" : "Edward Snowden",
    "trackName" : "Kapitel 198 - Permanent Record - Meine Geschichte",
    "msPlayed" : 5939
  },
  {
    "endTime" : "2021-11-20 16:57",
    "artistName" : "Edward Snowden",
    "trackName" : "Kapitel 197 - Permanent Record - Meine Geschichte",
    "msPlayed" : 17915
  },
  {
    "endTime" : "2021-11-20 16:57",
    "artistName" : "Edward Snowden",
    "trackName" : "Kapitel 195 - Permanent Record - Meine Geschichte",
    "msPlayed" : 2745
  },
  {
    "endTime" : "2021-11-20 17:04",
    "artistName" : "Edward Snowden",
    "trackName" : "Kapitel 193 - Permanent Record - Meine Geschichte",
    "msPlayed" : 14852
  },
  {
    "endTime" : "2021-11-20 17:07",
    "artistName" : "Edward Snowden",
    "trackName" : "Kapitel 194 - Permanent Record - Meine Geschichte",
    "msPlayed" : 128065
  },
  {
    "endTime" : "2021-11-20 17:10",
    "artistName" : "Edward Snowden",
    "trackName" : "Kapitel 195 - Permanent Record - Meine Geschichte",
    "msPlayed" : 186675
  },
  {
    "endTime" : "2021-11-20 17:14",
    "artistName" : "Edward Snowden",
    "trackName" : "Kapitel 196 - Permanent Record - Meine Geschichte",
    "msPlayed" : 186941
  },
  {
    "endTime" : "2021-11-20 17:26",
    "artistName" : "Edward Snowden",
    "trackName" : "Kapitel 197 - Permanent Record - Meine Geschichte",
    "msPlayed" : 140402
  },
  {
    "endTime" : "2021-11-20 17:47",
    "artistName" : "Die Orsons",
    "trackName" : "Lovelocks",
    "msPlayed" : 139671
  },
  {
    "endTime" : "2021-11-20 19:21",
    "artistName" : "BRUCKNER",
    "trackName" : "Weit weg",
    "msPlayed" : 221946
  },
  {
    "endTime" : "2021-11-20 20:05",
    "artistName" : "BRUCKNER",
    "trackName" : "Elefanten",
    "msPlayed" : 956
  },
  {
    "endTime" : "2021-11-21 07:58",
    "artistName" : "Die Orsons",
    "trackName" : "Lovelocks",
    "msPlayed" : 45
  },
  {
    "endTime" : "2021-11-21 08:11",
    "artistName" : "Olivia Dean",
    "trackName" : "Echo - Live At The Jazz Cafe",
    "msPlayed" : 254973
  },
  {
    "endTime" : "2021-11-21 10:41",
    "artistName" : "Adele",
    "trackName" : "Strangers By Nature",
    "msPlayed" : 182142
  },
  {
    "endTime" : "2021-11-21 10:45",
    "artistName" : "Adele",
    "trackName" : "Easy On Me",
    "msPlayed" : 224418
  },
  {
    "endTime" : "2021-11-21 10:49",
    "artistName" : "Adele",
    "trackName" : "My Little Love",
    "msPlayed" : 265440
  },
  {
    "endTime" : "2021-11-21 10:54",
    "artistName" : "Adele",
    "trackName" : "Cry Your Heart Out",
    "msPlayed" : 255232
  },
  {
    "endTime" : "2021-11-21 10:57",
    "artistName" : "Adele",
    "trackName" : "Oh My God",
    "msPlayed" : 224958
  },
  {
    "endTime" : "2021-11-21 11:01",
    "artistName" : "Adele",
    "trackName" : "Can I Get It",
    "msPlayed" : 209746
  },
  {
    "endTime" : "2021-11-21 11:07",
    "artistName" : "Adele",
    "trackName" : "I Drink Wine",
    "msPlayed" : 375985
  },
  {
    "endTime" : "2021-11-21 11:10",
    "artistName" : "Adele",
    "trackName" : "All Night Parking (with Erroll Garner) Interlude",
    "msPlayed" : 161626
  },
  {
    "endTime" : "2021-11-21 16:56",
    "artistName" : "John Mayer",
    "trackName" : "New Light",
    "msPlayed" : 592
  },
  {
    "endTime" : "2021-11-21 16:56",
    "artistName" : "John Mayer",
    "trackName" : "New Light",
    "msPlayed" : 15
  },
  {
    "endTime" : "2021-11-21 17:00",
    "artistName" : "John Mayer",
    "trackName" : "New Light",
    "msPlayed" : 217297
  },
  {
    "endTime" : "2021-11-21 18:21",
    "artistName" : "Morris the Friend",
    "trackName" : "Orange Room",
    "msPlayed" : 156753
  },
  {
    "endTime" : "2021-11-21 18:26",
    "artistName" : "Tame Impala",
    "trackName" : "Breathe Deeper - Lil Yachty Remix",
    "msPlayed" : 288365
  },
  {
    "endTime" : "2021-11-21 18:29",
    "artistName" : "AUDREY NUNA",
    "trackName" : "Top Again (feat. Saba)",
    "msPlayed" : 100707
  },
  {
    "endTime" : "2021-11-21 18:40",
    "artistName" : "AUDREY NUNA",
    "trackName" : "Top Again (feat. Saba)",
    "msPlayed" : 86689
  },
  {
    "endTime" : "2021-11-21 18:45",
    "artistName" : "Jelani Aryeh",
    "trackName" : "Marigold",
    "msPlayed" : 242862
  },
  {
    "endTime" : "2021-11-21 18:48",
    "artistName" : "PHFAT",
    "trackName" : "Whatever You Like",
    "msPlayed" : 169888
  },
  {
    "endTime" : "2021-11-21 18:51",
    "artistName" : "Shelter Boy",
    "trackName" : "Calm Me Down",
    "msPlayed" : 185735
  },
  {
    "endTime" : "2021-11-21 18:54",
    "artistName" : "Thunder Jackson",
    "trackName" : "Guilty Party",
    "msPlayed" : 189433
  },
  {
    "endTime" : "2021-11-21 18:58",
    "artistName" : "6host",
    "trackName" : "Borderline",
    "msPlayed" : 189771
  },
  {
    "endTime" : "2021-11-21 19:53",
    "artistName" : "COIN",
    "trackName" : "Dream House",
    "msPlayed" : 184604
  },
  {
    "endTime" : "2021-11-21 22:14",
    "artistName" : "Maeckes",
    "trackName" : "Stoik & Grandezza",
    "msPlayed" : 4200
  },
  {
    "endTime" : "2021-11-21 22:19",
    "artistName" : "Maeckes",
    "trackName" : "Stoik & Grandezza",
    "msPlayed" : 169774
  },
  {
    "endTime" : "2021-11-21 22:26",
    "artistName" : "Maeckes",
    "trackName" : "1234",
    "msPlayed" : 204493
  },
  {
    "endTime" : "2021-11-21 22:27",
    "artistName" : "Maeckes",
    "trackName" : "Wie es die Maschinen tun",
    "msPlayed" : 2905
  },
  {
    "endTime" : "2021-11-21 22:27",
    "artistName" : "Maeckes",
    "trackName" : "Emilia",
    "msPlayed" : 13090
  },
  {
    "endTime" : "2021-11-21 22:31",
    "artistName" : "Maeckes",
    "trackName" : "Am Pool",
    "msPlayed" : 2192
  },
  {
    "endTime" : "2021-11-21 22:31",
    "artistName" : "Maeckes",
    "trackName" : "Swimmingpoolaugen",
    "msPlayed" : 255346
  },
  {
    "endTime" : "2021-11-21 22:31",
    "artistName" : "Maeckes",
    "trackName" : "Zu sensibel",
    "msPlayed" : 4579
  },
  {
    "endTime" : "2021-11-21 22:35",
    "artistName" : "Maeckes",
    "trackName" : "Pik",
    "msPlayed" : 209306
  },
  {
    "endTime" : "2021-11-21 22:37",
    "artistName" : "Maeckes",
    "trackName" : "世の終わり",
    "msPlayed" : 3836
  },
  {
    "endTime" : "2021-11-22 11:43",
    "artistName" : "Die Orsons",
    "trackName" : "Sowas von egal",
    "msPlayed" : 3214
  },
  {
    "endTime" : "2021-11-22 11:43",
    "artistName" : "Mulay",
    "trackName" : "Incomplete",
    "msPlayed" : 45384
  },
  {
    "endTime" : "2021-11-22 11:54",
    "artistName" : "Die Orsons",
    "trackName" : "Nimm's leicht",
    "msPlayed" : 73760
  },
  {
    "endTime" : "2021-11-22 18:29",
    "artistName" : "Thunder Jackson",
    "trackName" : "Guilty Party",
    "msPlayed" : 508
  },
  {
    "endTime" : "2021-11-22 18:38",
    "artistName" : "Thunder Jackson",
    "trackName" : "Guilty Party",
    "msPlayed" : 189436
  },
  {
    "endTime" : "2021-11-22 18:42",
    "artistName" : "6host",
    "trackName" : "Borderline",
    "msPlayed" : 189880
  },
  {
    "endTime" : "2021-11-22 19:09",
    "artistName" : "Leyya",
    "trackName" : "I've Been Down",
    "msPlayed" : 413
  },
  {
    "endTime" : "2021-11-22 19:09",
    "artistName" : "Herizen",
    "trackName" : "Hellboy",
    "msPlayed" : 114621
  },
  {
    "endTime" : "2021-11-22 19:12",
    "artistName" : "John Mayer",
    "trackName" : "Last Train Home",
    "msPlayed" : 187111
  },
  {
    "endTime" : "2021-11-22 19:16",
    "artistName" : "John Mayer",
    "trackName" : "Shouldn't Matter but It Does",
    "msPlayed" : 236462
  },
  {
    "endTime" : "2021-11-22 19:20",
    "artistName" : "John Mayer",
    "trackName" : "New Light",
    "msPlayed" : 217323
  },
  {
    "endTime" : "2021-11-22 19:24",
    "artistName" : "John Mayer",
    "trackName" : "Why You No Love Me",
    "msPlayed" : 254974
  },
  {
    "endTime" : "2021-11-22 19:28",
    "artistName" : "John Mayer",
    "trackName" : "Wild Blue",
    "msPlayed" : 252222
  },
  {
    "endTime" : "2021-11-23 07:31",
    "artistName" : "Giant Rooks",
    "trackName" : "What I Know Is All Quicksand - rookery live tapes",
    "msPlayed" : 3880
  },
  {
    "endTime" : "2021-11-23 07:32",
    "artistName" : "Giant Rooks",
    "trackName" : "What I Know Is All Quicksand - rookery live tapes",
    "msPlayed" : 26960
  },
  {
    "endTime" : "2021-11-23 07:36",
    "artistName" : "Giant Rooks",
    "trackName" : "The Birth of Worlds",
    "msPlayed" : 239018
  },
  {
    "endTime" : "2021-11-23 07:39",
    "artistName" : "Giant Rooks",
    "trackName" : "Watershed",
    "msPlayed" : 218533
  },
  {
    "endTime" : "2021-11-23 07:42",
    "artistName" : "Giant Rooks",
    "trackName" : "Heat Up",
    "msPlayed" : 182920
  },
  {
    "endTime" : "2021-11-23 07:47",
    "artistName" : "Giant Rooks",
    "trackName" : "Very Soon You'll See",
    "msPlayed" : 247917
  },
  {
    "endTime" : "2021-11-23 07:50",
    "artistName" : "Giant Rooks",
    "trackName" : "Rainfalls",
    "msPlayed" : 188961
  },
  {
    "endTime" : "2021-11-23 07:58",
    "artistName" : "John Mayer",
    "trackName" : "Shot in the Dark",
    "msPlayed" : 61554
  },
  {
    "endTime" : "2021-11-23 08:02",
    "artistName" : "Giant Rooks",
    "trackName" : "Misinterpretations",
    "msPlayed" : 278329
  },
  {
    "endTime" : "2021-12-10 16:07",
    "artistName" : "JAY-Z",
    "trackName" : "Empire State Of Mind",
    "msPlayed" : 26036
  },
  {
    "endTime" : "2021-12-10 16:07",
    "artistName" : "JAY-Z",
    "trackName" : "Holy Grail",
    "msPlayed" : 3350
  },
  {
    "endTime" : "2021-12-10 16:08",
    "artistName" : "KYLE",
    "trackName" : "Don't Wanna Fall In Love",
    "msPlayed" : 32232
  },
  {
    "endTime" : "2021-12-10 16:08",
    "artistName" : "Mura Masa",
    "trackName" : "2gether",
    "msPlayed" : 0
  },
  {
    "endTime" : "2021-12-10 16:08",
    "artistName" : "Mura Masa",
    "trackName" : "2gether",
    "msPlayed" : 19
  },
  {
    "endTime" : "2021-12-10 16:11",
    "artistName" : "Mura Masa",
    "trackName" : "2gether",
    "msPlayed" : 135131
  },
  {
    "endTime" : "2021-12-10 16:17",
    "artistName" : "Jugglerz",
    "trackName" : "Haus am See",
    "msPlayed" : 197162
  },
  {
    "endTime" : "2021-12-10 16:38",
    "artistName" : "Die Orsons",
    "trackName" : "Kapitel I",
    "msPlayed" : 14948
  },
  {
    "endTime" : "2021-12-10 16:43",
    "artistName" : "Miguel",
    "trackName" : "Sky Walker (feat. Travis Scott)",
    "msPlayed" : 259333
  },
  {
    "endTime" : "2021-12-10 16:47",
    "artistName" : "AJ Tracey",
    "trackName" : "Ladbroke Grove",
    "msPlayed" : 190537
  },
  {
    "endTime" : "2021-12-10 16:50",
    "artistName" : "Russ",
    "trackName" : "NIGHTTIME (Interlude)",
    "msPlayed" : 189866
  },
  {
    "endTime" : "2021-12-10 19:21",
    "artistName" : "Miguel",
    "trackName" : "Come Through and Chill (feat. J. Cole & Salaam Remi)",
    "msPlayed" : 322000
  },
  {
    "endTime" : "2021-12-10 19:26",
    "artistName" : "Daniel Caesar",
    "trackName" : "Get You (feat. Kali Uchis)",
    "msPlayed" : 278179
  },
  {
    "endTime" : "2021-12-10 19:30",
    "artistName" : "Reo Cragun",
    "trackName" : "In Too Deep",
    "msPlayed" : 226901
  },
  {
    "endTime" : "2021-12-11 10:42",
    "artistName" : "SG Lewis",
    "trackName" : "Feed The Fire (feat. Lucky Daye)",
    "msPlayed" : 29314
  },
  {
    "endTime" : "2021-12-11 14:23",
    "artistName" : "The Neighbourhood",
    "trackName" : "Sweater Weather",
    "msPlayed" : 239690
  },
  {
    "endTime" : "2021-12-11 14:26",
    "artistName" : "Powfu",
    "trackName" : "snowflake (feat. Jaden & Sarcastic Sounds)",
    "msPlayed" : 187444
  },
  {
    "endTime" : "2021-12-11 14:27",
    "artistName" : "blackbear",
    "trackName" : "idfc",
    "msPlayed" : 75694
  },
  {
    "endTime" : "2021-12-11 14:28",
    "artistName" : "Powfu",
    "trackName" : "snowflake (feat. Jaden & Sarcastic Sounds)",
    "msPlayed" : 37183
  },
  {
    "endTime" : "2021-12-11 14:31",
    "artistName" : "SZA",
    "trackName" : "I Hate U",
    "msPlayed" : 173952
  },
  {
    "endTime" : "2021-12-11 14:42",
    "artistName" : "AJR",
    "trackName" : "The Good Part",
    "msPlayed" : 784
  },
  {
    "endTime" : "2021-12-11 14:45",
    "artistName" : "The Neighbourhood",
    "trackName" : "Daddy Issues",
    "msPlayed" : 128386
  },
  {
    "endTime" : "2021-12-11 14:47",
    "artistName" : "JBee",
    "trackName" : "4am",
    "msPlayed" : 8729
  },
  {
    "endTime" : "2021-12-16 12:58",
    "artistName" : "Tom Odell",
    "trackName" : "numb (feat. Zaia)",
    "msPlayed" : 12006
  },
  {
    "endTime" : "2021-12-16 14:07",
    "artistName" : "Benji.",
    "trackName" : "Shake",
    "msPlayed" : 63751
  },
  {
    "endTime" : "2021-12-16 14:39",
    "artistName" : "Snky Bnz",
    "trackName" : "For the Stars",
    "msPlayed" : 102660
  },
  {
    "endTime" : "2021-12-16 14:42",
    "artistName" : "Snky Bnz",
    "trackName" : "Lonely Road",
    "msPlayed" : 228527
  },
  {
    "endTime" : "2021-12-16 14:45",
    "artistName" : "Snky Bnz",
    "trackName" : "The Simple Things",
    "msPlayed" : 137804
  },
  {
    "endTime" : "2021-12-16 14:47",
    "artistName" : "Snky Bnz",
    "trackName" : "Redirect",
    "msPlayed" : 126751
  },
  {
    "endTime" : "2021-12-16 14:49",
    "artistName" : "Snky Bnz",
    "trackName" : "Who We Are",
    "msPlayed" : 111019
  },
  {
    "endTime" : "2021-12-16 14:53",
    "artistName" : "Snky Bnz",
    "trackName" : "The Broken Man",
    "msPlayed" : 245615
  },
  {
    "endTime" : "2021-12-16 19:07",
    "artistName" : "Snky Bnz",
    "trackName" : "Inward",
    "msPlayed" : 106340
  },
  {
    "endTime" : "2021-12-19 17:14",
    "artistName" : "CAL",
    "trackName" : "In the Water - MASS AVE Remix",
    "msPlayed" : 5626
  },
  {
    "endTime" : "2021-12-19 17:14",
    "artistName" : "Alicia Keys",
    "trackName" : "Come For Me (Unlocked) (feat. Khalid & Lucky Daye)",
    "msPlayed" : 5404
  },
  {
    "endTime" : "2021-12-20 07:55",
    "artistName" : "Marc E. Bassy",
    "trackName" : "Feel Different",
    "msPlayed" : 207783
  },
  {
    "endTime" : "2021-12-20 07:58",
    "artistName" : "Marc E. Bassy",
    "trackName" : "Trouble",
    "msPlayed" : 182608
  },
  {
    "endTime" : "2021-12-20 08:02",
    "artistName" : "Marc E. Bassy",
    "trackName" : "Bowie",
    "msPlayed" : 281366
  },
  {
    "endTime" : "2021-12-20 08:04",
    "artistName" : "Marc E. Bassy",
    "trackName" : "Dying Breed",
    "msPlayed" : 120697
  },
  {
    "endTime" : "2021-12-20 08:08",
    "artistName" : "Marc E. Bassy",
    "trackName" : "Nothing in This World",
    "msPlayed" : 226998
  },
  {
    "endTime" : "2021-12-20 08:12",
    "artistName" : "Marc E. Bassy",
    "trackName" : "Free Like Me",
    "msPlayed" : 206226
  },
  {
    "endTime" : "2021-12-20 08:14",
    "artistName" : "Marc E. Bassy",
    "trackName" : "Kills Me",
    "msPlayed" : 120428
  },
  {
    "endTime" : "2021-12-20 08:17",
    "artistName" : "Marc E. Bassy",
    "trackName" : "Future Love",
    "msPlayed" : 221434
  },
  {
    "endTime" : "2021-12-20 08:29",
    "artistName" : "Marc E. Bassy",
    "trackName" : "Dreaming",
    "msPlayed" : 210266
  },
  {
    "endTime" : "2021-12-20 08:33",
    "artistName" : "Marc E. Bassy",
    "trackName" : "No Perfect Time",
    "msPlayed" : 227169
  },
  {
    "endTime" : "2021-12-20 08:36",
    "artistName" : "Marc E. Bassy",
    "trackName" : "Closer",
    "msPlayed" : 217745
  },
  {
    "endTime" : "2021-12-20 08:40",
    "artistName" : "Marc E. Bassy",
    "trackName" : "Click Track",
    "msPlayed" : 200280
  },
  {
    "endTime" : "2021-12-20 08:43",
    "artistName" : "Marc E. Bassy",
    "trackName" : "Tell Me Lies",
    "msPlayed" : 206635
  },
  {
    "endTime" : "2021-12-20 08:48",
    "artistName" : "Marc E. Bassy",
    "trackName" : "Atmosphere",
    "msPlayed" : 270216
  },
  {
    "endTime" : "2021-12-20 08:50",
    "artistName" : "Marc E. Bassy",
    "trackName" : "Crash for a Couple",
    "msPlayed" : 169620
  },
  {
    "endTime" : "2021-12-20 10:02",
    "artistName" : "Kota the Friend",
    "trackName" : "Full Bloom",
    "msPlayed" : 2680
  },
  {
    "endTime" : "2021-12-20 10:04",
    "artistName" : "Mac Miller",
    "trackName" : "Circles",
    "msPlayed" : 170360
  },
  {
    "endTime" : "2021-12-20 10:08",
    "artistName" : "Mac Miller",
    "trackName" : "Complicated",
    "msPlayed" : 232211
  },
  {
    "endTime" : "2021-12-20 10:12",
    "artistName" : "Mac Miller",
    "trackName" : "Blue World",
    "msPlayed" : 209440
  },
  {
    "endTime" : "2021-12-20 10:17",
    "artistName" : "Mac Miller",
    "trackName" : "Good News",
    "msPlayed" : 342040
  },
  {
    "endTime" : "2021-12-20 10:21",
    "artistName" : "Mac Miller",
    "trackName" : "I Can See",
    "msPlayed" : 220853
  },
  {
    "endTime" : "2021-12-20 10:25",
    "artistName" : "Mac Miller",
    "trackName" : "Everybody",
    "msPlayed" : 256506
  },
  {
    "endTime" : "2021-12-20 11:09",
    "artistName" : "Nina Chuba",
    "trackName" : "Neben mir",
    "msPlayed" : 166421
  },
  {
    "endTime" : "2021-12-20 11:12",
    "artistName" : "Nina Chuba",
    "trackName" : "Alles gleich",
    "msPlayed" : 173629
  },
  {
    "endTime" : "2021-12-20 11:25",
    "artistName" : "Mac Miller",
    "trackName" : "Woods",
    "msPlayed" : 254348
  },
  {
    "endTime" : "2021-12-20 11:55",
    "artistName" : "CRO",
    "trackName" : "EASY X FELIX JAEHN REMIX",
    "msPlayed" : 120360
  },
  {
    "endTime" : "2021-12-20 12:06",
    "artistName" : "CRO",
    "trackName" : "EASY X LAMBERT REWORK",
    "msPlayed" : 19361
  }
]
