[
  {
    "endTime" : "2022-02-09 00:22",
    "artistName" : "The Weeknd",
    "trackName" : "Call Out My Name",
    "msPlayed" : 228373
  },
  {
    "endTime" : "2022-02-09 00:25",
    "artistName" : "The Weeknd",
    "trackName" : "Try Me",
    "msPlayed" : 221106
  },
  {
    "endTime" : "2022-02-09 00:29",
    "artistName" : "The Weeknd",
    "trackName" : "Wasted Times",
    "msPlayed" : 220293
  },
  {
    "endTime" : "2022-02-09 00:31",
    "artistName" : "The Weeknd",
    "trackName" : "I Was Never There",
    "msPlayed" : 107655
  },
  {
    "endTime" : "2022-02-09 13:34",
    "artistName" : "J. Cole",
    "trackName" : "Intro",
    "msPlayed" : 82566
  },
  {
    "endTime" : "2022-02-09 13:39",
    "artistName" : "J. Cole",
    "trackName" : "Dollar And A Dream III",
    "msPlayed" : 282996
  },
  {
    "endTime" : "2022-02-09 13:43",
    "artistName" : "J. Cole",
    "trackName" : "Can't Get Enough",
    "msPlayed" : 225765
  },
  {
    "endTime" : "2022-02-09 13:46",
    "artistName" : "J. Cole",
    "trackName" : "Lights Please",
    "msPlayed" : 207887
  },
  {
    "endTime" : "2022-02-09 13:48",
    "artistName" : "J. Cole",
    "trackName" : "Interlude",
    "msPlayed" : 99488
  },
  {
    "endTime" : "2022-02-09 15:11",
    "artistName" : "J. Cole",
    "trackName" : "Sideline Story",
    "msPlayed" : 237686
  },
  {
    "endTime" : "2022-02-09 15:15",
    "artistName" : "J. Cole",
    "trackName" : "Mr. Nice Watch",
    "msPlayed" : 237907
  },
  {
    "endTime" : "2022-02-09 15:18",
    "artistName" : "J. Cole",
    "trackName" : "Cole World",
    "msPlayed" : 184551
  },
  {
    "endTime" : "2022-02-09 15:22",
    "artistName" : "J. Cole",
    "trackName" : "In The Morning",
    "msPlayed" : 234359
  },
  {
    "endTime" : "2022-02-09 15:26",
    "artistName" : "J. Cole",
    "trackName" : "Lost Ones",
    "msPlayed" : 263590
  },
  {
    "endTime" : "2022-02-09 15:29",
    "artistName" : "J. Cole",
    "trackName" : "Nobody's Perfect",
    "msPlayed" : 189991
  },
  {
    "endTime" : "2022-02-09 15:33",
    "artistName" : "J. Cole",
    "trackName" : "Never Told",
    "msPlayed" : 211450
  },
  {
    "endTime" : "2022-02-09 16:50",
    "artistName" : "J. Cole",
    "trackName" : "Rise and Shine",
    "msPlayed" : 274814
  },
  {
    "endTime" : "2022-02-09 16:53",
    "artistName" : "J. Cole",
    "trackName" : "God's Gift",
    "msPlayed" : 212524
  },
  {
    "endTime" : "2022-02-09 16:58",
    "artistName" : "J. Cole",
    "trackName" : "Breakdown",
    "msPlayed" : 285085
  },
  {
    "endTime" : "2022-02-09 17:02",
    "artistName" : "J. Cole",
    "trackName" : "Work Out",
    "msPlayed" : 235249
  },
  {
    "endTime" : "2022-02-09 17:05",
    "artistName" : "J. Cole",
    "trackName" : "I Really Mean It - Freestyle",
    "msPlayed" : 176763
  },
  {
    "endTime" : "2022-02-09 17:08",
    "artistName" : "J. Cole",
    "trackName" : "Knock on Wood - Freestyle",
    "msPlayed" : 133611
  },
  {
    "endTime" : "2022-02-09 17:10",
    "artistName" : "J. Cole",
    "trackName" : "Shook Ones - Freestyle",
    "msPlayed" : 106926
  },
  {
    "endTime" : "2022-02-09 17:13",
    "artistName" : "J. Cole",
    "trackName" : "Premeditated Murder",
    "msPlayed" : 234945
  },
  {
    "endTime" : "2022-02-09 17:17",
    "artistName" : "J. Cole",
    "trackName" : "The Last Stretch",
    "msPlayed" : 211574
  },
  {
    "endTime" : "2022-02-09 17:21",
    "artistName" : "J. Cole",
    "trackName" : "In the Morning",
    "msPlayed" : 224598
  },
  {
    "endTime" : "2022-02-09 20:34",
    "artistName" : "Cautious Clay",
    "trackName" : "High Risk Travel",
    "msPlayed" : 115392
  },
  {
    "endTime" : "2022-02-09 20:35",
    "artistName" : "Cautious Clay",
    "trackName" : "Shook",
    "msPlayed" : 53103
  },
  {
    "endTime" : "2022-02-09 20:38",
    "artistName" : "Cautious Clay",
    "trackName" : "Karma & Friends",
    "msPlayed" : 165306
  },
  {
    "endTime" : "2022-02-09 20:41",
    "artistName" : "Cautious Clay",
    "trackName" : "Strange Love",
    "msPlayed" : 199952
  },
  {
    "endTime" : "2022-02-09 20:44",
    "artistName" : "Cautious Clay",
    "trackName" : "Box of Bones",
    "msPlayed" : 134915
  },
  {
    "endTime" : "2022-02-09 20:55",
    "artistName" : "Cautious Clay",
    "trackName" : "Agreeable",
    "msPlayed" : 81665
  },
  {
    "endTime" : "2022-02-22 06:09",
    "artistName" : "Twenty One Pilots",
    "trackName" : "Levitate",
    "msPlayed" : 1827
  },
  {
    "endTime" : "2022-02-22 06:14",
    "artistName" : "Twenty One Pilots",
    "trackName" : "Morph",
    "msPlayed" : 258853
  },
  {
    "endTime" : "2022-02-22 06:17",
    "artistName" : "Twenty One Pilots",
    "trackName" : "My Blood",
    "msPlayed" : 229120
  },
  {
    "endTime" : "2022-02-22 06:23",
    "artistName" : "Twenty One Pilots",
    "trackName" : "Smithereens",
    "msPlayed" : 9104
  },
  {
    "endTime" : "2022-02-22 06:23",
    "artistName" : "Twenty One Pilots",
    "trackName" : "Chlorine",
    "msPlayed" : 324466
  },
  {
    "endTime" : "2022-02-22 06:27",
    "artistName" : "Twenty One Pilots",
    "trackName" : "Neon Gravestones",
    "msPlayed" : 240266
  },
  {
    "endTime" : "2022-02-22 06:31",
    "artistName" : "Twenty One Pilots",
    "trackName" : "The Hype",
    "msPlayed" : 265373
  },
  {
    "endTime" : "2022-02-22 06:35",
    "artistName" : "Twenty One Pilots",
    "trackName" : "Nico and the Niners",
    "msPlayed" : 204636
  },
  {
    "endTime" : "2022-02-22 06:35",
    "artistName" : "Twenty One Pilots",
    "trackName" : "Nico and the Niners",
    "msPlayed" : 21367
  },
  {
    "endTime" : "2022-02-23 13:57",
    "artistName" : "Mac Miller",
    "trackName" : "Friends (feat. ScHoolboy Q)",
    "msPlayed" : 6600
  },
  {
    "endTime" : "2022-02-23 14:06",
    "artistName" : "Mac Miller",
    "trackName" : "Friends (feat. ScHoolboy Q)",
    "msPlayed" : 398454
  },
  {
    "endTime" : "2022-02-23 14:10",
    "artistName" : "Mac Miller",
    "trackName" : "Friends (feat. ScHoolboy Q)",
    "msPlayed" : 305891
  },
  {
    "endTime" : "2022-02-23 14:23",
    "artistName" : "Mac Miller",
    "trackName" : "Angel Dust",
    "msPlayed" : 130238
  },
  {
    "endTime" : "2022-02-23 14:23",
    "artistName" : "Mac Miller",
    "trackName" : "Angel Dust",
    "msPlayed" : 92288
  },
  {
    "endTime" : "2022-02-23 14:27",
    "artistName" : "Mac Miller",
    "trackName" : "Malibu",
    "msPlayed" : 211552
  },
  {
    "endTime" : "2022-02-23 14:30",
    "artistName" : "Mac Miller",
    "trackName" : "What Do You Do (feat. Sir Michael Rocks)",
    "msPlayed" : 232308
  },
  {
    "endTime" : "2022-02-23 14:34",
    "artistName" : "Mac Miller",
    "trackName" : "It Just Doesn’t Matter",
    "msPlayed" : 216533
  },
  {
    "endTime" : "2022-02-23 15:36",
    "artistName" : "Mac Miller",
    "trackName" : "Therapy",
    "msPlayed" : 248480
  },
  {
    "endTime" : "2022-02-23 15:39",
    "artistName" : "Mac Miller",
    "trackName" : "Polo Jeans (feat. Earl Sweatshirt)",
    "msPlayed" : 211616
  },
  {
    "endTime" : "2022-02-23 15:42",
    "artistName" : "Mac Miller",
    "trackName" : "Happy Birthday",
    "msPlayed" : 168731
  },
  {
    "endTime" : "2022-02-23 15:46",
    "artistName" : "Mac Miller",
    "trackName" : "Wedding",
    "msPlayed" : 229665
  },
  {
    "endTime" : "2022-02-23 16:55",
    "artistName" : "Mac Miller",
    "trackName" : "Funeral",
    "msPlayed" : 223802
  },
  {
    "endTime" : "2022-02-23 16:59",
    "artistName" : "Mac Miller",
    "trackName" : "Diablo",
    "msPlayed" : 197937
  },
  {
    "endTime" : "2022-02-23 17:02",
    "artistName" : "Mac Miller",
    "trackName" : "Ave Maria",
    "msPlayed" : 175584
  },
  {
    "endTime" : "2022-02-23 17:03",
    "artistName" : "Mac Miller",
    "trackName" : "55",
    "msPlayed" : 52476
  },
  {
    "endTime" : "2022-02-23 17:05",
    "artistName" : "Mac Miller",
    "trackName" : "San Francisco",
    "msPlayed" : 164228
  },
  {
    "endTime" : "2022-02-23 17:35",
    "artistName" : "Mac Miller",
    "trackName" : "Colors and Shapes",
    "msPlayed" : 206451
  },
  {
    "endTime" : "2022-02-23 17:37",
    "artistName" : "Twenty One Pilots",
    "trackName" : "The Hype - Berlin",
    "msPlayed" : 144116
  },
  {
    "endTime" : "2022-02-24 15:56",
    "artistName" : "Snky Bnz",
    "trackName" : "The Broken Man",
    "msPlayed" : 6154
  },
  {
    "endTime" : "2022-02-24 15:56",
    "artistName" : "Snky Bnz",
    "trackName" : "Made For This",
    "msPlayed" : 149717
  },
  {
    "endTime" : "2022-02-24 15:59",
    "artistName" : "Labrinth",
    "trackName" : "No Ordinary",
    "msPlayed" : 165
  },
  {
    "endTime" : "2022-02-24 15:59",
    "artistName" : "Labrinth",
    "trackName" : "Yeh I Fuckin' Did It - From \"Euphoria\" An HBO Original Series",
    "msPlayed" : 131720
  },
  {
    "endTime" : "2022-02-24 16:36",
    "artistName" : "Twenty One Pilots",
    "trackName" : "Jumpsuit",
    "msPlayed" : 238308
  },
  {
    "endTime" : "2022-02-24 16:42",
    "artistName" : "Twenty One Pilots",
    "trackName" : "Levitate",
    "msPlayed" : 145752
  },
  {
    "endTime" : "2022-02-24 16:53",
    "artistName" : "Twenty One Pilots",
    "trackName" : "Morph",
    "msPlayed" : 258726
  },
  {
    "endTime" : "2022-02-24 16:57",
    "artistName" : "Twenty One Pilots",
    "trackName" : "My Blood",
    "msPlayed" : 229086
  },
  {
    "endTime" : "2022-02-24 17:02",
    "artistName" : "Twenty One Pilots",
    "trackName" : "Chlorine",
    "msPlayed" : 324403
  },
  {
    "endTime" : "2022-02-24 17:05",
    "artistName" : "Twenty One Pilots",
    "trackName" : "Smithereens",
    "msPlayed" : 176970
  },
  {
    "endTime" : "2022-02-24 17:09",
    "artistName" : "Twenty One Pilots",
    "trackName" : "Neon Gravestones",
    "msPlayed" : 239952
  },
  {
    "endTime" : "2022-02-24 17:18",
    "artistName" : "Twenty One Pilots",
    "trackName" : "The Hype",
    "msPlayed" : 265207
  },
  {
    "endTime" : "2022-02-24 17:22",
    "artistName" : "Twenty One Pilots",
    "trackName" : "Nico and the Niners",
    "msPlayed" : 225041
  },
  {
    "endTime" : "2022-02-24 17:27",
    "artistName" : "Twenty One Pilots",
    "trackName" : "Cut My Lip",
    "msPlayed" : 282457
  },
  {
    "endTime" : "2022-02-24 17:32",
    "artistName" : "Twenty One Pilots",
    "trackName" : "Bandito",
    "msPlayed" : 329832
  },
  {
    "endTime" : "2022-02-24 17:36",
    "artistName" : "Twenty One Pilots",
    "trackName" : "Pet Cheetah",
    "msPlayed" : 198315
  },
  {
    "endTime" : "2022-02-24 17:39",
    "artistName" : "Twenty One Pilots",
    "trackName" : "Legend",
    "msPlayed" : 172345
  },
  {
    "endTime" : "2022-02-24 18:01",
    "artistName" : "Twenty One Pilots",
    "trackName" : "Leave the City",
    "msPlayed" : 279862
  },
  {
    "endTime" : "2022-02-24 18:01",
    "artistName" : "Twenty One Pilots",
    "trackName" : "Shy Away",
    "msPlayed" : 7842
  },
  {
    "endTime" : "2022-02-24 18:01",
    "artistName" : "Twenty One Pilots",
    "trackName" : "Good Day",
    "msPlayed" : 583
  },
  {
    "endTime" : "2022-02-24 18:05",
    "artistName" : "Twenty One Pilots",
    "trackName" : "Shy Away",
    "msPlayed" : 3972
  },
  {
    "endTime" : "2022-02-24 18:05",
    "artistName" : "Twenty One Pilots",
    "trackName" : "Choker",
    "msPlayed" : 222880
  },
  {
    "endTime" : "2022-02-24 18:09",
    "artistName" : "Twenty One Pilots",
    "trackName" : "The Outside",
    "msPlayed" : 216660
  },
  {
    "endTime" : "2022-02-24 18:12",
    "artistName" : "Twenty One Pilots",
    "trackName" : "Saturday",
    "msPlayed" : 172133
  },
  {
    "endTime" : "2022-02-24 18:15",
    "artistName" : "Twenty One Pilots",
    "trackName" : "Never Take It",
    "msPlayed" : 212681
  },
  {
    "endTime" : "2022-02-24 18:19",
    "artistName" : "Twenty One Pilots",
    "trackName" : "Mulberry Street",
    "msPlayed" : 224273
  },
  {
    "endTime" : "2022-02-24 18:22",
    "artistName" : "Twenty One Pilots",
    "trackName" : "Formidable",
    "msPlayed" : 176301
  },
  {
    "endTime" : "2022-02-24 18:25",
    "artistName" : "Twenty One Pilots",
    "trackName" : "Bounce Man",
    "msPlayed" : 185450
  },
  {
    "endTime" : "2022-02-24 18:29",
    "artistName" : "Twenty One Pilots",
    "trackName" : "No Chances",
    "msPlayed" : 226309
  },
  {
    "endTime" : "2022-02-24 22:21",
    "artistName" : "Rakede",
    "trackName" : "Nimmst du mich mit",
    "msPlayed" : 14907
  },
  {
    "endTime" : "2022-02-24 22:25",
    "artistName" : "Rakede",
    "trackName" : "Nimmst du mich mit",
    "msPlayed" : 233746
  }
]
