{
  "tracks": [
    {
      "artist": "Khalid",
      "album": "Black Panther The Album Music From And Inspired By",
      "track": "The Ways (with Swae Lee)",
      "uri": "spotify:track:5jyyPsIGM2yqkZN9R3TmvN"
    },
    {
      "artist": "Steve Lacy",
      "album": "Gemini Rights",
      "track": "Bad Habit",
      "uri": "spotify:track:4k6Uh1HXdhtusDW5y8Gbvy"
    }
  ],
  "albums": [
    {
      "artist": "AJR",
      "album": "OK ORCHESTRA",
      "uri": "spotify:album:7rbdgYKz1DI4gXMWveqS5T"
    },
    {
      "artist": "easy life",
      "album": "MAYBE IN ANOTHER LIFE...",
      "uri": "spotify:album:5vvbek95UXDUAbdeDArk7m"
    },
    {
      "artist": "Calvin Harris",
      "album": "Funk Wav Bounces Vol.1",
      "uri": "spotify:album:2HaqChIDc5go3qxVunBDK0"
    },
    {
      "artist": "Kendrick Lamar",
      "album": "DAMN.",
      "uri": "spotify:album:4eLPsYPBmXABThSJ821sqY"
    },
    {
      "artist": "Miwata",
      "album": "Nicht ohne Grund",
      "uri": "spotify:album:3tpxzRGZnj8C3GStzHed6i"
    },
    {
      "artist": "Mac Miller",
      "album": "Swimming",
      "uri": "spotify:album:5wtE5aLX5r7jOosmPhJhhk"
    },
    {
      "artist": "Kendrick Lamar",
      "album": "Mr. Morale & The Big Steppers",
      "uri": "spotify:album:1atjqOZTCdrjxjMyCPZc2g"
    },
    {
      "artist": "Twenty One Pilots",
      "album": "Vessel",
      "uri": "spotify:album:2r2r78NE05YjyHyVbVgqFn"
    },
    {
      "artist": "Mac Miller",
      "album": "Faces",
      "uri": "spotify:album:5SKnXCvB4fcGSZu32o3LRY"
    },
    {
      "artist": "Drake",
      "album": "More Life",
      "uri": "spotify:album:1lXY618HWkwYKJWBRYR4MK"
    },
    {
      "artist": "Mac Miller",
      "album": "The Divine Feminine",
      "uri": "spotify:album:6f6tko6NWoH00cyFOl4VYQ"
    }
  ],
  "shows": [
  ],
  "episodes": [
  ],
  "bannedTracks": [
    {
      "artist": "Die Orsons",
      "album": "Orsons Island",
      "track": "Kapitel II",
      "uri": "spotify:track:2V6Ds240KeDbGbrGHPntEb"
    },
    {
      "artist": "Die Orsons",
      "album": "Orsons Island",
      "track": "Kapitel IV",
      "uri": "spotify:track:3xlntvzcCVHwOfVQ4Ms8Wk"
    },
    {
      "artist": "Big Sean",
      "album": "Detroit 2",
      "track": "Story By Stevie Wonder",
      "uri": "spotify:track:1j0zeOnQDq1gBNVnvY2FI2"
    },
    {
      "artist": "AJR",
      "album": "World's Smallest Violin",
      "track": "World's Smallest Violin - Sped Up",
      "uri": "spotify:track:4cQSzHmoR20W5Zf6rG0L3B"
    }
  ],
  "artists": [
    {
      "name": "6LACK",
      "uri": "spotify:artist:4IVAbR2w4JJNJDDRFP3E83"
    },
    {
      "name": "A$AP Ferg",
      "uri": "spotify:artist:5dHt1vcEm9qb8fCyLcB3HL"
    },
    {
      "name": "A$AP Rocky",
      "uri": "spotify:artist:13ubrt8QOOCPljQ2FL1Kca"
    },
    {
      "name": "AJR",
      "uri": "spotify:artist:6s22t5Y3prQHyaHWUN1R1C"
    },
    {
      "name": "Trettmann",
      "uri": "spotify:artist:6QzzeKV0VcnT2vJMYDPuL4"
    },
    {
      "name": "Tua",
      "uri": "spotify:artist:1GXnXJCevXK2b7qDAwdU5u"
    },
    {
      "name": "Twenty One Pilots",
      "uri": "spotify:artist:3YQKmKGau1PzlVlkL1iodx"
    },
    {
      "name": "Tyler, The Creator",
      "uri": "spotify:artist:4V8LLVI7PbaPR0K2TGSxFF"
    }
  ],
  "bannedArtists": [
    {
      "name": "Capital Bra",
      "uri": "spotify:artist:4WZGDpNwrC0vNQyl9QzF7d"
    },
    {
      "name": "Cardi B",
      "uri": "spotify:artist:4kYSro6naA4h99UJvo89HB"
    },
    {
      "name": "Rammstein",
      "uri": "spotify:artist:6wWVKhxIU2cEi0K81v7HvP"
    }
  ],
  "other": [
  ]
}
